patient_id,start_date,index_date,registered_start,registered_index,alive,sex,age,date_of_birth,imd,ethnicity,practice,stp,region,pf_consultation_general,pf_consultation_general_butno_condition,numerator_pf_event_uti,numerator_pf_consultation_uti,numerator_pf_date_uti,numerator_pf_event_sinusitis,numerator_pf_consultation_sinusitis,numerator_pf_date_sinusitis,numerator_pf_event_insectbite,numerator_pf_consultation_insectbite,numerator_pf_date_insectbite,numerator_pf_event_otitismedia,numerator_pf_consultation_otitismedia,numerator_pf_date_otitismedia,numerator_pf_event_sorethroat,numerator_pf_consultation_sorethroat,numerator_pf_date_sorethroat,numerator_pf_event_shingles,numerator_pf_consultation_shingles,numerator_pf_date_shingles,numerator_pf_event_impetigo,numerator_pf_consultation_impetigo,numerator_pf_date_impetigo,numerator_gp_event_uti,numerator_gp_consultation_uti,numerator_gp_date_uti,numerator_gp_event_sinusitis,numerator_gp_consultation_sinusitis,numerator_gp_date_sinusitis,numerator_gp_event_insectbite,numerator_gp_consultation_insectbite,numerator_gp_date_insectbite,numerator_gp_event_otitismedia,numerator_gp_consultation_otitismedia,numerator_gp_date_otitismedia,numerator_gp_event_sorethroat,numerator_gp_consultation_sorethroat,numerator_gp_date_sorethroat,numerator_gp_event_shingles,numerator_gp_consultation_shingles,numerator_gp_date_shingles,numerator_gp_event_impetigo,numerator_gp_consultation_impetigo,numerator_gp_date_impetigo,numerator_gp_event_insectbite_strict,numerator_gp_consultation_insectbite_strict,numerator_gp_date_insectbite_strict,numerator_gp_event_insectbite_all,numerator_gp_consultation_insectbite_all,numerator_gp_date_insectbite_all,numerator_gp_event_cellulitis_only,numerator_gp_consultation_cellulitis_only,numerator_gp_date_cellulitis_only,numerator_gp_event_insectbite_strict_or_all,numerator_gp_consultation_insectbite_strict_or_all,numerator_gp_date_insectbite_strict_or_all,numerator_gp_event_lowerbackpain,numerator_gp_consultation_lowerbackpain,numerator_gp_date_lowerbackpain,numerator_gp_event_insectbite_all_plus_cellulitis,numerator_gp_consultation_insectbite_all_plus_cellulitis,numerator_gp_date_insectbite_all_plus_cellulitis,numerator_gp_event_insectbite_strict_or_all_plus_cellulitis,numerator_gp_consultation_insectbite_strict_or_all_plus_cellulitis,numerator_gp_date_insectbite_strict_or_all_plus_cellulitis,pregnancy_end_recent,pregnancy_end,pregnancy_edd,pregnancy_code,pregnant,pregnant_this_month,bullous_impetigo_last_month,recurrent_impetigo_12m,catheter_12m,recurrent_uti_6m,recurrent_uti_12m,recurrent_uti,include_patient_otitis_media,include_patient_sinusitis,include_patient_sore_throat,include_patient_insect_bites,include_patient_shingles,include_patient_impetigo,include_patient_uuti,include_patient_overall_eligible,ae_attendance_count,ae_uti_primary_count,has_ae_uti_non_primary,ae_sinusitis_primary_count,has_ae_sinusitis_non_primary,ae_insectbite_primary_count,has_ae_insectbite_non_primary,ae_otitismedia_primary_count,has_ae_otitismedia_non_primary,ae_sorethroat_primary_count,has_ae_sorethroat_non_primary,ae_shingles_primary_count,has_ae_shingles_non_primary,ae_impetigo_primary_count,has_ae_impetigo_non_primary,ae_insectbite_strict_primary_count,has_ae_insectbite_strict_non_primary,ae_insectbite_all_primary_count,has_ae_insectbite_all_non_primary,ae_cellulitis_only_primary_count,has_ae_cellulitis_only_non_primary,ae_insectbite_strict_or_all_primary_count,has_ae_insectbite_strict_or_all_non_primary,ae_lowerbackpain_primary_count,has_ae_lowerbackpain_non_primary,appointment_scheduled,appointment_seen,numerator_gp_event_pyelonephritis,numerator_gp_consultation_pyelonephritis,numerator_gp_event_sepsis,numerator_gp_consultation_sepsis,numerator_gp_event_cellulitis_insectbite,numerator_gp_consultation_cellulitis_insectbite,numerator_gp_event_cellulitis_impetigo,numerator_gp_consultation_cellulitis_impetigo,numerator_gp_event_quinsy,numerator_gp_consultation_quinsy,numerator_gp_event_post_herpetic_neuralgia,numerator_gp_consultation_post_herpetic_neuralgia,numerator_gp_event_mastoiditis,numerator_gp_consultation_mastoiditis,numerator_gp_event_meningitis_sinusitis,numerator_gp_consultation_meningitis_sinusitis,numerator_gp_event_meningitis_om,numerator_gp_consultation_meningitis_om,numerator_gp_event_intracranial_abscess,numerator_gp_consultation_intracranial_abscess,numerator_gp_event_sinus_thrombosis_om,numerator_gp_consultation_sinus_thrombosis_om,numerator_gp_event_sinus_thrombosis_sinusitis,numerator_gp_consultation_sinus_thrombosis_sinusitis,numerator_gp_event_facial_nerve_paralysis,numerator_gp_consultation_facial_nerve_paralysis,numerator_ae_primary_pyelonephritis,numerator_ae_non_primary_pyelonephritis,numerator_ae_primary_sepsis,numerator_ae_non_primary_sepsis,numerator_ae_primary_cellulitis_insectbite,numerator_ae_non_primary_cellulitis_insectbite,numerator_ae_primary_cellulitis_impetigo,numerator_ae_non_primary_cellulitis_impetigo,numerator_ae_primary_quinsy,numerator_ae_non_primary_quinsy,numerator_ae_primary_post_herpetic_neuralgia,numerator_ae_non_primary_post_herpetic_neuralgia,numerator_ae_primary_mastoiditis,numerator_ae_non_primary_mastoiditis,numerator_ae_primary_meningitis_sinusitis,numerator_ae_non_primary_meningitis_sinusitis,numerator_ae_primary_meningitis_om,numerator_ae_non_primary_meningitis_om,numerator_ae_primary_intracranial_abscess,numerator_ae_non_primary_intracranial_abscess,numerator_ae_primary_sinus_thrombosis_om,numerator_ae_non_primary_sinus_thrombosis_om,numerator_ae_primary_sinus_thrombosis_sinusitis,numerator_ae_non_primary_sinus_thrombosis_sinusitis,numerator_ae_primary_facial_nerve_paralysis,numerator_ae_non_primary_facial_nerve_paralysis,numerator_hes_primary_pyelonephritis,numerator_hes_non_primary_pyelonephritis,numerator_hes_all_diagnoses_pyelonephritis,numerator_hes_primary_sepsis,numerator_hes_non_primary_sepsis,numerator_hes_all_diagnoses_sepsis,numerator_hes_primary_cellulitis_insectbite,numerator_hes_non_primary_cellulitis_insectbite,numerator_hes_all_diagnoses_cellulitis_insectbite,numerator_hes_primary_cellulitis_impetigo,numerator_hes_non_primary_cellulitis_impetigo,numerator_hes_all_diagnoses_cellulitis_impetigo,numerator_hes_primary_quinsy,numerator_hes_non_primary_quinsy,numerator_hes_all_diagnoses_quinsy,numerator_hes_primary_post_herpetic_neuralgia,numerator_hes_non_primary_post_herpetic_neuralgia,numerator_hes_all_diagnoses_post_herpetic_neuralgia,numerator_hes_primary_mastoiditis,numerator_hes_non_primary_mastoiditis,numerator_hes_all_diagnoses_mastoiditis,numerator_hes_primary_meningitis_sinusitis,numerator_hes_non_primary_meningitis_sinusitis,numerator_hes_all_diagnoses_meningitis_sinusitis,numerator_hes_primary_meningitis_om,numerator_hes_non_primary_meningitis_om,numerator_hes_all_diagnoses_meningitis_om,numerator_hes_primary_intracranial_abscess,numerator_hes_non_primary_intracranial_abscess,numerator_hes_all_diagnoses_intracranial_abscess,numerator_hes_primary_sinus_thrombosis_om,numerator_hes_non_primary_sinus_thrombosis_om,numerator_hes_all_diagnoses_sinus_thrombosis_om,numerator_hes_primary_sinus_thrombosis_sinusitis,numerator_hes_non_primary_sinus_thrombosis_sinusitis,numerator_hes_all_diagnoses_sinus_thrombosis_sinusitis,numerator_hes_primary_facial_nerve_paralysis,numerator_hes_non_primary_facial_nerve_paralysis,numerator_hes_all_diagnoses_facial_nerve_paralysis,numerator_hes_all_cause_hospitalisation
1,2024-02-01,2024-02-29,T,T,T,unknown,92,1931-11-01,Missing,Missing,681,E54000002,London,0,0,0,0,0,0,0,0,0,0,0,0,0,0,0,0,0,0,0,0,0,0,0,0,0,0,0,0,0,0,0,0,0,0,0,0,0,0,0,0,0,0,0,0,0,0,0,0,0,0,0,0,0,0,0,0,0,0,0,0,0,0,0,0,0,,,,,0,F,F,F,F,F,F,F,F,T,T,T,T,T,F,T,0,0,F,0,F,0,F,0,F,0,F,0,F,0,F,0,F,0,F,0,F,0,F,0,F,0,0,0,0,0,0,0,0,0,0,0,0,0,0,0,0,0,0,0,0,0,0,0,0,0,0,0,0,0,0,0,0,0,0,0,0,0,0,0,0,0,0,0,0,0,0,0,0,0,0,0,0,0,0,0,0,0,0,0,0,0,0,0,0,0,0,0,0,0,0,0,0,0,0,0,0,0,0,0,0,0,0,0,0,0,0,0,0,0,0,0,0,0,0
2,2024-02-01,2024-02-29,T,T,T,female,95,1928-08-01,4,White and Caribbean,566,E54000027,North East,0,0,0,0,0,0,0,0,0,0,0,0,0,0,0,0,0,0,0,0,0,0,0,0,0,0,0,0,0,0,0,0,0,0,0,0,0,0,0,0,0,0,0,0,0,0,0,0,0,0,0,0,0,0,0,0,0,0,0,0,0,0,0,0,0,,,,,0,F,F,F,F,F,F,F,F,T,T,T,T,T,F,T,0,0,F,0,F,0,F,0,F,0,F,0,F,0,F,0,F,0,F,0,F,0,F,0,F,0,0,0,0,0,0,0,0,0,0,0,0,0,0,0,0,0,0,0,0,0,0,0,0,0,0,0,0,0,0,0,0,0,0,0,0,0,0,0,0,0,0,0,0,0,0,0,0,0,0,0,0,0,0,0,0,0,0,0,0,0,0,0,0,0,0,0,0,0,0,0,0,0,0,0,0,0,0,0,0,0,0,0,0,0,0,0,0,0,0,0,0,0,0
3,2024-02-01,2024-02-29,T,T,T,male,63,1960-08-01,Missing,All other ethnic groups,196,E54000040,South West,0,0,0,0,0,0,0,0,0,0,0,0,0,0,0,0,0,0,0,0,0,0,0,0,0,0,0,0,0,0,0,0,0,0,0,0,0,0,0,0,0,0,0,0,0,0,0,0,0,0,0,0,0,0,0,0,0,0,0,0,0,0,0,0,0,,,,,0,F,F,F,F,F,F,F,F,T,T,T,T,T,F,T,0,0,F,0,F,0,F,0,F,0,F,0,F,0,F,0,F,0,F,0,F,0,F,0,F,0,0,0,0,0,0,0,0,0,0,0,0,0,0,0,0,0,0,0,0,0,0,0,0,0,0,0,0,0,0,0,0,0,0,0,0,0,0,0,0,0,0,0,0,0,0,0,0,0,0,0,0,0,0,0,0,0,0,0,0,0,0,0,0,0,0,0,0,0,0,0,0,0,0,0,0,0,0,0,0,0,0,0,0,0,0,0,0,0,0,0,0,0,0
4,2024-02-01,2024-02-29,T,T,T,unknown,108,1915-11-01,Missing,Missing,701,E54000054,North West,0,0,0,0,0,0,0,0,0,0,0,0,0,0,0,0,0,0,0,0,0,0,0,0,0,0,0,0,0,0,0,0,0,0,0,0,0,0,0,0,0,0,0,0,0,0,0,0,0,0,0,0,0,0,0,0,0,0,0,0,0,0,0,0,0,,,,,0,F,F,F,F,F,F,F,F,T,T,T,T,T,F,T,0,0,F,0,F,0,F,0,F,0,F,0,F,0,F,0,F,0,F,0,F,0,F,0,F,0,0,0,0,0,0,0,0,0,0,0,0,0,0,0,0,0,0,0,0,0,0,0,0,0,0,0,0,0,0,0,0,0,0,0,0,0,0,0,0,0,0,0,0,0,0,0,0,0,0,0,0,0,0,0,0,0,0,0,0,0,0,0,0,0,0,0,0,0,0,0,0,0,0,0,0,0,0,0,0,0,0,0,0,0,0,0,0,0,0,0,0,0,0
5,2024-02-01,2024-02-29,T,T,T,male,5,2018-09-01,Missing,Other White,799,E54000068,Yorkshire and The Humber,0,0,0,0,0,0,0,0,0,0,0,0,0,0,0,0,0,0,0,0,0,0,0,0,0,0,0,0,0,0,0,0,0,0,0,0,0,0,0,0,0,0,0,0,0,0,0,0,0,0,0,0,0,0,0,0,0,0,0,0,0,0,0,0,0,2023-11-24,2024-02-04,,,0-R,F,F,F,F,F,F,F,T,F,T,T,F,T,F,T,0,0,F,0,F,0,F,0,F,0,F,0,F,0,F,0,F,0,F,0,F,0,F,0,F,0,0,0,0,0,0,0,0,0,0,0,0,0,0,0,0,0,0,0,0,0,0,0,0,0,0,0,0,0,0,0,0,0,0,0,0,0,0,0,0,0,0,0,0,0,0,0,0,0,0,0,0,0,0,0,0,0,0,0,0,0,0,0,0,0,0,0,0,0,0,0,0,0,0,0,0,0,0,0,0,0,0,0,0,0,0,0,0,0,0,0,0,0,0
6,2024-02-01,2024-02-29,T,T,T,male,89,1934-11-01,3,Missing,299,E54000063,South East,0,0,0,0,0,0,0,0,0,0,0,0,0,0,0,0,0,0,0,0,0,0,0,0,0,0,0,0,0,0,0,0,0,0,0,0,0,0,0,0,0,0,0,0,0,0,0,0,0,0,0,0,0,0,0,0,0,0,0,0,0,0,0,0,0,,,,,0,F,F,F,F,F,F,F,F,T,T,T,T,T,F,T,1,0,T,0,F,0,T,0,T,0,T,0,T,0,F,0,T,0,T,0,T,0,T,0,T,0,0,0,0,0,0,0,0,0,0,0,0,0,0,0,0,0,0,0,0,0,0,0,0,0,0,0,0,0,1,0,1,0,1,0,1,0,0,0,0,0,1,0,1,0,1,1,0,0,0,0,0,0,0,0,0,0,0,0,0,0,0,0,0,0,0,0,0,0,0,0,0,0,0,0,0,0,0,0,0,0,0,0,0,0,0,0,0,0,0,0,0,0,0
7,2024-02-01,2024-02-29,T,T,T,male,43,1980-05-01,Missing,White Irish,655,E54000057,North East,0,0,0,0,0,0,0,0,0,0,0,0,0,0,0,0,0,0,0,0,0,0,0,0,0,0,0,0,0,0,0,0,0,0,0,0,0,0,0,0,0,0,0,0,0,0,0,0,0,0,0,0,0,0,0,0,0,0,0,0,0,0,0,0,0,,,,,0,F,F,F,F,F,F,F,F,T,T,T,T,T,F,T,0,0,F,0,F,0,F,0,F,0,F,0,F,0,F,0,F,0,F,0,F,0,F,0,F,0,0,0,0,0,0,0,0,0,0,0,0,0,0,0,0,0,0,0,0,0,0,0,0,0,0,0,0,0,0,0,0,0,0,0,0,0,0,0,0,0,0,0,0,0,0,0,0,0,0,0,0,0,0,0,0,0,0,0,0,0,0,0,0,0,0,0,0,0,0,0,0,0,0,0,0,0,0,0,0,0,0,0,0,0,0,0,0,0,0,0,0,0,0
8,2024-02-01,2024-02-29,T,T,T,intersex,99,1924-06-01,Missing,Missing,606,E54000061,West Midlands,0,0,0,0,0,0,0,0,0,0,0,0,0,0,0,0,0,0,0,0,0,0,0,0,0,0,0,0,0,0,0,0,0,0,0,0,0,0,0,0,0,0,0,0,0,0,0,0,0,0,0,0,0,0,0,0,0,0,0,0,0,0,0,0,0,,,,,0,F,F,F,F,F,F,F,F,T,T,T,T,T,F,T,0,0,F,0,F,0,F,0,F,0,F,0,F,0,F,0,F,0,F,0,F,0,F,0,F,0,0,0,0,0,0,0,0,0,0,0,0,0,0,0,0,0,0,0,0,0,0,0,0,0,0,0,0,0,0,0,0,0,0,0,0,0,0,0,0,0,0,0,0,0,0,0,0,0,0,0,0,0,0,0,0,0,0,0,0,0,0,0,0,0,0,0,0,0,0,0,0,0,0,0,0,0,0,0,0,0,0,0,0,0,0,0,0,0,0,0,0,0,0
9,2024-02-01,2024-02-29,T,T,T,female,56,1967-06-01,3,White British,769,E54000037,Yorkshire and The Humber,0,0,0,0,0,0,0,0,0,0,0,0,0,0,0,0,0,0,0,0,0,0,0,0,0,0,0,0,0,0,0,0,0,0,0,0,0,0,0,0,0,0,0,0,0,0,0,0,0,0,0,0,0,0,0,0,0,0,0,0,0,0,0,0,0,,,,,0,F,F,F,F,F,F,F,F,T,T,T,T,T,T,T,0,0,F,0,F,0,F,0,F,0,F,0,F,0,F,0,F,0,F,0,F,0,F,0,F,0,0,0,0,0,0,0,0,0,0,0,0,0,0,0,0,0,0,0,0,0,0,0,0,0,0,0,0,0,0,0,0,0,0,0,0,0,0,0,0,0,0,0,0,0,0,0,0,0,0,0,0,0,0,0,0,0,0,0,0,0,0,0,0,0,0,0,0,0,0,0,0,0,0,0,0,0,0,0,0,0,0,0,0,0,0,0,0,0,0,0,0,0,0
10,2024-02-01,2024-02-29,T,T,T,male,60,1963-07-01,Missing,Other White,895,E54000064,East,0,0,0,0,0,0,0,0,0,0,0,0,0,0,0,0,0,0,0,0,0,0,0,0,0,0,0,0,0,0,0,0,0,0,0,0,0,0,0,0,0,0,0,0,0,0,0,0,0,0,0,0,0,0,0,0,0,0,0,0,0,0,0,0,0,,,,,0,F,F,F,F,F,F,F,F,T,T,T,T,T,F,T,0,0,F,0,F,0,F,0,F,0,F,0,F,0,F,0,F,0,F,0,F,0,F,0,F,0,0,0,0,0,0,0,0,0,0,0,0,0,0,0,0,0,0,0,0,0,0,0,0,0,0,0,0,0,0,0,0,0,0,0,0,0,0,0,0,0,0,0,0,0,0,0,0,0,0,0,0,0,0,0,0,0,0,0,0,0,0,0,0,0,0,0,0,0,0,0,0,0,0,0,0,0,0,0,0,0,0,0,0,0,0,0,0,0,0,0,0,0,0
11,2024-02-01,2024-02-29,T,T,T,female,48,1975-06-01,Missing,Missing,573,E54000076,West Midlands,0,0,0,0,0,0,0,0,0,0,0,0,0,0,0,0,0,0,0,0,0,0,0,0,0,0,0,0,0,0,0,0,0,0,0,0,0,0,0,0,0,0,0,0,0,0,0,0,0,0,0,0,0,0,0,0,0,0,0,0,0,0,0,0,0,,,,,0,F,F,F,F,F,F,F,F,T,T,T,T,T,T,T,0,0,F,0,F,0,F,0,F,0,F,0,F,0,F,0,F,0,F,0,F,0,F,0,F,0,0,0,0,0,0,0,0,0,0,0,0,0,0,0,0,0,0,0,0,0,0,0,0,0,0,0,0,0,0,0,0,0,0,0,0,0,0,0,0,0,0,0,0,0,0,0,0,0,0,0,0,0,0,0,0,0,0,0,0,0,0,0,0,0,0,0,0,0,0,0,0,0,0,0,0,0,0,0,0,0,0,0,0,0,0,0,0,0,0,0,0,0,0
12,2024-02-01,2024-02-29,T,T,T,female,102,1921-12-01,Missing,White Irish,768,E54000030,Missing,0,0,0,0,0,0,0,0,0,0,0,0,0,0,0,0,0,0,0,0,0,0,0,0,0,0,0,0,0,0,0,0,0,0,0,0,0,0,0,0,0,0,0,0,0,0,0,0,0,0,0,0,0,0,0,0,0,0,0,0,0,0,0,0,0,,,,,0,F,F,F,F,F,F,F,F,T,T,T,T,T,F,T,0,0,F,0,F,0,F,0,F,0,F,0,F,0,F,0,F,0,F,0,F,0,F,0,F,0,0,0,0,0,0,0,0,0,0,0,0,0,0,0,0,0,0,0,0,0,0,0,0,0,0,0,0,0,0,0,0,0,0,0,0,0,0,0,0,0,0,0,0,0,0,0,0,0,0,0,0,0,0,0,0,0,0,0,0,0,0,0,0,0,0,0,0,0,0,0,0,0,0,0,0,0,0,0,0,0,0,0,0,0,0,0,0,0,0,0,0,0,0
13,2024-02-01,2024-02-29,T,T,T,intersex,112,1911-08-01,Missing,Other South Asian,511,E54000042,West Midlands,0,0,0,0,0,0,0,0,0,0,0,0,0,0,0,0,0,0,0,0,0,0,0,0,0,0,0,0,0,0,0,0,0,0,0,0,0,0,0,0,0,0,0,0,0,0,0,0,0,0,0,0,0,0,0,0,0,0,0,0,0,0,0,0,0,,,,,0,F,F,F,F,F,F,F,F,T,T,T,T,T,F,T,0,0,F,0,F,0,F,0,F,0,F,0,F,0,F,0,F,0,F,0,F,0,F,0,F,0,0,0,0,0,0,0,0,0,0,0,0,0,0,0,0,0,0,0,0,0,0,0,0,0,0,0,0,0,0,0,0,0,0,0,0,0,0,0,0,0,0,0,0,0,0,0,0,0,0,0,0,0,0,0,0,0,0,0,0,0,0,0,0,0,0,0,0,0,0,0,0,0,0,0,0,0,0,0,0,0,0,0,0,0,0,0,0,0,0,0,0,0,0
14,2024-02-01,2024-02-29,T,T,T,intersex,46,1977-11-01,Missing,Caribbean,587,E54000052,Missing,0,0,0,0,0,0,0,0,0,0,0,0,0,0,0,0,0,0,0,0,0,0,0,0,0,0,0,0,0,0,0,0,0,0,0,0,0,0,0,0,0,0,0,0,0,0,0,0,0,0,0,0,0,0,0,0,0,0,0,0,0,0,0,0,0,,,,,0,F,F,F,F,F,F,F,F,T,T,T,T,T,F,T,0,0,F,0,F,0,F,0,F,0,F,0,F,0,F,0,F,0,F,0,F,0,F,0,F,0,0,0,0,0,0,0,0,0,0,0,0,0,0,0,0,0,0,0,0,0,0,0,0,0,0,0,0,0,0,0,0,0,0,0,0,0,0,0,0,0,0,0,0,0,0,0,0,0,0,0,0,0,0,0,0,0,0,0,0,0,0,0,0,0,0,0,0,0,0,0,0,0,0,0,0,0,0,0,0,0,0,0,0,0,0,0,0,0,0,0,0,0,0
15,2024-02-01,2024-02-29,T,T,T,female,94,1929-04-01,Missing,Missing,404,E54000087,London,0,0,0,0,0,0,0,0,0,0,0,0,0,0,0,0,0,0,0,0,0,0,0,0,0,0,0,0,0,0,0,0,0,0,0,0,0,0,0,0,0,0,0,0,0,0,0,0,0,0,0,0,0,0,0,0,0,0,0,0,0,0,0,0,0,,,,,0,F,F,F,F,F,F,F,F,T,T,T,T,T,F,T,0,0,F,0,F,0,F,0,F,0,F,0,F,0,F,0,F,0,F,0,F,0,F,0,F,0,0,0,0,0,0,0,0,0,0,0,0,0,0,0,0,0,0,0,0,0,0,0,0,0,0,0,0,0,0,0,0,0,0,0,0,0,0,0,0,0,0,0,0,0,0,0,0,0,0,0,0,0,0,0,0,0,0,0,0,0,0,0,0,0,0,0,0,0,0,0,0,0,0,0,0,0,0,0,0,0,0,0,0,0,0,0,0,0,0,0,0,0,0
16,2024-02-01,2024-02-29,T,T,T,male,12,2011-12-01,4,Missing,10,E54000080,Missing,0,0,0,0,0,0,0,0,0,0,0,0,0,0,0,0,0,0,0,0,0,0,0,0,0,0,0,0,0,0,0,0,0,0,0,0,0,0,0,0,0,0,0,0,0,0,0,0,0,0,0,0,0,0,0,0,0,0,0,0,0,0,0,0,0,,,,,0,F,F,F,F,F,F,F,T,T,T,T,F,T,F,T,0,0,F,0,F,0,F,0,F,0,F,0,F,0,F,0,F,0,F,0,F,0,F,0,F,0,0,0,0,0,0,0,0,0,0,0,0,0,0,0,0,0,0,0,0,0,0,0,0,0,0,0,0,0,0,0,0,0,0,0,0,0,0,0,0,0,0,0,0,0,0,0,0,0,0,0,0,0,0,0,0,0,0,0,0,0,0,0,0,0,0,0,0,0,0,0,0,0,0,0,0,0,0,0,0,0,0,0,0,0,0,0,0,0,0,0,0,0,0
17,2024-02-01,2024-02-29,T,T,T,female,93,1931-01-01,Missing,Other White,891,E54000013,West Midlands,0,0,0,0,0,0,0,0,0,0,0,0,0,0,0,0,0,0,0,0,0,0,0,0,0,0,0,0,0,0,0,0,0,0,0,0,0,0,0,0,0,0,0,0,0,0,0,0,0,0,0,0,0,0,0,0,0,0,0,0,0,0,0,0,0,,,,,0,F,F,F,F,F,F,F,F,T,T,T,T,T,F,T,0,0,F,0,F,0,F,0,F,0,F,0,F,0,F,0,F,0,F,0,F,0,F,0,F,0,0,0,0,0,0,0,0,0,0,0,0,0,0,0,0,0,0,0,0,0,0,0,0,0,0,0,0,0,0,0,0,0,0,0,0,0,0,0,0,0,0,0,0,0,0,0,0,0,0,0,0,0,0,0,0,0,0,0,0,0,0,0,0,0,0,0,0,0,0,0,0,0,0,0,0,0,0,0,0,0,0,0,0,0,0,0,0,0,0,0,0,0,0
18,2024-02-01,2024-02-29,T,T,T,female,117,1906-06-01,Missing,Other Black,483,E54000063,North West,0,0,0,0,0,0,0,0,0,0,0,0,0,0,0,0,0,0,0,0,0,0,0,0,0,0,0,0,0,0,0,0,0,0,0,0,0,0,0,0,0,0,0,0,0,0,0,0,0,0,0,0,0,0,0,0,0,0,0,0,0,0,0,0,0,,,,,0,F,F,F,F,F,F,F,F,T,T,T,T,T,F,T,0,0,F,0,F,0,F,0,F,0,F,0,F,0,F,0,F,0,F,0,F,0,F,0,F,0,0,0,0,0,0,0,0,0,0,0,0,0,0,0,0,0,0,0,0,0,0,0,0,0,0,0,0,0,0,0,0,0,0,0,0,0,0,0,0,0,0,0,0,0,0,0,0,0,0,0,0,0,0,0,0,0,0,0,0,0,0,0,0,0,0,0,0,0,0,0,0,0,0,0,0,0,0,0,0,0,0,0,0,0,0,0,0,0,0,0,0,0,0
19,2024-02-01,2024-02-29,T,T,T,unknown,49,1975-01-01,3,Missing,243,E54000041,West Midlands,0,0,0,0,0,0,0,0,0,0,0,0,0,0,0,0,0,0,0,0,0,0,0,0,0,0,0,0,0,0,0,0,0,0,0,0,0,0,0,0,0,0,0,0,0,0,0,0,0,0,0,0,0,0,0,0,0,0,0,0,0,0,0,0,0,,,,,0,F,F,F,F,F,F,F,F,T,T,T,T,T,F,T,0,0,F,0,F,0,F,0,F,0,F,0,F,0,F,0,F,0,F,0,F,0,F,0,F,0,0,0,0,0,0,0,0,0,0,0,0,0,0,0,0,0,0,0,0,0,0,0,0,0,0,0,0,0,0,0,0,0,0,0,0,0,0,0,0,0,0,0,0,0,0,0,0,0,0,0,0,0,0,0,0,0,0,0,0,0,0,0,0,0,0,0,0,0,0,0,0,0,0,0,0,0,0,0,0,0,0,0,0,0,0,0,0,0,0,0,0,0,0
20,2024-02-01,2024-02-29,T,T,T,female,120,1904-01-01,Missing,Other White,218,E54000019,Missing,0,0,0,0,0,0,0,0,0,0,0,0,0,0,0,0,0,0,0,0,0,0,0,0,0,0,0,0,0,0,0,0,0,0,0,0,0,0,0,0,0,0,0,0,0,0,0,0,0,0,0,0,0,0,0,0,0,0,0,0,0,0,0,0,0,,,,,0,F,F,F,F,F,F,F,F,T,T,T,T,T,F,T,0,0,F,0,F,0,F,0,F,0,F,0,F,0,F,0,F,0,F,0,F,0,F,0,F,0,0,0,0,0,0,0,0,0,0,0,0,0,0,0,0,0,0,0,0,0,0,0,0,0,0,0,0,0,0,0,0,0,0,0,0,0,0,0,0,0,0,0,0,0,0,0,0,0,0,0,0,0,0,0,0,0,0,0,0,0,0,0,0,0,0,0,0,0,0,0,0,0,0,0,0,0,0,0,0,0,0,0,0,0,0,0,0,0,0,0,0,0,0
21,2024-02-01,2024-02-29,T,T,T,male,33,1990-11-01,Missing,Missing,648,E54000098,East,0,0,0,0,0,0,0,0,0,0,0,0,0,0,0,0,0,0,0,0,0,0,0,0,0,0,0,0,0,0,0,0,0,0,0,0,0,0,0,0,0,0,0,0,0,0,0,0,0,0,0,0,0,0,0,0,0,0,0,0,0,0,0,0,0,,,,,0,F,F,F,F,F,F,F,F,T,T,T,T,T,F,T,0,0,F,0,F,0,F,0,F,0,F,0,F,0,F,0,F,0,F,0,F,0,F,0,F,0,0,0,0,0,0,0,0,0,0,0,0,0,0,0,0,0,0,0,0,0,0,0,0,0,0,0,0,0,0,0,0,0,0,0,0,0,0,0,0,0,0,0,0,0,0,0,0,0,0,0,0,0,0,0,0,0,0,0,0,0,0,0,0,0,0,0,0,0,0,0,0,0,0,0,0,0,0,0,0,0,0,0,0,0,0,0,0,0,0,0,0,0,0
22,2024-02-01,2024-02-29,T,T,T,female,102,1921-11-01,Missing,Missing,441,E54000082,North West,0,0,0,0,0,0,0,0,0,0,0,0,0,0,0,0,0,0,0,0,0,0,0,0,0,0,0,0,0,0,0,0,0,0,0,0,0,0,0,0,0,0,0,0,0,0,0,0,0,0,0,0,0,0,0,0,0,0,0,0,0,0,0,0,0,,,,,0,F,F,F,F,F,F,F,F,T,T,T,T,T,F,T,0,0,F,0,F,0,F,0,F,0,F,0,F,0,F,0,F,0,F,0,F,0,F,0,F,0,0,0,0,0,0,0,0,0,0,0,0,0,0,0,0,0,0,0,0,0,0,0,0,0,0,0,0,0,0,0,0,0,0,0,0,0,0,0,0,0,0,0,0,0,0,0,0,0,0,0,0,0,0,0,0,0,0,0,0,0,0,0,0,0,0,0,0,0,0,0,0,0,0,0,0,0,0,0,0,0,0,0,0,0,0,0,0,0,0,0,0,0,0
23,2024-02-01,2024-02-29,T,T,T,male,59,1964-09-01,3,Indian,400,E54000082,East Midlands,0,0,0,0,0,0,0,0,0,0,0,0,0,0,0,0,0,0,0,0,0,0,0,0,0,0,0,0,0,0,0,0,0,0,0,0,0,0,0,0,0,0,0,0,0,0,0,0,0,0,0,0,0,0,0,0,0,0,0,0,0,0,0,0,0,,,,,0,F,F,F,F,F,F,F,F,T,T,T,T,T,F,T,0,0,F,0,F,0,F,0,F,0,F,0,F,0,F,0,F,0,F,0,F,0,F,0,F,0,0,0,0,0,0,0,0,0,0,0,0,0,0,0,0,0,0,0,0,0,0,0,0,0,0,0,0,0,0,0,0,0,0,0,0,0,0,0,0,0,0,0,0,0,0,0,0,0,0,0,0,0,0,0,0,0,0,0,0,0,0,0,0,0,0,0,0,0,0,0,0,0,0,0,0,0,0,0,0,0,0,0,0,0,0,0,0,0,0,0,0,0,0
24,2024-02-01,2024-02-29,T,T,T,male,79,1945-01-01,Missing,Other South Asian,992,E54000073,Missing,0,0,0,0,0,0,0,0,0,0,0,0,0,0,0,0,0,0,0,0,0,0,0,0,0,0,0,0,0,0,0,0,0,0,0,0,0,0,0,0,0,0,0,0,0,0,0,0,0,0,0,0,0,0,0,0,0,0,0,0,0,0,0,0,0,,,,,0,F,F,F,F,F,F,F,F,T,T,T,T,T,F,T,0,0,F,0,F,0,F,0,F,0,F,0,F,0,F,0,F,0,F,0,F,0,F,0,F,0,0,0,0,0,0,0,0,0,0,0,0,0,0,0,0,0,0,0,0,0,0,0,0,0,0,0,0,0,0,0,0,0,0,0,0,0,0,0,0,0,0,0,0,0,0,0,0,0,0,0,0,0,0,0,0,0,0,0,0,0,0,0,0,0,0,0,0,0,0,0,0,0,0,0,0,0,0,0,0,0,0,0,0,0,0,0,0,0,0,0,0,0,0
25,2024-02-01,2024-02-29,T,T,T,unknown,11,2012-04-01,2,Missing,561,E54000054,Missing,0,0,0,0,0,0,0,0,0,0,0,0,0,0,0,0,0,0,0,0,0,0,0,0,0,0,0,0,0,0,0,0,0,0,0,0,0,0,0,0,0,0,0,0,0,0,0,0,0,0,0,0,0,0,0,0,0,0,0,0,0,0,0,0,0,,,,,0,F,F,F,F,F,F,F,T,F,T,T,F,T,F,T,0,0,F,0,F,0,F,0,F,0,F,0,F,0,F,0,F,0,F,0,F,0,F,0,F,0,0,0,0,0,0,0,0,0,0,0,0,0,0,0,0,0,0,0,0,0,0,0,0,0,0,0,0,0,0,0,0,0,0,0,0,0,0,0,0,0,0,0,0,0,0,0,0,0,0,0,0,0,0,0,0,0,0,0,0,0,0,0,0,0,0,0,0,0,0,0,0,0,0,0,0,0,0,0,0,0,0,0,0,0,0,0,0,0,0,0,0,0,0
26,2024-02-01,2024-02-29,T,T,T,intersex,71,1952-10-01,Missing,White British,84,E54000002,Missing,0,0,0,0,0,0,0,0,0,0,0,0,0,0,0,0,0,0,0,0,0,0,0,0,0,0,0,0,0,0,0,0,0,0,0,0,0,0,0,0,0,0,0,0,0,0,0,0,0,0,0,0,0,0,0,0,0,0,0,0,0,0,0,0,0,,,,,0,F,F,F,F,F,F,F,F,T,T,T,T,T,F,T,0,0,F,0,F,0,F,0,F,0,F,0,F,0,F,0,F,0,F,0,F,0,F,0,F,0,0,0,0,0,0,0,0,0,0,0,0,0,0,0,0,0,0,0,0,0,0,0,0,0,0,0,0,0,0,0,0,0,0,0,0,0,0,0,0,0,0,0,0,0,0,0,0,0,0,0,0,0,0,0,0,0,0,0,0,0,0,0,0,0,0,0,0,0,0,0,0,0,0,0,0,0,0,0,0,0,0,0,0,0,0,0,0,0,0,0,0,0,0
27,2024-02-01,2024-02-29,T,T,T,female,111,1913-02-01,Missing,All other ethnic groups,153,E54000072,East Midlands,0,0,0,0,0,0,0,0,0,0,0,0,0,0,0,0,0,0,0,0,0,0,0,0,0,0,0,0,0,0,0,0,0,0,0,0,0,0,0,0,0,0,0,0,0,0,0,0,0,0,0,0,0,0,0,0,0,0,0,0,0,0,0,0,0,,,,,0,F,F,F,F,F,F,F,F,T,T,T,T,T,F,T,0,0,F,0,F,0,F,0,F,0,F,0,F,0,F,0,F,0,F,0,F,0,F,0,F,0,0,0,0,0,0,0,0,0,0,0,0,0,0,0,0,0,0,0,0,0,0,0,0,0,0,0,0,0,0,0,0,0,0,0,0,0,0,0,0,0,0,0,0,0,0,0,0,0,0,0,0,0,0,0,0,0,0,0,0,0,0,0,0,0,0,0,0,0,0,0,0,0,0,0,0,0,0,0,0,0,0,0,0,0,0,0,0,0,0,0,0,0,0
28,2024-02-01,2024-02-29,T,T,T,unknown,55,1968-06-01,Missing,Missing,68,E54000088,Missing,0,0,0,0,0,0,0,0,0,0,0,0,0,0,0,0,0,0,0,0,0,0,0,0,0,0,0,0,0,0,0,0,0,0,0,0,0,0,0,0,0,0,0,0,0,0,0,0,0,0,0,0,0,0,0,0,0,0,0,0,0,0,0,0,0,,,,,0,F,F,F,F,F,F,F,F,T,T,T,T,T,F,T,0,0,F,0,F,0,F,0,F,0,F,0,F,0,F,0,F,0,F,0,F,0,F,0,F,0,0,0,0,0,0,0,0,0,0,0,0,0,0,0,0,0,0,0,0,0,0,0,0,0,0,0,0,0,0,0,0,0,0,0,0,0,0,0,0,0,0,0,0,0,0,0,0,0,0,0,0,0,0,0,0,0,0,0,0,0,0,0,0,0,0,0,0,0,0,0,0,0,0,0,0,0,0,0,0,0,0,0,0,0,0,0,0,0,0,0,0,0,0
29,2024-02-01,2024-02-29,T,T,T,female,6,2017-04-01,3,Caribbean,619,E54000008,Missing,0,0,0,0,0,0,0,0,0,0,0,0,0,0,0,0,0,0,0,0,0,0,0,0,0,0,0,0,0,0,0,0,0,0,0,0,0,0,0,0,0,0,0,0,0,0,0,0,0,0,0,0,0,0,0,0,0,0,0,0,0,0,0,0,0,,,,,0,F,F,F,F,F,F,F,T,F,T,T,F,T,F,T,0,0,F,0,F,0,F,0,F,0,F,0,F,0,F,0,F,0,F,0,F,0,F,0,F,0,0,0,0,0,0,0,0,0,0,0,0,0,0,0,0,0,0,0,0,0,0,0,0,0,0,0,0,0,0,0,0,0,0,0,0,0,0,0,0,0,0,0,0,0,0,0,0,0,0,0,0,0,0,0,0,0,0,0,0,0,0,0,0,0,0,0,0,0,0,0,0,0,0,0,0,0,0,0,0,0,0,0,0,0,0,0,0,0,0,0,0,0,0
30,2024-02-01,2024-02-29,T,T,T,unknown,59,1964-04-01,Missing,Pakistani,48,E54000097,East Midlands,0,0,0,0,0,0,0,0,0,0,0,0,0,0,0,0,0,0,0,0,0,0,0,0,0,0,0,0,0,0,0,0,0,0,0,0,0,0,0,0,0,0,0,0,0,0,0,0,0,0,0,0,0,0,0,0,0,0,0,0,0,0,0,0,0,,,,,0,F,F,F,F,F,F,F,F,T,T,T,T,T,F,T,0,0,F,0,F,0,F,0,F,0,F,0,F,0,F,0,F,0,F,0,F,0,F,0,F,0,0,0,0,0,0,0,0,0,0,0,0,0,0,0,0,0,0,0,0,0,0,0,0,0,0,0,0,0,0,0,0,0,0,0,0,0,0,0,0,0,0,0,0,0,0,0,0,0,0,0,0,0,0,0,0,0,0,0,0,0,0,0,0,0,0,0,0,0,0,0,0,0,0,0,0,0,0,0,0,0,0,0,0,0,0,0,0,0,0,0,0,0,0
31,2024-02-01,2024-02-29,T,T,T,male,62,1961-03-01,4,Missing,640,E54000025,Missing,0,0,0,0,0,0,0,0,0,0,0,0,0,0,0,0,0,0,0,0,0,0,0,0,0,0,0,0,0,0,0,0,0,0,0,0,0,0,0,0,0,0,0,0,0,0,0,0,0,0,0,0,0,0,0,0,0,0,0,0,0,0,0,0,0,,,,,0,F,F,F,F,F,F,F,F,T,T,T,T,T,F,T,0,0,F,0,F,0,F,0,F,0,F,0,F,0,F,0,F,0,F,0,F,0,F,0,F,0,0,0,0,0,0,0,0,0,0,0,0,0,0,0,0,0,0,0,0,0,0,0,0,0,0,0,0,0,0,0,0,0,0,0,0,0,0,0,0,0,0,0,0,0,0,0,0,0,0,0,0,0,0,0,0,0,0,0,0,0,0,0,0,0,0,0,0,0,0,0,0,0,0,0,0,0,0,0,0,0,0,0,0,0,0,0,0,0,0,0,0,0,0
32,2024-02-01,2024-02-29,T,T,T,male,32,1991-04-01,5 (Least Deprived),All other ethnic groups,893,E54000031,East,0,0,0,0,0,0,0,0,0,0,0,0,0,0,0,0,0,0,0,0,0,0,0,0,0,0,0,0,0,0,0,0,0,0,0,0,0,0,0,0,0,0,0,0,0,0,0,0,0,0,0,0,0,0,0,0,0,0,0,0,0,0,0,0,0,,,,,0,F,F,F,F,F,F,F,F,T,T,T,T,T,F,T,0,0,F,0,F,0,F,0,F,0,F,0,F,0,F,0,F,0,F,0,F,0,F,0,F,0,0,0,0,0,0,0,0,0,0,0,0,0,0,0,0,0,0,0,0,0,0,0,0,0,0,0,0,0,0,0,0,0,0,0,0,0,0,0,0,0,0,0,0,0,0,0,0,0,0,0,0,0,0,0,0,0,0,0,0,0,0,0,0,0,0,0,0,0,0,0,0,0,0,0,0,0,0,0,0,0,0,0,0,0,0,0,0,0,0,0,0,0,0
33,2024-02-01,2024-02-29,T,T,T,male,117,1906-12-01,1 (Most Deprived),White and Caribbean,86,E54000065,Missing,0,0,0,0,0,0,0,0,0,0,0,0,0,0,0,0,0,0,0,0,0,0,0,0,0,0,0,0,0,0,0,0,0,0,0,0,0,0,0,0,0,0,0,0,0,0,0,0,0,0,0,0,0,0,0,0,0,0,0,0,0,0,0,0,0,,,,,0,F,F,F,F,F,F,F,F,T,T,T,T,T,F,T,0,0,F,0,F,0,F,0,F,0,F,0,F,0,F,0,F,0,F,0,F,0,F,0,F,0,0,0,0,0,0,0,0,0,0,0,0,0,0,0,0,0,0,0,0,0,0,0,0,0,0,0,0,0,0,0,0,0,0,0,0,0,0,0,0,0,0,0,0,0,0,0,0,0,0,0,0,0,0,0,0,0,0,0,0,0,0,0,0,0,0,0,0,0,0,0,0,0,0,0,0,0,0,0,0,0,0,0,0,0,0,0,0,0,0,0,0,0,0
34,2024-02-01,2024-02-29,T,T,T,male,72,1951-04-01,3,Missing,580,E54000001,Missing,0,0,0,0,0,0,0,0,0,0,0,0,0,0,0,0,0,0,0,0,0,0,0,0,0,0,0,0,0,0,0,0,0,0,0,0,0,0,0,0,0,0,0,0,0,0,0,0,0,0,0,0,0,0,0,0,0,0,0,0,0,0,0,0,0,,,,,0,F,F,F,F,F,F,F,F,T,T,T,T,T,F,T,0,0,F,0,F,0,F,0,F,0,F,0,F,0,F,0,F,0,F,0,F,0,F,0,F,0,0,0,0,0,0,0,0,0,0,0,0,0,0,0,0,0,0,0,0,0,0,0,0,0,0,0,0,0,0,0,0,0,0,0,0,0,0,0,0,0,0,0,0,0,0,0,0,0,0,0,0,0,0,0,0,0,0,0,0,0,0,0,0,0,0,0,0,0,0,0,0,0,0,0,0,0,0,0,0,0,0,0,0,0,0,0,0,0,0,0,0,0,0
35,2024-02-01,2024-02-29,T,T,T,male,28,1996-02-01,Missing,Missing,185,E54000096,East,0,0,0,0,0,0,0,0,0,0,0,0,0,0,0,0,0,0,0,0,0,0,0,0,0,0,0,0,0,0,0,0,0,0,0,0,0,0,0,0,0,0,0,0,0,0,0,0,0,0,0,0,0,0,0,0,0,0,0,0,0,0,0,0,0,,,,,0,F,F,F,F,F,F,F,F,T,T,T,T,T,F,T,0,0,F,0,F,0,F,0,F,0,F,0,F,0,F,0,F,0,F,0,F,0,F,0,F,0,0,0,0,0,0,0,0,0,0,0,0,0,0,0,0,0,0,0,0,0,0,0,0,0,0,0,0,0,0,0,0,0,0,0,0,0,0,0,0,0,0,0,0,0,0,0,0,0,0,0,0,0,0,0,0,0,0,0,0,0,0,0,0,0,0,0,0,0,0,0,0,0,0,0,0,0,0,0,0,0,0,0,0,0,0,0,0,0,0,0,0,0,0
36,2024-02-01,2024-02-29,T,T,T,male,4,2019-08-01,1 (Most Deprived),Other Mixed,647,E54000073,North West,0,0,0,0,0,0,0,0,0,0,0,0,0,0,0,0,0,0,0,0,0,0,0,0,0,0,0,0,0,0,0,0,0,0,0,0,0,0,0,0,0,0,0,0,0,0,0,0,0,0,0,0,0,0,0,0,0,0,0,0,0,0,0,0,0,,,,,0,F,F,F,F,F,F,F,T,F,F,T,F,T,F,T,1,0,T,0,T,0,T,0,T,0,T,0,T,0,T,0,T,0,T,0,T,0,T,0,F,0,0,0,0,0,0,0,0,0,0,0,0,0,0,0,0,0,0,0,0,0,0,0,0,0,0,0,0,0,0,0,1,0,1,0,1,1,1,0,0,0,0,0,1,0,1,0,0,0,0,0,0,0,0,0,0,0,0,0,0,0,0,0,0,0,0,0,0,0,0,0,0,0,0,0,0,0,0,0,0,0,0,0,0,0,0,0,0,0,0,0,0,0,0
37,2024-02-01,2024-02-29,T,T,T,female,110,1913-10-01,Missing,Other South Asian,566,E54000097,Missing,0,0,0,0,0,0,0,0,0,0,0,0,0,0,0,0,0,0,0,0,0,0,0,0,0,0,0,0,0,0,0,0,0,0,0,0,0,0,0,0,0,0,0,0,0,0,0,0,0,0,0,0,0,0,0,0,0,0,0,0,0,0,0,0,0,,,,,0,F,F,F,F,F,F,F,F,T,T,T,T,T,F,T,0,0,F,0,F,0,F,0,F,0,F,0,F,0,F,0,F,0,F,0,F,0,F,0,F,0,0,0,0,0,0,0,0,0,0,0,0,0,0,0,0,0,0,0,0,0,0,0,0,0,0,0,0,0,0,0,0,0,0,0,0,0,0,0,0,0,0,0,0,0,0,0,0,0,0,0,0,0,0,0,0,0,0,1,1,0,0,0,0,0,0,0,0,0,0,0,0,0,0,0,1,0,0,1,0,0,0,0,0,0,0,0,0,0,0,0,0,0,1
38,2024-02-01,2024-02-29,T,T,T,male,70,1953-05-01,Missing,Other South Asian,870,E54000084,Missing,0,0,0,0,0,0,0,0,0,0,0,0,0,0,0,0,0,0,0,0,0,0,0,0,0,0,0,0,0,0,0,0,0,0,0,0,0,0,0,0,0,0,0,0,0,0,0,0,0,0,0,0,0,0,0,0,0,0,0,0,0,0,0,0,0,,,,,0,F,F,F,F,F,F,F,F,T,T,T,T,T,F,T,0,0,F,0,F,0,F,0,F,0,F,0,F,0,F,0,F,0,F,0,F,0,F,0,F,0,0,0,0,0,0,0,0,0,0,0,0,0,0,0,0,0,0,0,0,0,0,0,0,0,0,0,0,0,0,0,0,0,0,0,0,0,0,0,0,0,0,0,0,0,0,0,0,0,0,0,0,0,0,0,0,0,0,0,0,0,0,0,0,0,0,0,0,0,0,0,0,0,0,0,0,0,0,0,0,0,0,0,0,0,0,0,0,0,0,0,0,0,0
39,2024-02-01,2024-02-29,T,T,T,female,35,1988-08-01,Missing,Missing,74,E54000098,North West,0,0,0,0,0,0,0,0,0,0,0,0,0,0,0,0,0,0,0,0,0,0,0,0,0,0,0,0,0,0,0,0,0,0,0,0,0,0,0,0,0,0,0,0,0,0,0,0,0,0,0,0,0,0,0,0,0,0,0,0,0,0,0,0,0,,,,,0,F,F,F,F,F,F,F,F,T,T,T,T,T,T,T,0,0,F,0,F,0,F,0,F,0,F,0,F,0,F,0,F,0,F,0,F,0,F,0,F,0,0,0,0,0,0,0,0,0,0,0,0,0,0,0,0,0,0,0,0,0,0,0,0,0,0,0,0,0,0,0,0,0,0,0,0,0,0,0,0,0,0,0,0,0,0,0,0,0,0,0,0,0,0,0,0,0,0,0,0,0,0,0,0,0,0,0,0,0,0,0,0,0,0,0,0,0,0,0,0,0,0,0,0,0,0,0,0,0,0,0,0,0,0
40,2024-02-01,2024-02-29,T,T,T,intersex,54,1969-07-01,Missing,All other ethnic groups,551,E54000000,South West,0,0,0,0,0,0,0,0,0,0,0,0,0,0,0,0,0,0,0,0,0,0,0,0,0,0,0,0,0,0,0,0,0,0,0,0,0,0,0,0,0,0,0,0,0,0,0,0,0,0,0,0,0,0,0,0,0,0,0,0,0,0,0,0,0,,,,,0,F,F,F,F,F,F,F,F,T,T,T,T,T,F,T,0,0,F,0,F,0,F,0,F,0,F,0,F,0,F,0,F,0,F,0,F,0,F,0,F,0,0,0,0,0,0,0,0,0,0,0,0,0,0,0,0,0,0,0,0,0,0,0,0,0,0,0,0,0,0,0,0,0,0,0,0,0,0,0,0,0,0,0,0,0,0,0,0,0,0,0,0,0,0,0,0,0,0,0,0,0,0,0,0,0,0,0,0,0,0,0,0,0,0,0,0,0,0,0,0,0,0,0,0,0,0,0,0,0,0,0,0,0,0
41,2024-02-01,2024-02-29,T,T,T,female,49,1974-06-01,Missing,Other Black,148,E54000082,West Midlands,0,0,0,0,0,0,0,0,0,0,0,0,0,0,0,0,0,0,0,0,0,0,0,0,0,0,0,0,0,0,0,0,0,0,0,0,0,0,0,0,0,0,0,0,0,0,0,0,0,0,0,0,0,0,0,0,0,0,0,0,0,0,0,0,0,,,,,0,F,F,F,F,F,F,F,F,T,T,T,T,T,T,T,1,0,T,0,T,0,T,1,T,0,F,0,T,0,T,0,T,0,T,0,T,0,T,0,F,0,0,0,0,0,0,0,0,0,0,0,0,0,0,0,0,0,0,0,0,0,0,0,0,0,0,0,0,0,0,0,1,0,1,0,1,0,0,0,0,0,0,0,1,0,1,0,0,0,0,0,0,0,0,0,0,0,0,0,0,0,0,0,0,0,0,0,0,0,0,0,0,0,0,0,0,0,0,0,0,0,0,0,0,0,0,0,0,0,0,0,0,0,0
42,2024-02-01,2024-02-29,T,T,T,female,82,1941-11-01,2,Caribbean,519,E54000080,North East,0,0,0,0,0,0,0,0,0,0,0,0,0,0,0,0,0,0,0,0,0,0,0,0,0,0,0,0,0,0,0,0,0,0,0,0,0,0,0,0,0,0,0,0,0,0,0,0,0,0,0,0,0,0,0,0,0,0,0,0,0,0,0,0,0,,,,,0,F,F,F,F,F,F,F,F,T,T,T,T,T,F,T,0,0,F,0,F,0,F,0,F,0,F,0,F,0,F,0,F,0,F,0,F,0,F,0,F,0,0,0,0,0,0,0,0,0,0,0,0,0,0,0,0,0,0,0,0,0,0,0,0,0,0,0,0,0,0,0,0,0,0,0,0,0,0,0,0,0,0,0,0,0,0,0,0,0,0,0,0,0,0,0,0,0,0,0,0,0,0,0,0,0,0,0,0,0,0,0,0,0,0,0,0,0,0,0,0,0,0,0,0,0,0,0,0,0,0,0,0,0,0
43,2024-02-01,2024-02-29,T,T,T,female,23,2000-08-01,Missing,Other White,103,E54000052,North East,0,0,0,0,0,0,0,0,0,0,0,0,0,0,0,0,0,0,0,0,0,0,0,0,0,0,0,0,0,0,0,0,0,0,0,0,0,0,0,0,0,0,0,0,0,0,0,0,0,0,0,0,0,0,0,0,0,0,0,0,0,0,0,0,0,,2024-07-17,,,0,F,F,F,F,F,F,F,F,T,T,T,T,T,T,T,0,0,F,0,F,0,F,0,F,0,F,0,F,0,F,0,F,0,F,0,F,0,F,0,F,0,0,0,0,0,0,0,0,0,0,0,0,0,0,0,0,0,0,0,0,0,0,0,0,0,0,0,0,0,0,0,0,0,0,0,0,0,0,0,0,0,0,0,0,0,0,0,0,0,0,0,0,0,0,0,0,0,0,0,0,0,0,0,0,0,0,0,0,0,0,0,0,0,0,0,0,0,0,0,0,0,0,0,0,0,0,0,0,0,0,0,0,0,0
44,2024-02-01,2024-02-29,T,T,T,unknown,112,1911-10-01,Missing,White and Caribbean,378,E54000048,London,0,0,0,0,0,0,0,0,0,0,0,0,0,0,0,0,0,0,0,0,0,0,0,0,0,0,0,0,0,0,0,0,0,0,0,0,0,0,0,0,0,0,0,0,0,0,0,0,0,0,0,0,0,0,0,0,0,0,0,0,0,0,0,0,0,,,,,0,F,F,F,F,F,F,F,F,T,T,T,T,T,F,T,0,0,F,0,F,0,F,0,F,0,F,0,F,0,F,0,F,0,F,0,F,0,F,0,F,0,0,0,0,0,0,0,0,0,0,0,0,0,0,0,0,0,0,0,0,0,0,0,0,0,0,0,0,0,0,0,0,0,0,0,0,0,0,0,0,0,0,0,0,0,0,0,0,0,0,0,0,0,0,0,0,0,0,0,0,0,0,0,0,0,0,0,0,0,0,0,0,0,0,0,0,0,0,0,0,0,0,0,0,0,0,0,0,0,0,0,0,0,0
45,2024-02-01,2024-02-29,T,T,T,male,119,1904-07-01,Missing,Missing,432,E54000057,Yorkshire and The Humber,0,0,0,0,0,0,0,0,0,0,0,0,0,0,0,0,0,0,0,0,0,0,0,0,0,0,0,0,0,0,0,0,0,0,0,0,0,0,0,0,0,0,0,0,0,0,0,0,0,0,0,0,0,0,0,0,0,0,0,0,0,0,0,0,0,,,,,0,F,F,F,F,F,F,F,F,T,T,T,T,T,F,T,0,0,F,0,F,0,F,0,F,0,F,0,F,0,F,0,F,0,F,0,F,0,F,0,F,0,0,0,0,0,0,0,0,0,0,0,0,0,0,0,0,0,0,0,0,0,0,0,0,0,0,0,0,0,0,0,0,0,0,0,0,0,0,0,0,0,0,0,0,0,0,0,0,0,0,0,0,0,0,0,0,0,0,0,0,0,0,0,0,0,0,0,0,0,0,0,0,0,0,0,0,0,0,0,0,0,0,0,0,0,0,0,0,0,0,0,0,0,0
46,2024-02-01,2024-02-29,T,T,T,female,24,1999-03-01,Missing,Missing,870,E54000050,Missing,0,0,0,0,0,0,0,0,0,0,0,0,0,0,0,0,0,0,0,0,0,0,0,0,0,0,0,0,0,0,0,0,0,0,0,0,0,0,0,0,0,0,0,0,0,0,0,0,0,0,0,0,0,0,0,0,0,0,0,0,0,0,0,0,0,,,,,0,F,F,F,F,F,F,F,F,T,T,T,T,T,T,T,0,0,F,0,F,0,F,0,F,0,F,0,F,0,F,0,F,0,F,0,F,0,F,0,F,0,0,0,0,0,0,0,0,0,0,0,0,0,0,0,0,0,0,0,0,0,0,0,0,0,0,0,0,0,0,0,0,0,0,0,0,0,0,0,0,0,0,0,0,0,0,0,0,0,0,0,0,0,0,0,0,0,0,0,0,0,0,0,0,0,0,0,0,0,0,0,0,0,0,0,0,0,0,0,0,0,0,0,0,0,0,0,0,0,0,0,0,0,0
47,2024-02-01,2024-02-29,T,T,T,intersex,47,1976-11-01,Missing,Other White,394,E54000055,Missing,0,0,0,0,0,0,0,0,0,0,0,0,0,0,0,0,0,0,0,0,0,0,0,0,0,0,0,0,0,0,0,0,0,0,0,0,0,0,0,0,0,0,0,0,0,0,0,0,0,0,0,0,0,0,0,0,0,0,0,0,0,0,0,0,0,,,,,0,F,F,F,F,F,F,F,F,T,T,T,T,T,F,T,0,0,F,0,F,0,F,0,F,0,F,0,F,0,F,0,F,0,F,0,F,0,F,0,F,0,0,0,0,0,0,0,0,0,0,0,0,0,0,0,0,0,0,0,0,0,0,0,0,0,0,0,0,0,0,0,0,0,0,0,0,0,0,0,0,0,0,0,0,0,0,0,0,0,0,0,0,0,0,0,0,0,0,0,0,0,0,0,0,0,0,0,0,0,0,0,0,0,0,0,0,0,0,0,0,0,0,0,0,0,0,0,0,0,0,0,0,0,0
48,2024-02-01,2024-02-29,T,T,T,intersex,9,2014-07-01,Missing,Pakistani,383,E54000033,Missing,0,0,0,0,0,0,0,0,0,0,0,0,0,0,0,0,0,0,0,0,0,0,0,0,0,0,0,0,0,0,0,0,0,0,0,0,0,0,0,0,0,0,0,0,0,0,0,0,0,0,0,0,0,0,0,0,0,0,0,0,0,0,0,0,0,,,,,0,F,F,F,F,F,F,F,T,F,T,T,F,T,F,T,0,0,F,0,F,0,F,0,F,0,F,0,F,0,F,0,F,0,F,0,F,0,F,0,F,0,0,0,0,0,0,0,0,0,0,0,0,0,0,0,0,0,0,0,0,0,0,0,0,0,0,0,0,0,0,0,0,0,0,0,0,0,0,0,0,0,0,0,0,0,0,0,0,0,0,0,0,0,0,0,0,0,0,0,0,0,0,0,0,0,0,0,0,0,0,0,0,0,0,0,0,0,0,0,0,0,0,0,0,0,0,0,0,0,0,0,0,0,0
49,2024-02-01,2024-02-29,T,T,T,intersex,24,1999-08-01,Missing,Other South Asian,230,E54000044,South West,0,0,0,0,0,0,0,0,0,0,0,0,0,0,0,0,0,0,0,0,0,0,0,0,0,0,0,0,0,0,0,0,0,0,0,0,0,0,0,0,0,0,0,0,0,0,0,0,0,0,0,0,0,0,0,0,0,0,0,0,0,0,0,0,0,,,,,0,F,F,F,F,F,F,F,F,T,T,T,T,T,F,T,0,0,F,0,F,0,F,0,F,0,F,0,F,0,F,0,F,0,F,0,F,0,F,0,F,0,0,0,0,0,0,0,0,0,0,0,0,0,0,0,0,0,0,0,0,0,0,0,0,0,0,0,0,0,0,0,0,0,0,0,0,0,0,0,0,0,0,0,0,0,0,0,0,0,0,0,0,0,0,0,0,0,0,0,0,0,0,0,0,0,0,0,0,0,0,0,0,0,0,0,0,0,0,0,0,0,0,0,0,0,0,0,0,0,0,0,0,0,0
50,2024-02-01,2024-02-29,T,T,T,male,21,2002-03-01,1 (Most Deprived),Missing,895,E54000074,South East,0,0,0,0,0,0,0,0,0,0,0,0,0,0,0,0,0,0,0,0,0,0,0,0,0,0,0,0,0,0,0,0,0,0,0,0,0,0,0,0,0,0,0,0,0,0,0,0,0,0,0,0,0,0,0,0,0,0,0,0,0,0,0,0,0,,,,,0,F,F,F,F,F,F,F,F,T,T,T,T,T,F,T,0,0,F,0,F,0,F,0,F,0,F,0,F,0,F,0,F,0,F,0,F,0,F,0,F,0,0,0,0,0,0,0,0,0,0,0,0,0,0,0,0,0,0,0,0,0,0,0,0,0,0,0,0,0,0,0,0,0,0,0,0,0,0,0,0,0,0,0,0,0,0,0,0,0,0,0,0,0,0,0,0,0,0,0,0,0,0,0,0,0,0,0,0,0,0,0,0,0,0,0,0,0,0,0,0,0,0,0,0,0,0,0,0,0,0,0,0,0,0
51,2024-02-01,2024-02-29,T,T,T,female,31,1992-07-01,Missing,All other ethnic groups,859,E54000026,North East,0,0,0,0,0,0,0,0,0,0,0,0,0,0,0,0,0,0,0,0,0,0,0,0,0,0,0,0,0,0,0,0,0,0,0,0,0,0,0,0,0,0,0,0,0,0,0,0,0,0,0,0,0,0,0,0,0,0,0,0,0,0,0,0,0,,,,,0,F,F,F,F,F,F,F,F,T,T,T,T,T,T,T,0,0,F,0,F,0,F,0,F,0,F,0,F,0,F,0,F,0,F,0,F,0,F,0,F,0,0,0,0,0,0,0,0,0,0,0,0,0,0,0,0,0,0,0,0,0,0,0,0,0,0,0,0,0,0,0,0,0,0,0,0,0,0,0,0,0,0,0,0,0,0,0,0,0,0,0,0,0,0,0,0,0,0,0,0,0,0,0,0,0,0,0,0,0,0,0,0,0,0,0,0,0,0,0,0,0,0,0,0,0,0,0,0,0,0,0,0,0,0
52,2024-02-01,2024-02-29,T,T,T,female,61,1963-01-01,Missing,Other South Asian,790,E54000013,South West,0,0,0,0,0,0,0,0,0,0,0,0,0,0,0,0,0,0,0,0,0,0,0,0,0,0,0,0,0,0,0,0,0,0,0,0,0,0,0,0,0,0,0,0,0,0,0,0,0,0,0,0,0,0,0,0,0,0,0,0,0,0,0,0,0,,,,,0,F,F,F,F,F,F,F,F,T,T,T,T,T,T,T,0,0,F,0,F,0,F,0,F,0,F,0,F,0,F,0,F,0,F,0,F,0,F,0,F,0,0,0,0,0,0,0,0,0,0,0,0,0,0,0,0,0,0,0,0,0,0,0,0,0,0,0,0,0,0,0,0,0,0,0,0,0,0,0,0,0,0,0,0,0,0,0,0,0,0,0,0,0,0,0,0,0,0,0,0,0,0,0,0,0,0,0,0,0,0,0,0,0,0,0,0,0,0,0,0,0,0,0,0,0,0,0,0,0,0,0,0,0,0
53,2024-02-01,2024-02-29,T,T,T,intersex,116,1908-02-01,Missing,Missing,115,E54000066,South West,0,0,0,0,0,0,0,0,0,0,0,0,0,0,0,0,0,0,0,0,0,0,0,0,0,0,0,0,0,0,0,0,0,0,0,0,0,0,0,0,0,0,0,0,0,0,0,0,0,0,0,0,0,0,0,0,0,0,0,0,0,0,0,0,0,,,,,0,F,F,F,F,F,F,F,F,T,T,T,T,T,F,T,0,0,F,0,F,0,F,0,F,0,F,0,F,0,F,0,F,0,F,0,F,0,F,0,F,0,0,0,0,0,0,0,0,0,0,0,0,0,0,0,0,0,0,0,0,0,0,0,0,0,0,0,0,0,0,0,0,0,0,0,0,0,0,0,0,0,0,0,0,0,0,0,0,0,0,0,0,0,0,0,0,0,0,0,0,0,0,0,0,0,0,0,0,0,0,0,0,0,0,0,0,0,0,0,0,0,0,0,0,0,0,0,0,0,0,0,0,0,0
54,2024-02-01,2024-02-29,T,T,T,female,80,1943-05-01,Missing,African,548,E54000083,London,0,0,0,0,0,0,0,0,0,0,0,0,0,0,0,0,0,0,0,0,0,0,0,0,0,0,0,0,0,0,0,0,0,0,0,0,0,0,0,0,0,0,0,0,0,0,0,0,0,0,0,0,0,0,0,0,0,0,0,0,0,0,0,0,0,,,,,0,F,F,F,F,F,F,F,F,T,T,T,T,T,F,T,0,0,F,0,F,0,F,0,F,0,F,0,F,0,F,0,F,0,F,0,F,0,F,0,F,0,0,0,0,0,0,0,0,0,0,0,0,0,0,0,0,0,0,0,0,0,0,0,0,0,0,0,0,0,0,0,0,0,0,0,0,0,0,0,0,0,0,0,0,0,0,0,0,0,0,0,0,0,0,0,0,0,0,0,0,0,0,0,0,0,0,0,0,0,0,0,0,0,0,0,0,0,0,0,0,0,0,0,0,0,0,0,0,0,0,0,0,0,0
55,2024-02-01,2024-02-29,T,T,T,female,74,1949-10-01,Missing,Other White,430,E54000042,North East,0,0,0,0,0,0,0,0,0,0,0,0,0,0,0,0,0,0,0,0,0,0,0,0,0,0,0,0,0,0,0,0,0,0,0,0,0,0,0,0,0,0,0,0,0,0,0,0,0,0,0,0,0,0,0,0,0,0,0,0,0,0,0,0,0,,,,,0,F,F,F,F,F,F,F,F,T,T,T,T,T,F,T,0,0,F,0,F,0,F,0,F,0,F,0,F,0,F,0,F,0,F,0,F,0,F,0,F,0,0,0,0,0,0,0,0,0,0,0,0,0,0,0,0,0,0,0,0,0,0,0,0,0,0,0,0,0,0,0,0,0,0,0,0,0,0,0,0,0,0,0,0,0,0,0,0,0,0,0,0,0,0,0,0,0,0,0,0,0,0,0,0,0,0,0,0,0,0,0,0,0,0,0,0,0,0,0,0,0,0,0,0,0,0,0,0,0,0,0,0,0,0
56,2024-02-01,2024-02-29,T,T,T,female,66,1957-12-01,Missing,Caribbean,350,E54000044,London,0,0,0,0,0,0,0,0,0,0,0,0,0,0,0,0,0,0,0,0,0,0,0,0,0,0,0,0,0,0,0,0,0,0,0,0,0,0,0,0,0,0,0,0,0,0,0,0,0,0,0,0,0,0,0,0,0,0,0,0,0,0,0,0,0,,,,,0,F,F,F,F,F,F,F,F,T,T,T,T,T,F,T,0,0,F,0,F,0,F,0,F,0,F,0,F,0,F,0,F,0,F,0,F,0,F,0,F,0,0,0,0,0,0,0,0,0,0,0,0,0,0,0,0,0,0,0,0,0,0,0,0,0,0,0,0,0,0,0,0,0,0,0,0,0,0,0,0,0,0,0,0,0,0,0,0,0,0,0,0,0,0,0,0,0,0,0,0,0,0,0,0,0,0,0,0,0,0,0,0,0,0,0,0,0,0,0,0,0,0,0,0,0,0,0,0,0,0,0,0,0,0
57,2024-02-01,2024-02-29,T,T,T,female,75,1948-09-01,Missing,Missing,588,E54000051,North West,0,0,0,0,0,0,0,0,0,0,0,0,0,0,0,0,0,0,0,0,0,0,0,0,0,0,0,0,0,0,0,0,0,0,0,0,0,0,0,0,0,0,0,0,0,0,0,0,0,0,0,0,0,0,0,0,0,0,0,0,0,0,0,0,0,,,,,0,F,F,F,F,F,F,F,F,T,T,T,T,T,F,T,0,0,F,0,F,0,F,0,F,0,F,0,F,0,F,0,F,0,F,0,F,0,F,0,F,0,0,0,0,0,0,0,0,0,0,0,0,0,0,0,0,0,0,0,0,0,0,0,0,0,0,0,0,0,0,0,0,0,0,0,0,0,0,0,0,0,0,0,0,0,0,0,0,0,0,0,0,0,0,0,0,0,0,0,0,0,0,0,0,0,0,0,0,0,0,0,0,0,0,0,0,0,0,0,0,0,0,0,0,0,0,0,0,0,0,0,0,0,0
58,2024-02-01,2024-02-29,T,T,T,female,60,1963-11-01,Missing,Missing,339,E54000088,Missing,0,0,0,0,0,0,0,0,0,0,0,0,0,0,0,0,0,0,0,0,0,0,0,0,0,0,0,0,0,0,0,0,0,0,0,0,0,0,0,0,0,0,0,0,0,0,0,0,0,0,0,0,0,0,0,0,0,0,0,0,0,0,0,0,0,,,,,0,F,F,F,F,F,F,F,F,T,T,T,T,T,T,T,0,0,F,0,F,0,F,0,F,0,F,0,F,0,F,0,F,0,F,0,F,0,F,0,F,0,0,0,0,0,0,0,0,0,0,0,0,0,0,0,0,0,0,0,0,0,0,0,0,0,0,0,0,0,0,0,0,0,0,0,0,0,0,0,0,0,0,0,0,0,0,0,0,0,0,0,0,0,0,0,0,0,0,0,0,0,0,0,0,0,0,0,0,0,0,0,0,0,0,0,0,0,0,0,0,0,0,0,0,0,0,0,0,0,0,0,0,0,0
59,2024-02-01,2024-02-29,T,T,T,male,16,2008-02-01,1 (Most Deprived),Other White,822,E54000075,Missing,0,0,0,0,0,0,0,0,0,0,0,0,0,0,0,0,0,0,0,0,0,0,0,0,0,0,0,0,0,0,0,0,0,0,0,0,0,0,0,0,0,0,0,0,0,0,0,0,0,0,0,0,0,0,0,0,0,0,0,0,0,0,0,0,0,,,,,0,F,F,F,F,F,F,F,T,T,T,T,F,T,F,T,0,0,F,0,F,0,F,0,F,0,F,0,F,0,F,0,F,0,F,0,F,0,F,0,F,0,0,0,0,0,0,0,0,0,0,0,0,0,0,0,0,0,0,0,0,0,0,0,0,0,0,0,0,0,0,0,0,0,0,0,0,0,0,0,0,0,0,0,0,0,0,0,0,0,0,0,0,0,0,0,0,0,0,0,0,0,0,0,0,0,0,0,0,0,0,0,0,0,0,0,0,0,0,0,0,0,0,0,0,0,0,0,0,0,0,0,0,0,0
60,2024-02-01,2024-02-29,T,T,T,male,103,1920-11-01,Missing,White British,54,E54000001,South West,0,0,0,0,0,0,0,0,0,0,0,0,0,0,0,0,0,0,0,0,0,0,0,0,0,0,0,0,0,0,0,0,0,0,0,0,0,0,0,0,0,0,0,0,0,0,0,0,0,0,0,0,0,0,0,0,0,0,0,0,0,0,0,0,0,,,,,0,F,F,F,F,F,F,F,F,T,T,T,T,T,F,T,0,0,F,0,F,0,F,0,F,0,F,0,F,0,F,0,F,0,F,0,F,0,F,0,F,0,0,0,0,0,0,0,0,0,0,0,0,0,0,0,0,0,0,0,0,0,0,0,0,0,0,0,0,0,0,0,0,0,0,0,0,0,0,0,0,0,0,0,0,0,0,0,0,0,0,0,0,0,0,0,0,0,0,0,0,0,0,0,0,0,0,0,0,0,0,0,0,0,0,0,0,0,0,0,0,0,0,0,0,0,0,0,0,0,0,0,0,0,0
61,2024-02-01,2024-02-29,T,T,T,intersex,6,2017-09-01,Missing,Other White,993,E54000002,Missing,0,0,0,0,0,0,0,0,0,0,0,0,0,0,0,0,0,0,0,0,0,0,0,0,0,0,0,0,0,0,0,0,0,0,0,0,0,0,0,0,0,0,0,0,0,0,0,0,0,0,0,0,0,0,0,0,0,0,0,0,0,0,0,0,0,,,,,0,F,F,F,F,F,F,F,T,F,T,T,F,T,F,T,0,0,F,0,F,0,F,0,F,0,F,0,F,0,F,0,F,0,F,0,F,0,F,0,F,0,0,0,0,0,0,0,0,0,0,0,0,0,0,0,0,0,0,0,0,0,0,0,0,0,0,0,0,0,0,0,0,0,0,0,0,0,0,0,0,0,0,0,0,0,0,0,0,0,0,0,0,0,0,0,0,0,0,0,0,0,0,0,0,0,0,0,0,0,0,0,0,0,0,0,0,0,0,0,0,0,0,0,0,0,0,0,0,0,0,0,0,0,0
62,2024-02-01,2024-02-29,T,T,T,male,33,1990-07-01,Missing,Caribbean,385,E54000047,Yorkshire and The Humber,0,0,0,0,0,0,0,0,0,0,0,0,0,0,0,0,0,0,0,0,0,0,0,0,0,0,0,0,0,0,0,0,0,0,0,0,0,0,0,0,0,0,0,0,0,0,0,0,0,0,0,0,0,0,0,0,0,0,0,0,0,0,0,0,0,,,,,0,F,F,F,F,F,F,F,F,T,T,T,T,T,F,T,0,0,F,0,F,0,F,0,F,0,F,0,F,0,F,0,F,0,F,0,F,0,F,0,F,0,0,0,0,0,0,0,0,0,0,0,0,0,0,0,0,0,0,0,0,0,0,0,0,0,0,0,0,0,0,0,0,0,0,0,0,0,0,0,0,0,0,0,0,0,0,0,0,0,0,0,0,0,0,0,0,0,0,0,0,0,0,0,0,0,0,0,0,0,0,0,0,0,0,0,0,0,0,0,0,0,0,0,0,0,0,0,0,0,0,0,0,0,0
63,2024-02-01,2024-02-29,T,T,T,female,24,1999-04-01,Missing,Other White,178,E54000007,Missing,0,0,0,0,0,0,0,0,0,0,0,0,0,0,0,0,0,0,0,0,0,0,0,0,0,0,0,0,0,0,0,0,0,0,0,0,0,0,0,0,0,0,0,0,0,0,0,0,0,0,0,0,0,0,0,0,0,0,0,0,0,0,0,0,0,,,,,0,F,F,F,F,F,F,F,F,T,T,T,T,T,T,T,0,0,F,0,F,0,F,0,F,0,F,0,F,0,F,0,F,0,F,0,F,0,F,0,F,0,0,0,0,0,0,0,0,0,0,0,0,0,0,0,0,0,0,0,0,0,0,0,0,0,0,0,0,0,0,0,0,0,0,0,0,0,0,0,0,0,0,0,0,0,0,0,0,0,0,0,0,0,0,0,0,0,0,0,0,0,0,0,0,0,0,0,0,0,0,0,0,0,0,0,0,0,0,0,0,0,0,0,0,0,0,0,0,0,0,0,0,0,0
64,2024-02-01,2024-02-29,T,T,T,unknown,29,1994-12-01,3,White and Caribbean,20,E54000053,London,0,0,0,0,0,0,0,0,0,0,0,0,0,0,0,0,0,0,0,0,0,0,0,0,0,0,0,0,0,0,0,0,0,0,0,0,0,0,0,0,0,0,0,0,0,0,0,0,0,0,0,0,0,0,0,0,0,0,0,0,0,0,0,0,0,,,,,0,F,F,F,F,F,F,F,F,T,T,T,T,T,F,T,0,0,F,0,F,0,F,0,F,0,F,0,F,0,F,0,F,0,F,0,F,0,F,0,F,0,0,0,0,0,0,0,0,0,0,0,0,0,0,0,0,0,0,0,0,0,0,0,0,0,0,0,0,0,0,0,0,0,0,0,0,0,0,0,0,0,0,0,0,0,0,0,0,0,0,0,0,0,0,0,0,0,0,0,0,0,0,0,0,0,0,0,0,0,0,0,0,0,0,0,0,0,0,0,0,0,0,0,0,0,0,0,0,0,0,0,0,0,0
65,2024-02-01,2024-02-29,T,T,T,unknown,99,1924-09-01,1 (Most Deprived),Missing,702,E54000010,North East,0,0,0,0,0,0,0,0,0,0,0,0,0,0,0,0,0,0,0,0,0,0,0,0,0,0,0,0,0,0,0,0,0,0,0,0,0,0,0,0,0,0,0,0,0,0,0,0,0,0,0,0,0,0,0,0,0,0,0,0,0,0,0,0,0,,,,,0,F,F,F,F,F,F,F,F,T,T,T,T,T,F,T,0,0,F,0,F,0,F,0,F,0,F,0,F,0,F,0,F,0,F,0,F,0,F,0,F,0,0,0,0,0,0,0,0,0,0,0,0,0,0,0,0,0,0,0,0,0,0,0,0,0,0,0,0,0,0,0,0,0,0,0,0,0,0,0,0,0,0,0,0,0,0,0,0,0,0,0,0,0,0,0,0,0,0,0,0,0,0,0,0,0,0,0,0,0,0,0,0,0,0,0,0,0,0,0,0,0,0,0,0,0,0,0,0,0,0,0,0,0,0
66,2024-02-01,2024-02-29,T,T,T,female,80,1944-01-01,Missing,Other White,601,E54000080,London,0,0,0,0,0,0,0,0,0,0,0,0,0,0,0,0,0,0,0,0,0,0,0,0,0,0,0,0,0,0,0,0,0,0,0,0,0,0,0,0,0,0,0,0,0,0,0,0,0,0,0,0,0,0,0,0,0,0,0,0,0,0,0,0,0,,,,,0,F,F,F,F,F,F,F,F,T,T,T,T,T,F,T,0,0,F,0,F,0,F,0,F,0,F,0,F,0,F,0,F,0,F,0,F,0,F,0,F,0,0,0,0,0,0,0,0,0,0,0,0,0,0,0,0,0,0,0,0,0,0,0,0,0,0,0,0,0,0,0,0,0,0,0,0,0,0,0,0,0,0,0,0,0,0,0,0,0,0,0,0,0,0,0,0,0,0,0,0,0,0,0,0,0,0,0,0,0,0,0,0,0,0,0,0,0,0,0,0,0,0,0,0,0,0,0,0,0,0,0,0,0,0
67,2024-02-01,2024-02-29,T,T,T,female,14,2009-05-01,Missing,Chinese,348,E54000033,North East,0,0,0,0,0,0,0,0,0,0,0,0,0,0,0,0,0,0,0,0,0,0,0,0,0,0,0,0,0,0,0,0,0,0,0,0,0,0,0,0,0,0,0,0,0,0,0,0,0,0,0,0,0,0,0,0,0,0,0,0,0,0,0,0,0,,2024-09-15,,,0,F,F,F,F,F,F,F,T,T,T,T,F,T,F,T,0,0,F,0,F,0,F,0,F,0,F,0,F,0,F,0,F,0,F,0,F,0,F,0,F,0,0,0,0,0,0,0,0,0,0,0,0,0,0,0,0,0,0,0,0,0,0,0,0,0,0,0,0,0,0,0,0,0,0,0,0,0,0,0,0,0,0,0,0,0,0,0,0,0,0,0,0,0,0,0,0,0,0,0,0,0,0,0,0,0,0,0,0,0,0,0,0,0,0,0,0,0,0,0,0,0,0,0,0,0,0,0,0,0,0,0,0,0,0
68,2024-02-01,2024-02-29,T,T,T,unknown,18,2005-03-01,Missing,Other Black,382,E54000059,East,0,0,0,0,0,0,0,0,0,0,0,0,0,0,0,0,0,0,0,0,0,0,0,0,0,0,0,0,0,0,0,0,0,0,0,0,0,0,0,0,0,0,0,0,0,0,0,0,0,0,0,0,0,0,0,0,0,0,0,0,0,0,0,0,0,,,,,0,F,F,F,F,F,F,F,F,T,T,T,T,T,F,T,0,0,F,0,F,0,F,0,F,0,F,0,F,0,F,0,F,0,F,0,F,0,F,0,F,0,0,0,0,0,0,0,0,0,0,0,0,0,0,0,0,0,0,0,0,0,0,0,0,0,0,0,0,0,0,0,0,0,0,0,0,0,0,0,0,0,0,0,0,0,0,0,0,0,0,0,0,0,0,0,0,0,0,0,0,0,0,0,0,0,0,0,0,0,0,0,0,0,0,0,0,0,0,0,0,0,0,0,0,0,0,0,0,0,0,0,0,0,0
69,2024-02-01,2024-02-29,T,T,T,female,25,1998-03-01,1 (Most Deprived),Other South Asian,832,E54000010,North West,0,0,0,0,0,0,0,0,0,0,0,0,0,0,0,0,0,0,0,0,0,0,0,0,0,0,0,0,0,0,0,0,0,0,0,0,0,0,0,0,0,0,0,0,0,0,0,0,0,0,0,0,0,0,0,0,0,0,0,0,0,0,0,0,0,,,,,0,F,F,F,F,F,F,F,F,T,T,T,T,T,T,T,0,0,F,0,F,0,F,0,F,0,F,0,F,0,F,0,F,0,F,0,F,0,F,0,F,0,0,0,0,0,0,0,0,0,0,0,0,0,0,0,0,0,0,0,0,0,0,0,0,0,0,0,0,0,0,0,0,0,0,0,0,0,0,0,0,0,0,0,0,0,0,0,0,0,0,0,0,0,0,0,0,0,0,0,0,0,0,0,0,0,0,0,0,0,0,0,0,0,0,0,0,0,0,0,0,0,0,0,0,0,0,0,0,0,0,0,0,0,0
70,2024-02-01,2024-02-29,T,T,T,male,84,1939-05-01,Missing,Missing,993,E54000017,Yorkshire and The Humber,0,0,0,0,0,0,0,0,0,0,0,0,0,0,0,0,0,0,0,0,0,0,0,0,0,0,0,0,0,0,0,0,0,0,0,0,0,0,0,0,0,0,0,0,0,0,0,0,0,0,0,0,0,0,0,0,0,0,0,0,0,0,0,0,0,,,,,0,F,F,F,F,F,F,F,F,T,T,T,T,T,F,T,0,0,F,0,F,0,F,0,F,0,F,0,F,0,F,0,F,0,F,0,F,0,F,0,F,0,0,0,0,0,0,0,0,0,0,0,0,0,0,0,0,0,0,0,0,0,0,0,0,0,0,0,0,0,0,0,0,0,0,0,0,0,0,0,0,0,0,0,0,0,0,0,0,0,0,0,0,0,0,0,0,0,0,0,0,0,0,0,0,0,0,0,0,0,0,0,0,0,0,0,0,0,0,0,0,0,0,0,0,0,0,0,0,0,0,0,0,0,0
71,2024-02-01,2024-02-29,T,T,T,male,44,1979-04-01,Missing,Missing,837,E54000074,Yorkshire and The Humber,0,0,0,0,0,0,0,0,0,0,0,0,0,0,0,0,0,0,0,0,0,0,0,0,0,0,0,0,0,0,0,0,0,0,0,0,0,0,0,0,0,0,0,0,0,0,0,0,0,0,0,0,0,0,0,0,0,0,0,0,0,0,0,0,0,,,,,0,F,F,F,F,F,F,F,F,T,T,T,T,T,F,T,0,0,F,0,F,0,F,0,F,0,F,0,F,0,F,0,F,0,F,0,F,0,F,0,F,0,0,0,0,0,0,0,0,0,0,0,0,0,0,0,0,0,0,0,0,0,0,0,0,0,0,0,0,0,0,0,0,0,0,0,0,0,0,0,0,0,0,0,0,0,0,0,0,0,0,0,0,0,0,0,0,0,0,0,0,0,0,0,0,0,0,0,0,0,0,0,0,0,0,0,0,0,0,0,0,0,0,0,0,0,0,0,0,0,0,0,0,0,0
72,2024-02-01,2024-02-29,T,T,T,male,93,1930-10-01,Missing,Missing,424,E54000058,South East,0,0,0,0,0,0,0,0,0,0,0,0,0,0,0,0,0,0,0,0,0,0,0,0,0,0,0,0,0,0,0,0,0,0,0,0,0,0,0,0,0,0,0,0,0,0,0,0,0,0,0,0,0,0,0,0,0,0,0,0,0,0,0,0,0,,,,,0,F,F,F,F,F,F,F,F,T,T,T,T,T,F,T,0,0,F,0,F,0,F,0,F,0,F,0,F,0,F,0,F,0,F,0,F,0,F,0,F,0,0,0,0,0,0,0,0,0,0,0,0,0,0,0,0,0,0,0,0,0,0,0,0,0,0,0,0,0,0,0,0,0,0,0,0,0,0,0,0,0,0,0,0,0,0,0,0,0,0,0,0,0,0,0,0,0,0,1,1,0,0,0,0,0,0,0,0,0,0,0,0,0,0,0,1,0,0,1,0,0,0,0,0,0,0,0,0,0,0,0,0,0,1
73,2024-02-01,2024-02-29,T,T,T,intersex,46,1977-06-01,Missing,White and Caribbean,312,E54000079,East,0,0,0,0,0,0,0,0,0,0,0,0,0,0,0,0,0,0,0,0,0,0,0,0,0,0,0,0,0,0,0,0,0,0,0,0,0,0,0,0,0,0,0,0,0,0,0,0,0,0,0,0,0,0,0,0,0,0,0,0,0,0,0,0,0,,,,,0,F,F,F,F,F,F,F,F,T,T,T,T,T,F,T,0,0,F,0,F,0,F,0,F,0,F,0,F,0,F,0,F,0,F,0,F,0,F,0,F,0,0,0,0,0,0,0,0,0,0,0,0,0,0,0,0,0,0,0,0,0,0,0,0,0,0,0,0,0,0,0,0,0,0,0,0,0,0,0,0,0,0,0,0,0,0,0,0,0,0,0,0,0,0,0,0,0,0,0,0,0,0,0,0,0,0,0,0,0,0,0,0,0,0,0,0,0,0,0,0,0,0,0,0,0,0,0,0,0,0,0,0,0,0
74,2024-02-01,2024-02-29,T,T,T,unknown,39,1984-07-01,5 (Least Deprived),Missing,504,E54000051,London,0,0,0,0,0,0,0,0,0,0,0,0,0,0,0,0,0,0,0,0,0,0,0,0,0,0,0,0,0,0,0,0,0,0,0,0,0,0,0,0,0,0,0,0,0,0,0,0,0,0,0,0,0,0,0,0,0,0,0,0,0,0,0,0,0,,,,,0,F,F,F,F,F,F,F,F,T,T,T,T,T,F,T,0,0,F,0,F,0,F,0,F,0,F,0,F,0,F,0,F,0,F,0,F,0,F,0,F,0,0,0,0,0,0,0,0,0,0,0,0,0,0,0,0,0,0,0,0,0,0,0,0,0,0,0,0,0,0,0,0,0,0,0,0,0,0,0,0,0,0,0,0,0,0,0,0,0,0,0,0,0,0,0,0,0,0,0,0,0,0,0,0,0,0,0,0,0,0,0,0,0,0,0,0,0,0,0,0,0,0,0,0,0,0,0,0,0,0,0,0,0,0
75,2024-02-01,2024-02-29,T,T,T,female,19,2004-03-01,Missing,African,520,E54000034,London,0,0,0,0,0,0,0,0,0,0,0,0,0,0,0,0,0,0,0,0,0,0,0,0,0,0,0,0,0,0,0,0,0,0,0,0,0,0,0,0,0,0,0,0,0,0,0,0,0,0,0,0,0,0,0,0,0,0,0,0,0,0,0,0,0,,,,,0,F,F,F,F,F,F,F,F,T,T,T,T,T,T,T,0,0,F,0,F,0,F,0,F,0,F,0,F,0,F,0,F,0,F,0,F,0,F,0,F,0,0,0,0,0,0,0,0,0,0,0,0,0,0,0,0,0,0,0,0,0,0,0,0,0,0,0,0,0,0,0,0,0,0,0,0,0,0,0,0,0,0,0,0,0,0,0,0,0,0,0,0,0,0,0,0,0,0,0,0,0,0,0,0,0,0,0,0,0,0,0,0,0,0,0,0,0,0,0,0,0,0,0,0,0,0,0,0,0,0,0,0,0,0
76,2024-02-01,2024-02-29,T,T,T,female,96,1927-03-01,Missing,Indian,536,E54000059,East,0,0,0,0,0,0,0,0,0,0,0,0,0,0,0,0,0,0,0,0,0,0,0,0,0,0,0,0,0,0,0,0,0,0,0,0,0,0,0,0,0,0,0,0,0,0,0,0,0,0,0,0,0,0,0,0,0,0,0,0,0,0,0,0,0,,,,,0,F,F,F,F,F,F,F,F,T,T,T,T,T,F,T,0,0,F,0,F,0,F,0,F,0,F,0,F,0,F,0,F,0,F,0,F,0,F,0,F,0,0,0,0,0,0,0,0,0,0,0,0,0,0,0,0,0,0,0,0,0,0,0,0,0,0,0,0,0,0,0,0,0,0,0,0,0,0,0,0,0,0,0,0,0,0,0,0,0,0,0,0,0,0,0,0,0,0,0,0,0,0,0,0,0,0,0,0,0,0,0,0,0,0,0,0,0,0,0,0,0,0,0,0,0,0,0,0,0,0,0,0,0,0
77,2024-02-01,2024-02-29,T,T,T,female,63,1960-12-01,3,Other South Asian,632,E54000080,London,0,0,0,0,0,0,0,0,0,0,0,0,0,0,0,0,0,0,0,0,0,0,0,0,0,0,0,0,0,0,0,0,0,0,0,0,0,0,0,0,0,0,0,0,0,0,0,0,0,0,0,0,0,0,0,0,0,0,0,0,0,0,0,0,0,,,,,0,F,F,F,F,F,F,F,F,T,T,T,T,T,T,T,0,0,F,0,F,0,F,0,F,0,F,0,F,0,F,0,F,0,F,0,F,0,F,0,F,0,0,0,0,0,0,0,0,0,0,0,0,0,0,0,0,0,0,0,0,0,0,0,0,0,0,0,0,0,0,0,0,0,0,0,0,0,0,0,0,0,0,0,0,0,0,0,0,0,0,0,0,0,0,0,0,0,0,0,0,0,0,0,0,0,0,0,0,0,0,0,0,0,0,0,0,0,0,0,0,0,0,0,0,0,0,0,0,0,0,0,0,0,0
78,2024-02-01,2024-02-29,T,T,T,female,3,2020-10-01,2,Other South Asian,726,E54000077,London,0,0,0,0,0,0,0,0,0,0,0,0,0,0,0,0,0,0,0,0,0,0,0,0,0,0,0,0,0,0,0,0,0,0,0,0,0,0,0,0,0,0,0,0,0,0,0,0,0,0,0,0,0,0,0,0,0,0,0,0,0,0,0,0,0,,,,,0,F,F,F,F,F,F,F,T,F,F,T,F,T,F,T,0,0,F,0,F,0,F,0,F,0,F,0,F,0,F,0,F,0,F,0,F,0,F,0,F,0,0,0,0,0,0,0,0,0,0,0,0,0,0,0,0,0,0,0,0,0,0,0,0,0,0,0,0,0,0,0,0,0,0,0,0,0,0,0,0,0,0,0,0,0,0,0,0,0,0,0,0,0,0,0,0,0,0,0,0,0,0,0,0,0,0,0,0,0,0,0,0,0,0,0,0,0,0,0,0,0,0,0,0,0,0,0,0,0,0,0,0,0,0
79,2024-02-01,2024-02-29,T,T,T,female,1,2022-09-01,Missing,All other ethnic groups,588,E54000033,South West,0,0,0,0,0,0,0,0,0,0,0,0,0,0,0,0,0,0,0,0,0,0,0,0,0,0,0,0,0,0,0,0,0,0,0,0,0,0,0,0,0,0,0,0,0,0,0,0,0,0,0,0,0,0,0,0,0,0,0,0,0,0,0,0,0,,,,,0,F,F,F,F,F,F,F,T,F,F,T,F,T,F,T,0,0,F,0,F,0,F,0,F,0,F,0,F,0,F,0,F,0,F,0,F,0,F,0,F,0,0,0,0,0,0,0,0,0,0,0,0,0,0,0,0,0,0,0,0,0,0,0,0,0,0,0,0,0,0,0,0,0,0,0,0,0,0,0,0,0,0,0,0,0,0,0,0,0,0,0,0,0,0,0,0,0,0,0,0,0,0,0,0,0,0,0,0,0,0,0,0,0,0,0,0,0,0,0,0,0,0,0,0,0,0,0,0,0,0,0,0,0,0
80,2024-02-01,2024-02-29,T,T,T,unknown,56,1967-07-01,Missing,Missing,334,E54000043,Missing,0,0,0,0,0,0,0,0,0,0,0,0,0,0,0,0,0,0,0,0,0,0,0,0,0,0,0,0,0,0,0,0,0,0,0,0,0,0,0,0,0,0,0,0,0,0,0,0,0,0,0,0,0,0,0,0,0,0,0,0,0,0,0,0,0,,,,,0,F,F,F,F,F,F,F,F,T,T,T,T,T,F,T,0,0,F,0,F,0,F,0,F,0,F,0,F,0,F,0,F,0,F,0,F,0,F,0,F,0,0,0,0,0,0,0,0,0,0,0,0,0,0,0,0,0,0,0,0,0,0,0,0,0,0,0,0,0,0,0,0,0,0,0,0,0,0,0,0,0,0,0,0,0,0,0,0,0,0,0,0,0,0,0,0,0,0,0,0,0,0,0,0,0,0,0,0,0,0,0,0,0,0,0,0,0,0,0,0,0,0,0,0,0,0,0,0,0,0,0,0,0,0
81,2024-02-01,2024-02-29,T,T,T,male,51,1972-08-01,Missing,White British,107,E54000073,East,0,0,0,0,0,0,0,0,0,0,0,0,0,0,0,0,0,0,0,0,0,0,0,0,0,0,0,0,0,0,0,0,0,0,0,0,0,0,0,0,0,0,0,0,0,0,0,0,0,0,0,0,0,0,0,0,0,0,0,0,0,0,0,0,0,,,,,0,F,F,F,F,F,F,F,F,T,T,T,T,T,F,T,0,0,F,0,F,0,F,0,F,0,F,0,F,0,F,0,F,0,F,0,F,0,F,0,F,0,0,0,0,0,0,0,0,0,0,0,0,0,0,0,0,0,0,0,0,0,0,0,0,0,0,0,0,0,0,0,0,0,0,0,0,0,0,0,0,0,0,0,0,0,0,0,0,0,0,0,0,0,0,0,0,0,0,0,0,0,0,0,0,0,0,0,0,0,0,0,0,0,0,0,0,0,0,0,0,0,0,0,0,0,0,0,0,0,0,0,0,0,0
82,2024-02-01,2024-02-29,T,T,T,unknown,47,1976-08-01,2,Missing,131,E54000061,South West,0,0,0,0,0,0,0,0,0,0,0,0,0,0,0,0,0,0,0,0,0,0,0,0,0,0,0,0,0,0,0,0,0,0,0,0,0,0,0,0,0,0,0,0,0,0,0,0,0,0,0,0,0,0,0,0,0,0,0,0,0,0,0,0,0,,,,,0,F,F,F,F,F,F,F,F,T,T,T,T,T,F,T,0,0,F,0,F,0,F,0,F,0,F,0,F,0,F,0,F,0,F,0,F,0,F,0,F,0,0,0,0,0,0,0,0,0,0,0,0,0,0,0,0,0,0,0,0,0,0,0,0,0,0,0,0,0,0,0,0,0,0,0,0,0,0,0,0,0,0,0,0,0,0,0,0,0,0,0,0,0,0,0,0,0,0,0,0,0,0,0,0,0,0,0,0,0,0,0,0,0,0,0,0,0,0,0,0,0,0,0,0,0,0,0,0,0,0,0,0,0,0
83,2024-02-01,2024-02-29,T,T,T,male,13,2010-07-01,5 (Least Deprived),Caribbean,501,E54000013,West Midlands,0,0,0,0,0,0,0,0,0,0,0,0,0,0,0,0,0,0,0,0,0,0,0,0,0,0,0,0,0,0,0,0,0,0,0,0,0,0,0,0,0,0,0,0,0,0,0,0,0,0,0,0,0,0,0,0,0,0,0,0,0,0,0,0,0,,,,,0,F,F,F,F,F,F,F,T,T,T,T,F,T,F,T,0,0,F,0,F,0,F,0,F,0,F,0,F,0,F,0,F,0,F,0,F,0,F,0,F,0,0,0,0,0,0,0,0,0,0,0,0,0,0,0,0,0,0,0,0,0,0,0,0,0,0,0,0,0,0,0,0,0,0,0,0,0,0,0,0,0,0,0,0,0,0,0,0,0,0,0,0,0,0,0,0,0,0,0,0,0,0,0,0,0,0,0,0,0,0,0,0,0,0,0,0,0,0,0,0,0,0,0,0,0,0,0,0,0,0,0,0,0,0
84,2024-02-01,2024-02-29,T,T,T,female,27,1996-10-01,4,White and African,734,E54000021,East Midlands,0,0,0,0,0,0,0,0,0,0,0,0,0,0,0,0,0,0,0,0,0,0,0,0,0,0,0,0,0,0,0,0,0,0,0,0,0,0,0,0,0,0,0,0,0,0,0,0,0,0,0,0,0,0,0,0,0,0,0,0,0,0,0,0,0,,,,,0,F,F,F,F,F,F,F,F,T,T,T,T,T,T,T,0,0,F,0,F,0,F,0,F,0,F,0,F,0,F,0,F,0,F,0,F,0,F,0,F,0,0,0,0,0,0,0,0,0,0,0,0,0,0,0,0,0,0,0,0,0,0,0,0,0,0,0,0,0,0,0,0,0,0,0,0,0,0,0,0,0,0,0,0,0,0,0,0,0,0,0,0,0,0,0,0,0,0,0,0,0,0,0,0,0,0,0,0,0,0,0,0,0,0,0,0,0,0,0,0,0,0,0,0,0,0,0,0,0,0,0,0,0,0
85,2024-02-01,2024-02-29,T,T,T,male,106,1917-12-01,Missing,White and Asian,287,E54000024,Yorkshire and The Humber,0,0,0,0,0,0,0,0,0,0,0,0,0,0,0,0,0,0,0,0,0,0,0,0,0,0,0,0,0,0,0,0,0,0,0,0,0,0,0,0,0,0,0,0,0,0,0,0,0,0,0,0,0,0,0,0,0,0,0,0,0,0,0,0,0,,,,,0,F,F,F,F,F,F,F,F,T,T,T,T,T,F,T,0,0,F,0,F,0,F,0,F,0,F,0,F,0,F,0,F,0,F,0,F,0,F,0,F,0,0,0,0,0,0,0,0,0,0,0,0,0,0,0,0,0,0,0,0,0,0,0,0,0,0,0,0,0,0,0,0,0,0,0,0,0,0,0,0,0,0,0,0,0,0,0,0,0,0,0,0,0,0,0,0,0,0,0,0,0,0,0,0,0,0,0,0,0,0,0,0,0,0,0,0,0,0,0,0,0,0,0,0,0,0,0,0,0,0,0,0,0,0
86,2024-02-01,2024-02-29,T,T,T,female,17,2006-03-01,1 (Most Deprived),Missing,990,E54000031,South West,0,0,0,0,0,0,0,0,0,0,0,0,0,0,0,0,0,0,0,0,0,0,0,0,0,0,0,0,0,0,0,0,0,0,0,0,0,0,0,0,0,0,0,0,0,0,0,0,0,0,0,0,0,0,0,0,0,0,0,0,0,0,0,0,0,,,,,0,F,F,F,F,F,F,F,T,T,T,T,F,T,T,T,0,0,F,0,F,0,F,0,F,0,F,0,F,0,F,0,F,0,F,0,F,0,F,0,F,0,0,0,0,0,0,0,0,0,0,0,0,0,0,0,0,0,0,0,0,0,0,0,0,0,0,0,0,0,0,0,0,0,0,0,0,0,0,0,0,0,0,0,0,0,0,0,0,0,0,0,0,0,0,0,0,0,0,0,0,0,0,0,0,0,0,0,0,0,0,0,0,0,0,0,0,0,0,0,0,0,0,0,0,0,0,0,0,0,0,0,0,0,0
87,2024-02-01,2024-02-29,T,T,T,female,25,1998-03-01,Missing,Missing,419,E54000091,South West,0,0,0,0,0,0,0,0,0,0,0,0,0,0,0,0,0,0,0,0,0,0,0,0,0,0,0,0,0,0,0,0,0,0,0,0,0,0,0,0,0,0,0,0,0,0,0,0,0,0,0,0,0,0,0,0,0,0,0,0,0,0,0,0,0,,,,,0,F,F,F,F,F,F,F,F,T,T,T,T,T,T,T,0,0,F,0,F,0,F,0,F,0,F,0,F,0,F,0,F,0,F,0,F,0,F,0,F,0,0,0,0,0,0,0,0,0,0,0,0,0,0,0,0,0,0,0,0,0,0,0,0,0,0,0,0,0,0,0,0,0,0,0,0,0,0,0,0,0,0,0,0,0,0,0,0,0,0,0,0,0,0,0,0,0,0,0,0,0,0,0,0,0,0,0,0,0,0,0,0,0,0,0,0,0,0,0,0,0,0,0,0,0,0,0,0,0,0,0,0,0,0
88,2024-02-01,2024-02-29,T,T,T,intersex,74,1949-05-01,Missing,Other White,954,E54000065,West Midlands,0,0,0,0,0,0,0,0,0,0,0,0,0,0,0,0,0,0,0,0,0,0,0,0,0,0,0,0,0,0,0,0,0,0,0,0,0,0,0,0,0,0,0,0,0,0,0,0,0,0,0,0,0,0,0,0,0,0,0,0,0,0,0,0,0,,,,,0,F,F,F,F,F,F,F,F,T,T,T,T,T,F,T,0,0,F,0,F,0,F,0,F,0,F,0,F,0,F,0,F,0,F,0,F,0,F,0,F,0,0,0,0,0,0,0,0,0,0,0,0,0,0,0,0,0,0,0,0,0,0,0,0,0,0,0,0,0,0,0,0,0,0,0,0,0,0,0,0,0,0,0,0,0,0,0,0,0,0,0,0,0,0,0,0,0,0,0,0,0,0,0,0,0,0,0,0,0,0,0,0,0,0,0,0,0,0,0,0,0,0,0,0,0,0,0,0,0,0,0,0,0,0
89,2024-02-01,2024-02-29,T,T,T,male,42,1982-01-01,Missing,Other Mixed,506,E54000075,North East,0,0,0,0,0,0,0,0,0,0,0,0,0,0,0,0,0,0,0,0,0,0,0,0,0,0,0,0,0,0,0,0,0,0,0,0,0,0,0,0,0,0,0,0,0,0,0,0,0,0,0,0,0,0,0,0,0,0,0,0,0,0,0,0,0,,,,,0,F,F,F,F,F,F,F,F,T,T,T,T,T,F,T,0,0,F,0,F,0,F,0,F,0,F,0,F,0,F,0,F,0,F,0,F,0,F,0,F,0,0,0,0,0,0,0,0,0,0,0,0,0,0,0,0,0,0,0,0,0,0,0,0,0,0,0,0,0,0,0,0,0,0,0,0,0,0,0,0,0,0,0,0,0,0,0,0,0,0,0,0,0,0,0,0,0,0,0,0,0,0,0,0,0,0,0,0,0,0,0,0,0,0,0,0,0,0,0,0,0,0,0,0,0,0,0,0,0,0,0,0,0,0
90,2024-02-01,2024-02-29,T,T,T,unknown,15,2008-03-01,Missing,Missing,661,E54000020,East,0,0,0,0,0,0,0,0,0,0,0,0,0,0,0,0,0,0,0,0,0,0,0,0,0,0,0,0,0,0,0,0,0,0,0,0,0,0,0,0,0,0,0,0,0,0,0,0,0,0,0,0,0,0,0,0,0,0,0,0,0,0,0,0,0,,,,,0,F,F,F,F,F,F,F,T,T,T,T,F,T,F,T,0,0,F,0,F,0,F,0,F,0,F,0,F,0,F,0,F,0,F,0,F,0,F,0,F,0,0,0,0,0,0,0,0,0,0,0,0,0,0,0,0,0,0,0,0,0,0,0,0,0,0,0,0,0,0,0,0,0,0,0,0,0,0,0,0,0,0,0,0,0,0,0,0,0,0,0,0,0,0,0,0,0,0,0,0,0,0,0,0,0,0,0,0,0,0,0,0,0,0,0,0,0,0,0,0,0,0,0,0,0,0,0,0,0,0,0,0,0,0
91,2024-02-01,2024-02-29,T,T,T,male,99,1924-03-01,1 (Most Deprived),Caribbean,518,E54000057,Yorkshire and The Humber,0,0,0,0,0,0,0,0,0,0,0,0,0,0,0,0,0,0,0,0,0,0,0,0,0,0,0,0,0,0,0,0,0,0,0,0,0,0,0,0,0,0,0,0,0,0,0,0,0,0,0,0,0,0,0,0,0,0,0,0,0,0,0,0,0,,,,,0,F,F,F,F,F,F,F,F,T,T,T,T,T,F,T,0,0,F,0,F,0,F,0,F,0,F,0,F,0,F,0,F,0,F,0,F,0,F,0,F,0,0,0,0,0,0,0,0,0,0,0,0,0,0,0,0,0,0,0,0,0,0,0,0,0,0,0,0,0,0,0,0,0,0,0,0,0,0,0,0,0,0,0,0,0,0,0,0,0,0,0,0,0,0,0,0,0,0,0,0,0,0,0,0,0,0,0,0,0,0,0,0,0,0,0,0,0,0,0,0,0,0,0,0,0,0,0,0,0,0,0,0,0,0
92,2024-02-01,2024-02-29,T,T,T,female,20,2003-03-01,Missing,Missing,947,E54000069,North East,0,0,0,0,0,0,0,0,0,0,0,0,0,0,0,0,0,0,0,0,0,0,0,0,0,0,0,0,0,0,0,0,0,0,0,0,0,0,0,0,0,0,0,0,0,0,0,0,0,0,0,0,0,0,0,0,0,0,0,0,0,0,0,0,0,,,,,0,F,F,F,F,F,F,F,F,T,T,T,T,T,T,T,0,0,F,0,F,0,F,0,F,0,F,0,F,0,F,0,F,0,F,0,F,0,F,0,F,0,0,0,0,0,0,0,0,0,0,0,0,0,0,0,0,0,0,0,0,0,0,0,0,0,0,0,0,0,0,0,0,0,0,0,0,0,0,0,0,0,0,0,0,0,0,0,0,0,0,0,0,0,0,0,0,0,0,0,0,0,0,0,0,0,0,0,0,0,0,0,0,0,0,0,0,0,0,0,0,0,0,0,0,0,0,0,0,0,0,0,0,0,0
93,2024-02-01,2024-02-29,T,T,T,female,82,1941-05-01,1 (Most Deprived),Missing,323,E54000002,East Midlands,0,0,0,0,0,0,0,0,0,0,0,0,0,0,0,0,0,0,0,0,0,0,0,0,0,0,0,0,0,0,0,0,0,0,0,0,0,0,0,0,0,0,0,0,0,0,0,0,0,0,0,0,0,0,0,0,0,0,0,0,0,0,0,0,0,,,,,0,F,F,F,F,F,F,F,F,T,T,T,T,T,F,T,0,0,F,0,F,0,F,0,F,0,F,0,F,0,F,0,F,0,F,0,F,0,F,0,F,0,0,0,0,0,0,0,0,0,0,0,0,0,0,0,0,0,0,0,0,0,0,0,0,0,0,0,0,0,0,0,0,0,0,0,0,0,0,0,0,0,0,0,0,0,0,0,0,0,0,0,0,0,0,0,0,0,0,0,0,0,0,0,0,0,0,0,0,0,0,0,0,0,0,0,0,0,0,0,0,0,0,0,0,0,0,0,0,0,0,0,0,0,0
94,2024-02-01,2024-02-29,T,T,T,intersex,24,2000-01-01,Missing,All other ethnic groups,702,E54000073,West Midlands,0,0,0,0,0,0,0,0,0,0,0,0,0,0,0,0,0,0,0,0,0,0,0,0,0,0,0,0,0,0,0,0,0,0,0,0,0,0,0,0,0,0,0,0,0,0,0,0,0,0,0,0,0,0,0,0,0,0,0,0,0,0,0,0,0,,,,,0,F,F,F,F,F,F,F,F,T,T,T,T,T,F,T,0,0,F,0,F,0,F,0,F,0,F,0,F,0,F,0,F,0,F,0,F,0,F,0,F,0,0,0,0,0,0,0,0,0,0,0,0,0,0,0,0,0,0,0,0,0,0,0,0,0,0,0,0,0,0,0,0,0,0,0,0,0,0,0,0,0,0,0,0,0,0,0,0,0,0,0,0,0,0,0,0,0,0,0,0,0,0,0,0,0,0,0,0,0,0,0,0,0,0,0,0,0,0,0,0,0,0,0,0,0,0,0,0,0,0,0,0,0,0
95,2024-02-01,2024-02-29,T,T,T,female,25,1998-04-01,2,Other Mixed,93,E54000047,North East,0,0,0,0,0,0,0,0,0,0,0,0,0,0,0,0,0,0,0,0,0,0,0,0,0,0,0,0,0,0,0,0,0,0,0,0,0,0,0,0,0,0,0,0,0,0,0,0,0,0,0,0,0,0,0,0,0,0,0,0,0,0,0,0,0,,,,,0,F,F,F,F,F,F,F,F,T,T,T,T,T,T,T,0,0,F,0,F,0,F,0,F,0,F,0,F,0,F,0,F,0,F,0,F,0,F,0,F,0,0,0,0,0,0,0,0,0,0,0,0,0,0,0,0,0,0,0,0,0,0,0,0,0,0,0,0,0,0,0,0,0,0,0,0,0,0,0,0,0,0,0,0,0,0,0,0,0,0,0,0,0,0,0,0,0,0,0,0,0,0,0,0,0,0,0,0,0,0,0,0,0,0,0,0,0,0,0,0,0,0,0,0,0,0,0,0,0,0,0,0,0,0
96,2024-02-01,2024-02-29,T,T,T,unknown,22,2001-12-01,Missing,Other South Asian,717,E54000096,London,0,0,0,0,0,0,0,0,0,0,0,0,0,0,0,0,0,0,0,0,0,0,0,0,0,0,0,0,0,0,0,0,1,1,1,0,0,0,0,0,0,0,0,0,0,0,0,0,0,0,0,0,0,0,0,0,0,0,0,0,0,0,0,0,0,,,,,0,F,F,F,F,F,F,F,F,T,T,T,T,T,F,T,0,0,F,0,F,0,F,0,F,0,F,0,F,0,F,0,F,0,F,0,F,0,F,0,F,0,0,0,0,0,0,0,0,0,0,0,0,0,0,0,0,0,0,0,0,0,0,0,0,0,0,0,0,0,0,0,0,0,0,0,0,0,0,0,0,0,0,0,0,0,0,0,0,0,0,0,0,0,0,0,0,0,0,0,0,0,0,0,0,0,0,0,0,0,0,0,0,0,0,0,0,0,0,0,0,0,0,0,0,0,0,0,0,0,0,0,0,0,0
97,2024-02-01,2024-02-29,T,T,T,female,52,1971-08-01,Missing,African,532,E54000051,London,0,0,0,0,0,0,0,0,0,0,0,0,0,0,0,0,0,0,0,0,0,0,0,0,0,0,0,0,0,0,0,0,0,0,0,0,0,0,0,0,0,0,0,0,0,0,0,0,0,0,0,0,0,0,0,0,0,0,0,0,0,0,0,0,0,,,,,0,F,F,F,F,F,F,F,F,T,T,T,T,T,T,T,0,0,F,0,F,0,F,0,F,0,F,0,F,0,F,0,F,0,F,0,F,0,F,0,F,0,0,0,0,0,0,0,0,0,0,0,0,0,0,0,0,0,0,0,0,0,0,0,0,0,0,0,0,0,0,0,0,0,0,0,0,0,0,0,0,0,0,0,0,0,0,0,0,0,0,0,0,0,0,0,0,0,0,0,0,0,0,0,0,0,0,0,0,0,0,0,0,0,0,0,0,0,0,0,0,0,0,0,0,0,0,0,0,0,0,0,0,0,0
98,2024-02-01,2024-02-29,T,T,T,intersex,17,2007-01-01,1 (Most Deprived),Missing,535,E54000082,North West,0,0,0,0,0,0,0,0,0,0,0,0,0,0,0,0,0,0,0,0,0,0,0,0,0,0,0,0,0,0,0,0,0,0,0,0,0,0,0,0,0,0,0,0,0,0,0,0,0,0,0,0,0,0,0,0,0,0,0,0,0,0,0,0,0,,,,,0,F,F,F,F,F,F,F,T,T,T,T,F,T,F,T,0,0,F,0,F,0,F,0,F,0,F,0,F,0,F,0,F,0,F,0,F,0,F,0,F,0,0,0,0,0,0,0,0,0,0,0,0,0,0,0,0,0,0,0,0,0,0,0,0,0,0,0,0,0,0,0,0,0,0,0,0,0,0,0,0,0,0,0,0,0,0,0,0,0,0,0,0,0,0,0,0,0,0,0,0,0,0,0,0,0,0,0,0,0,0,0,0,0,0,0,0,0,0,0,0,0,0,0,0,0,0,0,0,0,0,0,0,0,0
99,2024-02-01,2024-02-29,T,T,T,intersex,58,1965-10-01,Missing,Missing,249,E54000026,Yorkshire and The Humber,0,0,0,0,0,0,0,0,0,0,0,0,0,0,0,0,0,0,0,0,0,0,0,0,0,0,0,0,0,0,0,0,0,0,0,0,0,0,0,0,0,0,0,0,0,0,0,0,0,0,0,0,0,0,0,0,0,0,0,0,0,0,0,0,0,,,,,0,F,F,F,F,F,F,F,F,T,T,T,T,T,F,T,0,0,F,0,F,0,F,0,F,0,F,0,F,0,F,0,F,0,F,0,F,0,F,0,F,0,0,0,0,0,0,0,0,0,0,0,0,0,0,0,0,0,0,0,0,0,0,0,0,0,0,0,0,0,0,0,0,0,0,0,0,0,0,0,0,0,0,0,0,0,0,0,0,0,0,0,0,0,0,0,0,0,0,0,0,0,0,0,0,0,0,0,0,0,0,0,0,0,0,0,0,0,0,0,0,0,0,0,0,0,0,0,0,0,0,0,0,0,0
100,2024-02-01,2024-02-29,T,T,T,female,97,1926-09-01,Missing,African,412,E54000029,North East,0,0,0,0,0,0,0,0,0,0,0,0,0,0,0,0,0,0,0,0,0,0,0,0,0,0,0,0,0,0,0,0,0,0,0,0,0,0,0,0,0,0,0,0,0,0,0,0,0,0,0,0,0,0,0,0,0,0,0,0,0,0,0,0,0,,,,,0,F,F,F,F,F,F,F,F,T,T,T,T,T,F,T,0,0,F,0,F,0,F,0,F,0,F,0,F,0,F,0,F,0,F,0,F,0,F,0,F,0,0,0,0,0,0,0,0,0,0,0,0,0,0,0,0,0,0,0,0,0,0,0,0,0,0,0,0,0,0,0,0,0,0,0,0,0,0,0,0,0,0,0,0,0,0,0,0,0,0,0,0,0,0,0,0,0,0,0,0,0,0,0,0,0,0,0,0,0,0,0,0,0,0,0,0,0,0,0,0,0,0,0,0,0,0,0,0,0,0,0,0,0,0
101,2024-02-01,2024-02-29,T,T,T,female,42,1981-11-01,Missing,Other South Asian,365,E54000087,North West,0,0,0,0,0,0,0,0,0,0,0,0,0,0,0,0,0,0,0,0,0,0,0,0,0,0,0,0,0,0,0,0,0,0,0,0,0,0,0,0,0,0,0,0,0,0,0,0,0,0,0,0,0,0,0,0,0,0,0,0,0,0,0,0,0,,,,,0,F,F,F,F,F,F,F,F,T,T,T,T,T,T,T,1,1,F,0,T,0,T,0,T,0,T,0,T,0,T,0,T,0,T,0,T,0,T,0,T,0,0,0,0,0,0,0,0,0,0,0,0,0,0,0,0,0,0,0,0,0,0,0,0,0,0,0,0,0,0,0,1,0,1,0,1,0,0,0,0,0,1,0,1,0,1,0,0,0,0,0,0,0,0,0,0,0,0,0,0,0,0,0,0,0,0,0,0,0,0,0,0,0,0,0,0,0,0,0,0,0,0,0,0,0,0,0,0,0,0,0,0,0,0
102,2024-02-01,2024-02-29,T,T,T,female,82,1941-11-01,Missing,Missing,443,E54000059,North West,0,0,0,0,0,0,0,0,0,0,0,0,0,0,0,0,0,0,0,0,0,0,0,0,0,0,0,0,0,0,0,0,0,0,0,0,0,0,0,0,0,0,0,0,0,0,0,0,0,0,0,0,0,0,0,0,0,0,0,0,0,0,0,0,0,,,,,0,F,F,F,F,F,F,F,F,T,T,T,T,T,F,T,0,0,F,0,F,0,F,0,F,0,F,0,F,0,F,0,F,0,F,0,F,0,F,0,F,0,0,0,0,0,0,0,0,0,0,0,0,0,0,0,0,0,0,0,0,0,0,0,0,0,0,0,0,0,0,0,0,0,0,0,0,0,0,0,0,0,0,0,0,0,0,0,0,0,0,0,0,0,0,0,0,0,0,0,0,0,0,0,0,0,0,0,0,0,0,0,0,0,0,0,0,0,0,0,0,0,0,0,0,0,0,0,0,0,0,0,0,0,0
103,2024-02-01,2024-02-29,T,T,T,intersex,8,2016-01-01,Missing,White British,610,E54000089,East,0,0,0,0,0,0,0,0,0,0,0,0,0,0,0,0,0,0,0,0,0,0,0,0,0,0,0,0,0,0,0,0,0,0,0,0,0,0,0,0,0,0,0,0,0,0,0,0,0,0,0,0,0,0,0,0,0,0,0,0,0,0,0,0,0,,,,,0,F,F,F,F,F,F,F,T,F,T,T,F,T,F,T,0,0,F,0,F,0,F,0,F,0,F,0,F,0,F,0,F,0,F,0,F,0,F,0,F,0,0,0,0,0,0,0,0,0,0,0,0,0,0,0,0,0,0,0,0,0,0,0,0,0,0,0,0,0,0,0,0,0,0,0,0,0,0,0,0,0,0,0,0,0,0,0,0,0,0,0,0,0,0,0,0,0,0,0,0,0,0,0,0,0,0,0,0,0,0,0,0,0,0,0,0,0,0,0,0,0,0,0,0,0,0,0,0,0,0,0,0,0,0
104,2024-02-01,2024-02-29,T,T,T,female,65,1958-07-01,Missing,Other South Asian,802,E54000078,West Midlands,0,0,0,0,0,0,0,0,0,0,0,0,0,0,0,0,0,0,0,0,0,0,0,0,0,0,0,0,0,0,0,0,0,0,0,0,0,0,0,0,0,0,0,0,0,0,0,0,0,0,0,0,0,0,0,0,0,0,0,0,0,0,0,0,0,,,,,0,F,F,F,F,F,F,F,F,T,T,T,T,T,F,T,0,0,F,0,F,0,F,0,F,0,F,0,F,0,F,0,F,0,F,0,F,0,F,0,F,0,0,0,0,0,0,0,0,0,0,0,0,0,0,0,0,0,0,0,0,0,0,0,0,0,0,0,0,0,0,0,0,0,0,0,0,0,0,0,0,0,0,0,0,0,0,0,0,0,0,0,0,0,0,0,0,0,0,0,0,0,0,0,0,0,0,0,0,0,0,0,0,0,0,0,0,0,0,0,0,0,0,0,0,0,0,0,0,0,0,0,0,0,0
105,2024-02-01,2024-02-29,T,T,T,female,80,1943-12-01,Missing,Other White,592,E54000021,Missing,0,0,0,0,0,0,0,0,0,0,0,0,0,0,0,0,0,0,0,0,0,0,0,0,0,0,0,0,0,0,0,0,0,0,0,0,0,0,0,0,0,0,0,0,0,0,0,0,0,0,0,0,0,0,0,0,0,0,0,0,0,0,0,0,0,,,,,0,F,F,F,F,F,F,F,F,T,T,T,T,T,F,T,0,0,F,0,F,0,F,0,F,0,F,0,F,0,F,0,F,0,F,0,F,0,F,0,F,0,0,0,0,0,0,0,0,0,0,0,0,0,0,0,0,0,0,0,0,0,0,0,0,0,0,0,0,0,0,0,0,0,0,0,0,0,0,0,0,0,0,0,0,0,0,0,0,0,0,0,0,0,0,0,0,0,0,0,0,0,0,0,0,0,0,0,0,0,0,0,0,0,0,0,0,0,0,0,0,0,0,0,0,0,0,0,0,0,0,0,0,0,0
106,2024-02-01,2024-02-29,T,T,T,female,32,1991-12-01,Missing,All other ethnic groups,198,E54000042,Missing,0,0,0,0,0,0,0,0,0,0,0,0,0,0,0,0,0,0,0,0,0,0,0,0,0,0,0,0,0,0,0,0,0,0,0,0,0,0,0,0,0,0,0,0,0,0,0,0,0,0,0,0,0,0,0,0,0,0,0,0,0,0,0,0,0,,,,,0,F,F,F,F,F,F,F,F,T,T,T,T,T,T,T,0,0,F,0,F,0,F,0,F,0,F,0,F,0,F,0,F,0,F,0,F,0,F,0,F,0,0,0,0,0,0,0,0,0,0,0,0,0,0,0,0,0,0,0,0,0,0,0,0,0,0,0,0,0,0,0,0,0,0,0,0,0,0,0,0,0,0,0,0,0,0,0,0,0,0,0,0,0,0,0,0,0,0,0,0,0,0,0,0,0,0,0,0,0,0,0,0,0,0,0,0,0,0,0,0,0,0,0,0,0,0,0,0,0,0,0,0,0,0
107,2024-02-01,2024-02-29,T,T,T,male,12,2011-12-01,Missing,White and African,211,E54000069,North East,0,0,0,0,0,0,0,0,0,0,0,0,0,0,0,0,0,0,0,0,0,0,0,0,0,0,0,0,0,0,0,0,0,0,0,0,0,0,0,0,0,0,0,0,0,0,0,0,0,0,0,0,0,0,0,0,0,0,0,0,0,0,0,0,0,,,,,0,F,F,F,F,F,F,F,T,T,T,T,F,T,F,T,0,0,F,0,F,0,F,0,F,0,F,0,F,0,F,0,F,0,F,0,F,0,F,0,F,0,0,0,0,0,0,0,0,0,0,0,0,0,0,0,0,0,0,0,0,0,0,0,0,0,0,0,0,0,0,0,0,0,0,0,0,0,0,0,0,0,0,0,0,0,0,0,0,0,0,0,0,0,0,0,0,0,0,0,0,0,0,0,0,0,0,0,0,0,0,0,0,0,0,0,0,0,0,0,0,0,0,0,0,0,0,0,0,0,0,0,0,0,0
108,2024-02-01,2024-02-29,T,T,T,unknown,89,1935-02-01,Missing,Pakistani,407,E54000051,Missing,0,0,0,0,0,0,0,0,0,0,0,0,0,0,0,0,0,0,0,0,0,0,0,0,0,0,0,0,0,0,0,0,0,0,0,0,0,0,0,0,0,0,0,0,0,0,0,0,0,0,0,0,0,0,0,0,0,0,0,0,0,0,0,0,0,,,,,0,F,F,F,F,F,F,F,F,T,T,T,T,T,F,T,0,0,F,0,F,0,F,0,F,0,F,0,F,0,F,0,F,0,F,0,F,0,F,0,F,0,0,0,0,0,0,0,0,0,0,0,0,0,0,0,0,0,0,0,0,0,0,0,0,0,0,0,0,0,0,0,0,0,0,0,0,0,0,0,0,0,0,0,0,0,0,0,0,0,0,0,0,0,0,0,0,0,0,0,0,0,0,0,0,0,0,0,0,0,0,0,0,0,0,0,0,0,0,0,0,0,0,0,0,0,0,0,0,0,0,0,0,0,0
109,2024-02-01,2024-02-29,T,T,T,male,34,1989-05-01,Missing,Other Mixed,301,E54000038,Yorkshire and The Humber,0,0,0,0,0,0,0,0,0,0,0,0,0,0,0,0,0,0,0,0,0,0,0,0,0,0,0,0,0,0,0,0,0,0,0,0,0,0,0,0,0,0,0,0,0,0,0,0,0,0,0,0,0,0,0,0,0,0,0,0,0,0,0,0,0,,,,,0,F,F,F,F,F,F,F,F,T,T,T,T,T,F,T,0,0,F,0,F,0,F,0,F,0,F,0,F,0,F,0,F,0,F,0,F,0,F,0,F,0,0,0,0,0,0,0,0,0,0,0,0,0,0,0,0,0,0,0,0,0,0,0,0,0,0,0,0,0,0,0,0,0,0,0,0,0,0,0,0,0,0,0,0,0,0,0,0,0,0,0,0,0,0,0,0,0,0,0,0,0,0,0,0,0,0,0,0,0,0,0,0,0,0,0,0,0,0,0,0,0,0,0,0,0,0,0,0,0,0,0,0,0,0
110,2024-02-01,2024-02-29,T,T,T,female,79,1944-05-01,Missing,Other South Asian,517,E54000085,London,0,0,0,0,0,0,0,0,0,0,0,0,0,0,0,0,0,0,0,0,0,0,0,0,0,0,0,0,0,0,0,0,0,0,0,0,0,0,0,0,0,0,0,0,0,0,0,0,0,0,0,0,0,0,0,0,0,0,0,0,0,0,0,0,0,,,,,0,F,F,F,F,F,F,F,F,T,T,T,T,T,F,T,0,0,F,0,F,0,F,0,F,0,F,0,F,0,F,0,F,0,F,0,F,0,F,0,F,0,0,0,0,0,0,0,0,0,0,0,0,0,0,0,0,0,0,0,0,0,0,0,0,0,0,0,0,0,0,0,0,0,0,0,0,0,0,0,0,0,0,0,0,0,0,0,0,0,0,0,0,0,0,0,0,0,0,0,0,0,0,0,0,0,0,0,0,0,0,0,0,0,0,0,0,0,0,0,0,0,0,0,0,0,0,0,0,0,0,0,0,0,0
112,2024-02-01,2024-02-29,T,T,T,male,81,1942-12-01,5 (Least Deprived),Other South Asian,688,E54000022,London,0,0,0,0,0,0,0,0,0,0,0,0,0,0,0,0,0,0,0,0,0,0,0,0,0,0,0,0,0,0,0,0,0,0,0,0,0,0,0,0,0,0,0,0,0,0,0,0,0,0,0,0,0,0,0,0,0,0,0,0,0,0,0,0,0,,,,,0,F,F,F,F,F,F,F,F,T,T,T,T,T,F,T,0,0,F,0,F,0,F,0,F,0,F,0,F,0,F,0,F,0,F,0,F,0,F,0,F,0,0,0,0,0,0,0,0,0,0,0,0,0,0,0,0,0,0,0,0,0,0,0,0,0,0,0,0,0,0,0,0,0,0,0,0,0,0,0,0,0,0,0,0,0,0,0,0,0,0,0,0,0,0,0,0,0,0,0,0,0,0,0,0,0,0,0,0,0,0,0,0,0,0,0,0,0,0,0,0,0,0,0,0,0,0,0,0,0,0,0,0,0,0
113,2024-02-01,2024-02-29,T,T,T,female,88,1936-02-01,3,Other White,113,E54000026,West Midlands,0,0,0,0,0,0,0,0,0,0,0,0,0,0,0,0,0,0,0,0,0,0,0,0,0,0,0,0,0,0,0,0,0,0,0,0,0,0,0,0,0,0,0,0,0,0,0,0,0,0,0,0,0,0,0,0,0,0,0,0,0,0,0,0,0,,,,,0,F,F,F,F,F,F,F,F,T,T,T,T,T,F,T,0,0,F,0,F,0,F,0,F,0,F,0,F,0,F,0,F,0,F,0,F,0,F,0,F,0,0,0,0,0,0,0,0,0,0,0,0,0,0,0,0,0,0,0,0,0,0,0,0,0,0,0,0,0,0,0,0,0,0,0,0,0,0,0,0,0,0,0,0,0,0,0,0,0,0,0,0,0,0,0,0,0,0,0,0,0,0,0,0,0,0,0,0,0,0,0,0,0,0,0,0,0,0,0,0,0,0,0,0,0,0,0,0,0,0,0,0,0,0
114,2024-02-01,2024-02-29,T,T,T,unknown,103,1920-08-01,Missing,Other South Asian,541,E54000082,East Midlands,0,0,0,0,0,0,0,0,0,0,0,0,0,0,0,0,0,0,0,0,0,0,0,0,0,0,0,0,0,0,0,0,0,0,0,0,0,0,0,0,0,0,0,0,0,0,0,0,0,0,0,0,0,0,0,0,0,0,0,0,0,0,0,0,0,,,,,0,F,F,F,F,F,F,F,F,T,T,T,T,T,F,T,0,0,F,0,F,0,F,0,F,0,F,0,F,0,F,0,F,0,F,0,F,0,F,0,F,0,0,0,0,0,0,0,0,0,0,0,0,0,0,0,0,0,0,0,0,0,0,0,0,0,0,0,0,0,0,0,0,0,0,0,0,0,0,0,0,0,0,0,0,0,0,0,0,0,0,0,0,0,0,0,0,0,0,0,0,0,0,0,0,0,0,0,0,0,0,0,0,0,0,0,0,0,0,0,0,0,0,0,0,0,0,0,0,0,0,0,0,0,0
115,2024-02-01,2024-02-29,T,T,T,female,119,1904-08-01,Missing,Missing,831,E54000010,Missing,0,0,0,0,0,0,0,0,0,0,0,0,0,0,0,0,0,0,0,0,0,0,0,0,0,0,0,0,0,0,0,0,0,0,0,0,0,0,0,0,0,0,0,0,0,0,0,0,0,0,0,0,0,0,0,0,0,0,0,0,0,0,0,0,0,,,,,0,F,F,F,F,F,F,F,F,T,T,T,T,T,F,T,0,0,F,0,F,0,F,0,F,0,F,0,F,0,F,0,F,0,F,0,F,0,F,0,F,0,0,0,0,0,0,0,0,0,0,0,0,0,0,0,0,0,0,0,0,0,0,0,0,0,0,0,0,0,0,0,0,0,0,0,0,0,0,0,0,0,0,0,0,0,0,0,0,0,0,0,0,0,0,0,0,0,0,0,0,0,0,0,0,0,0,0,0,0,0,0,0,0,0,0,0,0,0,0,0,0,0,0,0,0,0,0,0,0,0,0,0,0,0
116,2024-02-01,2024-02-29,T,T,T,male,97,1926-03-01,Missing,Missing,869,E54000038,South East,0,0,0,0,0,0,0,0,0,0,0,0,0,0,0,0,0,0,0,0,0,0,0,0,0,0,0,0,0,0,0,0,0,0,0,0,0,0,0,0,0,0,0,0,0,0,0,0,0,0,0,0,0,0,0,0,0,0,0,0,0,0,0,0,0,,,,,0,F,F,F,F,F,F,F,F,T,T,T,T,T,F,T,0,0,F,0,F,0,F,0,F,0,F,0,F,0,F,0,F,0,F,0,F,0,F,0,F,0,0,0,0,0,0,0,0,0,0,0,0,0,0,0,0,0,0,0,0,0,0,0,0,0,0,0,0,0,0,0,0,0,0,0,0,0,0,0,0,0,0,0,0,0,0,0,0,0,0,0,0,0,0,0,0,0,0,0,0,0,0,0,0,0,0,0,0,0,0,0,0,0,0,0,0,0,0,0,0,0,0,0,0,0,0,0,0,0,0,0,0,0,0
117,2024-02-01,2024-02-29,T,T,T,female,119,1904-10-01,Missing,Other White,672,E54000048,South West,0,0,0,0,0,0,0,0,0,0,0,0,0,0,0,0,0,0,0,0,0,0,0,0,0,0,0,0,0,0,0,0,0,0,0,0,0,0,0,0,0,0,0,0,0,0,0,0,0,0,0,0,0,0,0,0,0,0,0,0,0,0,0,0,0,,,,,0,F,F,F,F,F,F,F,F,T,T,T,T,T,F,T,0,0,F,0,F,0,F,0,F,0,F,0,F,0,F,0,F,0,F,0,F,0,F,0,F,0,0,0,0,0,0,0,0,0,0,0,0,0,0,0,0,0,0,0,0,0,0,0,0,0,0,0,0,0,0,0,0,0,0,0,0,0,0,0,0,0,0,0,0,0,0,0,0,0,0,0,0,0,0,0,0,0,0,0,0,0,0,0,0,0,0,0,0,0,0,0,0,0,0,0,0,0,0,0,0,0,0,0,0,0,0,0,0,0,0,0,0,0,0
118,2024-02-01,2024-02-29,T,T,T,male,51,1972-05-01,Missing,Other White,214,E54000033,Yorkshire and The Humber,0,0,0,0,0,0,0,0,0,0,0,0,0,0,0,0,0,0,0,0,0,0,0,0,0,0,0,0,0,0,0,0,0,0,0,0,0,0,0,0,0,0,0,0,0,0,0,0,0,0,0,0,0,0,0,0,0,0,0,0,0,0,0,0,0,,,,,0,F,F,F,F,F,F,F,F,T,T,T,T,T,F,T,0,0,F,0,F,0,F,0,F,0,F,0,F,0,F,0,F,0,F,0,F,0,F,0,F,0,0,0,0,0,0,0,0,0,0,0,0,0,0,0,0,0,0,0,0,0,0,0,0,0,0,0,0,0,0,0,0,0,0,0,0,0,0,0,0,0,0,0,0,0,0,0,0,0,0,0,0,0,0,0,0,0,0,0,0,0,0,0,0,0,0,0,0,0,0,0,0,0,0,0,0,0,0,0,0,0,0,0,0,0,0,0,0,0,0,0,0,0,0
119,2024-02-01,2024-02-29,T,T,T,female,75,1948-07-01,Missing,Missing,585,E54000039,London,0,0,0,0,0,0,0,0,0,0,0,0,0,0,0,0,0,0,0,0,0,0,0,0,0,0,0,0,0,0,0,0,0,0,0,0,0,0,0,0,0,0,0,0,0,0,0,0,0,0,0,0,0,0,0,0,0,0,0,0,0,0,0,0,0,,,,,0,F,F,F,F,F,F,F,F,T,T,T,T,T,F,T,0,0,F,0,F,0,F,0,F,0,F,0,F,0,F,0,F,0,F,0,F,0,F,0,F,0,0,0,0,0,0,0,0,0,0,0,0,0,0,0,0,0,0,0,0,0,0,0,0,0,0,0,0,0,0,0,0,0,0,0,0,0,0,0,0,0,0,0,0,0,0,0,0,0,0,0,0,0,0,0,0,0,0,0,0,0,0,0,0,0,0,0,0,0,0,0,0,0,0,0,0,0,0,0,0,0,0,0,0,0,0,0,0,0,0,0,0,0,0
120,2024-02-01,2024-02-29,T,T,T,unknown,97,1926-07-01,5 (Least Deprived),All other ethnic groups,993,E54000048,East,0,0,0,0,0,0,0,0,0,0,0,0,0,0,0,0,0,0,0,0,0,0,0,0,0,0,0,0,0,0,0,0,0,0,0,0,0,0,0,0,0,0,0,0,0,0,0,0,0,0,0,0,0,0,0,0,0,0,0,0,0,0,0,0,0,,,,,0,F,F,F,F,F,F,F,F,T,T,T,T,T,F,T,0,0,F,0,F,0,F,0,F,0,F,0,F,0,F,0,F,0,F,0,F,0,F,0,F,0,0,0,0,0,0,0,0,0,0,0,0,0,0,0,0,0,0,0,0,0,0,0,0,0,0,0,0,0,0,0,0,0,0,0,0,0,0,0,0,0,0,0,0,0,0,0,0,0,0,0,0,0,0,0,0,0,0,0,0,0,0,0,0,0,0,0,0,0,0,0,0,0,0,0,0,0,0,0,0,0,0,0,0,0,0,0,0,0,0,0,0,0,0
121,2024-02-01,2024-02-29,T,T,T,female,37,1986-03-01,Missing,Other South Asian,293,E54000095,Missing,0,0,0,0,0,0,0,0,0,0,0,0,0,0,0,0,0,0,0,0,0,0,0,0,0,0,0,0,0,0,0,0,0,0,0,0,0,0,0,0,0,0,0,0,0,0,0,0,0,0,0,0,0,0,0,0,0,0,0,0,0,0,0,0,0,,,,,0,F,F,F,F,F,F,F,F,T,T,T,T,T,T,T,0,0,F,0,F,0,F,0,F,0,F,0,F,0,F,0,F,0,F,0,F,0,F,0,F,0,0,0,0,0,0,0,0,0,0,0,0,0,0,0,0,0,0,0,0,0,0,0,0,0,0,0,0,0,0,0,0,0,0,0,0,0,0,0,0,0,0,0,0,0,0,0,0,0,0,0,0,0,0,0,0,0,0,0,0,0,0,0,0,0,0,0,0,0,0,0,0,0,0,0,0,0,0,0,0,0,0,0,0,0,0,0,0,0,0,0,0,0,0
122,2024-02-01,2024-02-29,T,T,T,intersex,90,1933-03-01,Missing,Missing,20,E54000073,London,0,0,0,0,0,0,0,0,0,0,0,0,0,0,0,0,0,0,0,0,0,0,0,0,0,0,0,0,0,0,0,0,0,0,0,0,0,0,0,0,0,0,0,0,0,0,0,0,0,0,0,0,0,0,0,0,0,0,0,0,0,0,0,0,0,,,,,0,F,F,F,F,F,F,F,F,T,T,T,T,T,F,T,0,0,F,0,F,0,F,0,F,0,F,0,F,0,F,0,F,0,F,0,F,0,F,0,F,0,0,0,0,0,0,0,0,0,0,0,0,0,0,0,0,0,0,0,0,0,0,0,0,0,0,0,0,0,0,0,0,0,0,0,0,0,0,0,0,0,0,0,0,0,0,0,0,0,0,0,0,0,0,0,0,0,0,0,0,0,0,0,0,0,0,0,0,0,0,0,0,0,0,0,0,0,0,0,0,0,0,0,0,0,0,0,0,0,0,0,0,0,0
123,2024-02-01,2024-02-29,T,T,T,unknown,30,1993-03-01,3,Caribbean,226,E54000042,East,0,0,0,0,0,0,0,0,0,0,0,0,0,0,0,0,0,0,0,0,0,0,0,0,0,0,0,0,0,0,0,0,0,0,0,0,0,0,0,0,0,0,0,0,0,0,0,0,0,0,0,0,0,0,0,0,0,0,0,0,0,0,0,0,0,,,,,0,F,F,F,F,F,F,F,F,T,T,T,T,T,F,T,0,0,F,0,F,0,F,0,F,0,F,0,F,0,F,0,F,0,F,0,F,0,F,0,F,0,0,0,0,0,0,0,0,0,0,0,0,0,0,0,0,0,0,0,0,0,0,0,0,0,0,0,0,0,0,0,0,0,0,0,0,0,0,0,0,0,0,0,0,0,0,0,0,0,0,0,0,0,0,0,0,0,0,0,0,0,0,0,0,0,0,0,0,0,0,0,0,0,0,0,0,0,0,0,0,0,0,0,0,0,0,0,0,0,0,0,0,0,0
124,2024-02-01,2024-02-29,T,T,T,intersex,88,1935-12-01,5 (Least Deprived),African,829,E54000074,North East,0,0,0,0,0,0,0,0,0,0,0,0,0,0,0,0,0,0,0,0,0,0,0,0,0,0,0,0,0,0,0,0,0,0,0,0,0,0,0,0,0,0,0,0,0,0,0,0,0,0,0,0,0,0,0,0,0,0,0,0,0,0,0,0,0,,,,,0,F,F,F,F,F,F,F,F,T,T,T,T,T,F,T,0,0,F,0,F,0,F,0,F,0,F,0,F,0,F,0,F,0,F,0,F,0,F,0,F,0,0,0,0,0,0,0,0,0,0,0,0,0,0,0,0,0,0,0,0,0,0,0,0,0,0,0,0,0,0,0,0,0,0,0,0,0,0,0,0,0,0,0,0,0,0,0,0,0,0,0,0,0,0,0,0,0,0,0,0,0,0,0,0,0,0,0,0,0,0,0,0,0,0,0,0,0,0,0,0,0,0,0,0,0,0,0,0,0,0,0,0,0,0
125,2024-02-01,2024-02-29,T,T,T,female,12,2011-05-01,Missing,Missing,526,E54000010,London,0,0,0,0,0,0,0,0,0,0,0,0,0,0,0,0,0,0,0,0,0,0,0,0,0,0,0,0,0,0,0,0,0,0,0,0,0,0,0,0,0,0,0,0,0,0,0,0,0,0,0,0,0,0,0,0,0,0,0,0,0,0,0,0,0,,,,,0,F,F,F,F,F,F,F,T,T,T,T,F,T,F,T,0,0,F,0,F,0,F,0,F,0,F,0,F,0,F,0,F,0,F,0,F,0,F,0,F,0,0,0,0,0,0,0,0,0,0,0,0,0,0,0,0,0,0,0,0,0,0,0,0,0,0,0,0,0,0,0,0,0,0,0,0,0,0,0,0,0,0,0,0,0,0,0,0,0,0,0,0,0,0,0,0,0,0,0,0,0,0,0,0,0,0,0,0,0,0,0,0,0,0,0,0,0,0,0,0,0,0,0,0,0,0,0,0,0,0,0,0,0,0
126,2024-02-01,2024-02-29,T,T,T,male,84,1940-02-01,Missing,Other White,611,E54000022,East,0,0,0,0,0,0,0,0,0,0,0,0,0,0,0,0,0,0,0,0,0,0,0,0,0,0,0,0,0,0,0,0,0,0,0,0,0,0,0,0,0,0,0,0,0,0,0,0,0,0,0,0,0,0,0,0,0,0,0,0,0,0,0,0,0,,,,,0,F,F,F,F,F,F,F,F,T,T,T,T,T,F,T,0,0,F,0,F,0,F,0,F,0,F,0,F,0,F,0,F,0,F,0,F,0,F,0,F,0,0,0,0,0,0,0,0,0,0,0,0,0,0,0,0,0,0,0,0,0,0,0,0,0,0,0,0,0,0,0,0,0,0,0,0,0,0,0,0,0,0,0,0,0,0,0,0,0,0,0,0,0,0,0,0,0,0,0,0,0,0,0,0,0,0,0,0,0,0,0,0,0,0,0,0,0,0,0,0,0,0,0,0,0,0,0,0,0,0,0,0,0,0
127,2024-02-01,2024-02-29,T,T,T,female,25,1998-11-01,5 (Least Deprived),White British,11,E54000042,London,0,0,0,0,0,0,0,0,0,0,0,0,0,0,0,0,0,0,0,0,0,0,0,0,0,0,0,0,0,0,0,0,0,0,0,0,0,0,0,0,0,0,0,0,0,0,0,0,0,0,0,0,0,0,0,0,0,0,0,0,0,0,0,0,0,,,,,0,F,F,F,F,F,F,F,F,T,T,T,T,T,T,T,1,0,T,0,T,0,T,0,T,0,T,0,F,0,T,0,T,1,T,0,T,1,T,0,F,0,0,0,0,0,0,0,0,0,0,0,0,0,0,0,0,0,0,0,0,0,0,0,0,0,0,0,0,0,1,0,0,0,1,0,1,0,0,0,1,0,0,0,1,0,1,0,0,0,0,0,0,0,0,0,0,0,0,0,0,0,0,0,0,0,0,0,0,0,0,0,0,0,0,0,0,0,0,0,0,0,0,0,0,0,0,0,0,0,0,0,0,0,0
128,2024-02-01,2024-02-29,T,T,T,unknown,55,1968-10-01,Missing,Missing,582,E54000042,Yorkshire and The Humber,0,0,0,0,0,0,0,0,0,0,0,0,0,0,0,0,0,0,0,0,0,0,0,0,0,0,0,0,0,0,0,0,0,0,0,0,0,0,0,0,0,0,0,0,0,0,0,0,0,0,0,0,0,0,0,0,0,0,0,0,0,0,0,0,0,,,,,0,F,F,F,F,F,F,F,F,T,T,T,T,T,F,T,0,0,F,0,F,0,F,0,F,0,F,0,F,0,F,0,F,0,F,0,F,0,F,0,F,0,0,0,0,0,0,0,0,0,0,0,0,0,0,0,0,0,0,0,0,0,0,0,0,0,0,0,0,0,0,0,0,0,0,0,0,0,0,0,0,0,0,0,0,0,0,0,0,0,0,0,0,0,0,0,0,0,0,0,0,0,0,0,0,0,0,0,0,0,0,0,0,0,0,0,0,0,0,0,0,0,0,0,0,0,0,0,0,0,0,0,0,0,0
129,2024-02-01,2024-02-29,T,T,T,unknown,0,2024-01-01,Missing,Missing,230,E54000098,West Midlands,0,0,0,0,0,0,0,0,0,0,0,0,0,0,0,0,0,0,0,0,0,0,0,0,0,0,0,0,0,0,0,0,0,0,0,0,0,0,0,0,0,0,0,0,0,0,0,0,0,0,0,0,0,0,0,0,0,0,0,0,0,0,0,0,0,,,,,0,F,F,F,F,F,F,F,F,F,F,F,F,F,F,F,0,0,F,0,F,0,F,0,F,0,F,0,F,0,F,0,F,0,F,0,F,0,F,0,F,0,0,0,0,0,0,0,0,0,0,0,0,0,0,0,0,0,0,0,0,0,0,0,0,0,0,0,0,0,0,0,0,0,0,0,0,0,0,0,0,0,0,0,0,0,0,0,0,0,0,0,0,0,0,0,0,0,0,0,0,0,0,0,0,0,0,0,0,0,0,0,0,0,0,0,0,0,0,0,0,0,0,0,0,0,0,0,0,0,0,0,0,0,0
130,2024-02-01,2024-02-29,T,T,T,female,14,2009-07-01,Missing,Indian,674,E54000077,Missing,0,0,0,0,0,0,0,0,0,0,0,0,0,0,0,0,0,0,0,0,0,0,0,0,0,0,0,0,0,0,0,0,0,0,0,0,0,0,0,0,0,0,0,0,0,0,0,0,0,0,0,0,0,0,0,0,0,0,0,0,0,0,0,0,0,,,,,0,F,F,F,F,F,F,F,T,T,T,T,F,T,F,T,0,0,F,0,F,0,F,0,F,0,F,0,F,0,F,0,F,0,F,0,F,0,F,0,F,0,0,0,0,0,0,0,0,0,0,0,0,0,0,0,0,0,0,0,0,0,0,0,0,0,0,0,0,0,0,0,0,0,0,0,0,0,0,0,0,0,0,0,0,0,0,0,0,0,0,0,0,0,0,0,0,0,0,0,0,0,0,0,0,0,0,0,0,0,0,0,0,0,0,0,0,0,0,0,0,0,0,0,0,0,0,0,0,0,0,0,0,0,0
131,2024-02-01,2024-02-29,T,T,T,female,112,1911-08-01,2,Other South Asian,316,E54000035,North West,0,0,0,0,0,0,0,0,0,0,0,0,0,0,0,0,0,0,0,0,0,0,0,0,0,0,0,0,0,0,0,0,0,0,0,0,0,0,0,0,0,0,0,0,0,0,0,0,0,0,0,0,0,0,0,0,0,0,0,0,0,0,0,0,0,2023-11-01,,,,0,F,F,F,F,F,F,F,F,T,T,T,T,T,F,T,0,0,F,0,F,0,F,0,F,0,F,0,F,0,F,0,F,0,F,0,F,0,F,0,F,0,0,0,0,0,0,0,0,0,0,0,0,0,0,0,0,0,0,0,0,0,0,0,0,0,0,0,0,0,0,0,0,0,0,0,0,0,0,0,0,0,0,0,0,0,0,0,0,0,0,0,0,0,0,0,0,0,0,0,0,0,0,0,0,0,0,0,0,0,0,0,0,0,0,0,0,0,0,0,0,0,0,0,0,0,0,0,0,0,0,0,0,0,0
132,2024-02-01,2024-02-29,T,T,T,male,105,1918-07-01,Missing,Missing,886,E54000059,North West,0,0,0,0,0,0,0,0,0,0,0,0,0,0,0,0,0,0,0,0,0,0,0,0,0,0,0,0,0,0,0,0,0,0,0,0,0,0,0,0,0,0,0,0,0,0,0,0,0,0,0,0,0,0,0,0,0,0,0,0,0,0,0,0,0,,,,,0,F,F,F,F,F,F,F,F,T,T,T,T,T,F,T,0,0,F,0,F,0,F,0,F,0,F,0,F,0,F,0,F,0,F,0,F,0,F,0,F,0,0,0,0,0,0,0,0,0,0,0,0,0,0,0,0,0,0,0,0,0,0,0,0,0,0,0,0,0,0,0,0,0,0,0,0,0,0,0,0,0,0,0,0,0,0,0,0,0,0,0,0,0,0,0,0,0,0,0,0,0,0,0,0,0,0,0,0,0,0,0,0,0,0,0,0,0,0,0,0,0,0,0,0,0,0,0,0,0,0,0,0,0,0
133,2024-02-01,2024-02-29,T,T,T,unknown,16,2007-04-01,Missing,Other White,656,E54000098,South West,0,0,0,0,0,0,0,0,0,0,0,0,0,0,0,0,0,0,0,0,0,0,0,0,0,0,0,0,0,0,0,0,0,0,0,0,0,0,0,0,0,0,0,0,0,0,0,0,0,0,0,0,0,0,0,0,0,0,0,0,0,0,0,0,0,2023-09-26,,,,0,F,F,F,F,F,F,F,T,T,T,T,F,T,F,T,0,0,F,0,F,0,F,0,F,0,F,0,F,0,F,0,F,0,F,0,F,0,F,0,F,0,0,0,0,0,0,0,0,0,0,0,0,0,0,0,0,0,0,0,0,0,0,0,0,0,0,0,0,0,0,0,0,0,0,0,0,0,0,0,0,0,0,0,0,0,0,0,0,0,0,0,0,0,0,0,0,0,0,0,0,0,0,0,0,0,0,0,0,0,0,0,0,0,0,0,0,0,0,0,0,0,0,0,0,0,0,0,0,0,0,0,0,0,0
134,2024-02-01,2024-02-29,T,T,T,intersex,19,2004-05-01,Missing,Caribbean,865,E54000075,East Midlands,0,0,0,0,0,0,0,0,0,0,0,0,0,0,0,0,0,0,0,0,0,0,0,0,0,0,0,0,0,0,0,0,0,0,0,0,0,0,0,0,0,0,0,0,0,0,0,0,0,0,0,0,0,0,0,0,0,0,0,0,0,0,0,0,0,,,,,0,F,F,F,F,F,F,F,F,T,T,T,T,T,F,T,0,0,F,0,F,0,F,0,F,0,F,0,F,0,F,0,F,0,F,0,F,0,F,0,F,0,0,0,0,0,0,0,0,0,0,0,0,0,0,0,0,0,0,0,0,0,0,0,0,0,0,0,0,0,0,0,0,0,0,0,0,0,0,0,0,0,0,0,0,0,0,0,0,0,0,0,0,0,0,0,0,0,0,0,0,0,0,0,0,0,0,0,0,0,0,0,0,0,0,0,0,0,0,0,0,0,0,0,0,0,0,0,0,0,0,0,0,0,0
135,2024-02-01,2024-02-29,T,T,T,male,86,1937-06-01,Missing,Other South Asian,982,E54000068,Yorkshire and The Humber,0,0,0,0,0,0,0,0,0,0,0,0,0,0,0,0,0,0,0,0,0,0,0,0,0,0,0,0,0,0,0,0,0,0,0,0,0,0,0,0,0,0,0,0,0,0,0,0,0,0,0,0,0,0,0,0,0,0,0,0,0,0,0,0,0,,,,,0,F,F,F,F,F,F,F,F,T,T,T,T,T,F,T,0,0,F,0,F,0,F,0,F,0,F,0,F,0,F,0,F,0,F,0,F,0,F,0,F,0,0,0,0,0,0,0,0,0,0,0,0,0,0,0,0,0,0,0,0,0,0,0,0,0,0,0,0,0,0,0,0,0,0,0,0,0,0,0,0,0,0,0,0,0,0,0,0,0,0,0,0,0,0,0,0,0,0,0,0,0,0,0,0,0,0,0,0,0,0,0,0,0,0,0,0,0,0,0,0,0,0,0,0,0,0,0,0,0,0,0,0,0,0
136,2024-02-01,2024-02-29,T,T,T,male,73,1950-09-01,Missing,African,822,E54000075,Missing,0,0,0,0,0,0,0,0,0,0,0,0,0,0,0,0,0,0,0,0,0,0,0,0,0,0,0,0,0,0,0,0,0,0,0,0,0,0,0,0,0,0,0,0,0,0,0,0,0,0,0,0,0,0,0,0,0,0,0,0,0,0,0,0,0,,,,,0,F,F,F,F,F,F,F,F,T,T,T,T,T,F,T,0,0,F,0,F,0,F,0,F,0,F,0,F,0,F,0,F,0,F,0,F,0,F,0,F,0,0,0,0,0,0,0,0,0,0,0,0,0,0,0,0,0,0,0,0,0,0,0,0,0,0,0,0,0,0,0,0,0,0,0,0,0,0,0,0,0,0,0,0,0,0,0,0,0,0,0,0,0,0,0,0,0,0,0,0,0,0,0,0,0,0,0,0,0,0,0,0,0,0,0,0,0,0,0,0,0,0,0,0,0,0,0,0,0,0,0,0,0,0
137,2024-02-01,2024-02-29,T,T,T,intersex,25,1998-11-01,Missing,Other White,210,E54000040,London,0,0,0,0,0,0,0,0,0,0,0,0,0,0,0,0,0,0,0,0,0,0,0,0,0,0,0,0,0,0,0,0,0,0,0,0,0,0,0,0,0,0,0,0,0,0,0,0,0,0,0,0,0,0,0,0,0,0,0,0,0,0,0,0,0,,,,,0,F,F,F,F,F,F,F,F,T,T,T,T,T,F,T,0,0,F,0,F,0,F,0,F,0,F,0,F,0,F,0,F,0,F,0,F,0,F,0,F,0,0,0,0,0,0,0,0,0,0,0,0,0,0,0,0,0,0,0,0,0,0,0,0,0,0,0,0,0,0,0,0,0,0,0,0,0,0,0,0,0,0,0,0,0,0,0,0,0,0,0,0,0,0,0,0,0,0,0,0,0,0,0,0,0,0,0,0,0,0,0,0,0,0,0,0,0,0,0,0,0,0,0,0,0,0,0,0,0,0,0,0,0,0
138,2024-02-01,2024-02-29,T,T,T,female,89,1934-03-01,Missing,Indian,335,E54000096,Yorkshire and The Humber,0,0,0,0,0,0,0,0,0,0,0,0,0,0,0,0,0,0,0,0,0,0,0,0,0,0,0,0,0,0,0,0,0,0,0,0,0,0,0,0,0,0,0,0,0,0,0,0,0,0,0,0,0,0,0,0,0,0,0,0,0,0,0,0,0,,,,,0,F,F,F,F,F,F,F,F,T,T,T,T,T,F,T,0,0,F,0,F,0,F,0,F,0,F,0,F,0,F,0,F,0,F,0,F,0,F,0,F,0,0,0,0,0,0,0,0,0,0,0,0,0,0,0,0,0,0,0,0,0,0,0,0,0,0,0,0,0,0,0,0,0,0,0,0,0,0,0,0,0,0,0,0,0,0,0,0,0,0,0,0,0,0,0,0,0,0,0,0,0,0,0,0,0,0,0,0,0,0,0,0,0,0,0,0,0,0,0,0,0,0,0,0,0,0,0,0,0,0,0,0,0,0
139,2024-02-01,2024-02-29,T,T,T,unknown,69,1954-11-01,Missing,Missing,725,E54000025,Missing,0,0,0,0,0,0,0,0,0,0,0,0,0,0,0,0,0,0,0,0,0,0,0,0,0,0,0,0,0,0,0,0,0,0,0,0,0,0,0,0,0,0,0,0,0,0,0,0,0,0,0,0,0,0,0,0,0,0,0,0,0,0,0,0,0,,,,,0,F,F,F,F,F,F,F,F,T,T,T,T,T,F,T,0,0,F,0,F,0,F,0,F,0,F,0,F,0,F,0,F,0,F,0,F,0,F,0,F,0,0,0,0,0,0,0,0,0,0,0,0,0,0,0,0,0,0,0,0,0,0,0,0,0,0,0,0,0,0,0,0,0,0,0,0,0,0,0,0,0,0,0,0,0,0,0,0,0,0,0,0,0,0,0,0,0,0,0,0,0,0,0,0,0,0,0,0,0,0,0,0,0,0,0,0,0,0,0,0,0,0,0,0,0,0,0,0,0,0,0,0,0,0
140,2024-02-01,2024-02-29,T,T,T,unknown,117,1906-07-01,Missing,African,247,E54000087,South West,0,0,0,0,0,0,0,0,0,0,0,0,0,0,0,0,0,0,0,0,0,0,0,0,0,0,0,0,0,0,0,0,0,0,0,0,0,0,0,0,0,0,0,0,0,0,0,0,0,0,0,0,0,0,0,0,0,0,0,0,0,0,0,0,0,,,,,0,F,F,F,F,F,F,F,F,T,T,T,T,T,F,T,0,0,F,0,F,0,F,0,F,0,F,0,F,0,F,0,F,0,F,0,F,0,F,0,F,0,0,0,0,0,0,0,0,0,0,0,0,0,0,0,0,0,0,0,0,0,0,0,0,0,0,0,0,0,0,0,0,0,0,0,0,0,0,0,0,0,0,0,0,0,0,0,0,0,0,0,0,0,0,0,0,0,0,0,0,0,0,0,0,0,0,0,0,0,0,0,0,0,0,0,0,0,0,0,0,0,0,0,0,0,0,0,0,0,0,0,0,0,0
141,2024-02-01,2024-02-29,T,T,T,female,26,1997-10-01,2,White and Asian,968,E54000017,North West,0,0,0,0,0,0,0,0,0,0,0,0,0,0,0,0,0,0,0,0,0,0,0,0,0,0,0,0,0,0,0,0,0,0,0,0,0,0,0,0,0,0,0,0,0,0,0,0,0,0,0,0,0,0,0,0,0,0,0,0,0,0,0,0,0,,,,,0,F,F,F,F,F,F,F,F,T,T,T,T,T,T,T,0,0,F,0,F,0,F,0,F,0,F,0,F,0,F,0,F,0,F,0,F,0,F,0,F,0,0,0,0,0,0,0,0,0,0,0,0,0,0,0,0,0,0,0,0,0,0,0,0,0,0,0,0,0,0,0,0,0,0,0,0,0,0,0,0,0,0,0,0,0,0,0,0,0,0,0,0,0,0,0,0,0,0,0,0,0,0,0,0,0,0,0,0,0,0,0,0,1,0,0,0,0,0,0,0,0,0,0,0,0,0,0,0,0,0,0,0,0,1
142,2024-02-01,2024-02-29,T,T,T,male,20,2003-12-01,2,Missing,523,E54000002,East,0,0,0,0,0,0,0,0,0,0,0,0,0,0,0,0,0,0,0,0,0,0,0,0,0,0,0,0,0,0,0,0,0,0,0,0,0,0,0,0,0,0,0,0,0,0,0,0,0,0,0,0,0,0,0,0,0,0,0,0,0,0,0,0,0,,,,,0,F,F,F,F,F,F,F,F,T,T,T,T,T,F,T,0,0,F,0,F,0,F,0,F,0,F,0,F,0,F,0,F,0,F,0,F,0,F,0,F,0,0,0,0,0,0,0,0,0,0,0,0,0,0,0,0,0,0,0,0,0,0,0,0,0,0,0,0,0,0,0,0,0,0,0,0,0,0,0,0,0,0,0,0,0,0,0,0,0,0,0,0,0,0,0,0,0,0,0,0,0,0,0,0,0,0,0,0,0,0,0,0,0,0,0,0,0,0,0,0,0,0,0,0,0,0,0,0,0,0,0,0,0,0
143,2024-02-01,2024-02-29,T,T,T,male,99,1924-10-01,Missing,Missing,207,E54000033,Missing,0,0,0,0,0,0,0,0,0,0,0,0,0,0,0,0,0,0,0,0,0,0,0,0,0,0,0,0,0,0,0,0,0,0,0,0,0,0,0,0,0,0,0,0,0,0,0,0,0,0,0,0,0,0,0,0,0,0,0,0,0,0,0,0,0,,,,,0,F,F,F,F,F,F,F,F,T,T,T,T,T,F,T,1,1,F,0,T,0,T,0,T,0,T,0,F,0,T,0,T,0,T,0,T,0,T,0,T,0,0,0,0,0,0,0,0,0,0,0,0,0,0,0,0,0,0,0,0,0,0,0,0,0,0,0,0,0,0,0,1,0,1,0,1,0,0,0,0,0,0,0,1,0,1,0,0,0,1,0,1,0,0,0,0,0,0,0,0,0,0,0,0,0,0,0,0,0,0,0,0,0,0,0,0,0,0,0,0,0,0,0,0,0,0,0,0,0,0,0,0,0,0
144,2024-02-01,2024-02-29,T,T,T,female,63,1960-12-01,3,Missing,549,E54000074,North East,0,0,0,0,0,0,0,0,0,0,0,0,0,0,0,0,0,0,0,0,0,0,0,0,0,0,0,0,0,0,0,0,0,0,0,0,0,0,0,0,0,0,0,0,0,0,0,0,0,0,0,0,0,0,0,0,0,0,0,0,0,0,0,0,0,,,,,0,F,F,F,F,F,F,F,F,T,T,T,T,T,T,T,0,0,F,0,F,0,F,0,F,0,F,0,F,0,F,0,F,0,F,0,F,0,F,0,F,0,0,0,0,0,0,0,0,0,0,0,0,0,0,0,0,0,0,0,0,0,0,0,0,0,0,0,0,0,0,0,0,0,0,0,0,0,0,0,0,0,0,0,0,0,0,0,0,0,0,0,0,0,0,0,0,0,0,0,0,0,0,0,0,0,0,0,0,0,0,0,0,0,0,0,0,0,0,0,0,0,0,0,0,0,0,0,0,0,0,0,0,0,0
145,2024-02-01,2024-02-29,T,T,T,intersex,30,1994-02-01,1 (Most Deprived),Other South Asian,911,E54000027,Missing,0,0,0,0,0,0,0,0,0,0,0,0,0,0,0,0,0,0,0,0,0,0,0,0,0,0,0,0,0,0,0,0,0,0,0,0,0,0,0,0,0,0,0,0,0,0,0,0,0,0,0,0,0,0,0,0,0,0,0,0,0,0,0,0,0,,,,,0,F,F,F,F,F,F,F,F,T,T,T,T,T,F,T,0,0,F,0,F,0,F,0,F,0,F,0,F,0,F,0,F,0,F,0,F,0,F,0,F,0,0,0,0,0,0,0,0,0,0,0,0,0,0,0,0,0,0,0,0,0,0,0,0,0,0,0,0,0,0,0,0,0,0,0,0,0,0,0,0,0,0,0,0,0,0,0,0,0,0,0,0,0,0,0,0,0,0,0,0,0,0,0,0,0,0,0,0,0,0,0,0,0,0,0,0,0,0,0,0,0,0,0,0,0,0,0,0,0,0,0,0,0,0
146,2024-02-01,2024-02-29,T,T,T,female,109,1914-04-01,Missing,White British,224,E54000020,Missing,0,0,0,0,0,0,0,0,0,0,0,0,0,0,0,0,0,0,0,0,0,0,0,0,0,0,0,0,0,0,0,0,0,0,0,0,0,0,0,0,0,0,0,0,0,0,0,0,0,0,0,0,0,0,0,0,0,0,0,0,0,0,0,0,0,,,,,0,F,F,F,F,F,F,F,F,T,T,T,T,T,F,T,0,0,F,0,F,0,F,0,F,0,F,0,F,0,F,0,F,0,F,0,F,0,F,0,F,0,0,0,0,0,0,0,0,0,0,0,0,0,0,0,0,0,0,0,0,0,0,0,0,0,0,0,0,0,0,0,0,0,0,0,0,0,0,0,0,0,0,0,0,0,0,0,0,0,0,0,0,0,0,0,1,1,0,0,0,0,0,0,0,0,0,0,0,0,0,0,0,0,0,0,0,0,0,0,0,0,0,0,0,1,0,0,1,0,0,0,0,0,1
147,2024-02-01,2024-02-29,T,T,T,male,113,1910-12-01,Missing,African,921,E54000071,London,0,0,0,0,0,0,0,0,0,0,0,0,0,0,0,0,0,0,0,0,0,0,0,0,0,0,0,0,0,0,0,0,0,0,0,0,0,0,0,0,0,0,0,0,0,0,0,0,0,0,0,0,0,0,0,0,0,0,0,0,0,0,0,0,0,,,,,0,F,F,F,F,F,F,F,F,T,T,T,T,T,F,T,0,0,F,0,F,0,F,0,F,0,F,0,F,0,F,0,F,0,F,0,F,0,F,0,F,0,0,0,0,0,0,0,0,0,0,0,0,0,0,0,0,0,0,0,0,0,0,0,0,0,0,0,0,0,0,0,0,0,0,0,0,0,0,0,0,0,0,0,0,0,0,0,0,0,0,0,0,0,0,0,0,0,0,0,0,0,0,0,0,0,0,0,0,0,0,0,0,0,0,0,0,0,0,0,0,0,0,0,0,0,0,0,0,0,0,0,0,0,0
148,2024-02-01,2024-02-29,T,T,T,unknown,21,2002-03-01,Missing,African,455,E54000060,Missing,0,0,0,0,0,0,0,0,0,0,0,0,0,0,0,0,0,0,0,0,0,0,0,0,0,0,0,0,0,0,0,0,0,0,0,0,0,0,0,0,0,0,0,0,0,0,0,0,0,0,0,0,0,0,0,0,0,0,0,0,0,0,0,0,0,,,,,0,F,F,F,F,F,F,F,F,T,T,T,T,T,F,T,0,0,F,0,F,0,F,0,F,0,F,0,F,0,F,0,F,0,F,0,F,0,F,0,F,0,0,0,0,0,0,0,0,0,0,0,0,0,0,0,0,0,0,0,0,0,0,0,0,0,0,0,0,0,0,0,0,0,0,0,0,0,0,0,0,0,0,0,0,0,0,0,0,0,0,0,0,0,0,0,0,0,0,0,0,0,0,0,0,0,0,0,0,0,0,0,0,0,0,0,0,0,0,0,0,0,0,0,0,0,0,0,0,0,0,0,0,0,0
149,2024-02-01,2024-02-29,T,T,T,unknown,43,1980-03-01,Missing,White and Caribbean,935,E54000031,North West,0,0,0,0,0,0,0,0,0,0,0,0,0,0,0,0,0,0,0,0,0,0,0,0,0,0,0,0,0,0,0,0,0,0,0,0,0,0,0,0,0,0,0,0,0,0,0,0,0,0,0,0,0,0,0,0,0,0,0,0,0,0,0,0,0,,,,,0,F,F,F,F,F,F,F,F,T,T,T,T,T,F,T,0,0,F,0,F,0,F,0,F,0,F,0,F,0,F,0,F,0,F,0,F,0,F,0,F,0,0,0,0,0,0,0,0,0,0,0,0,0,0,0,0,0,0,0,0,0,0,0,0,0,0,0,0,0,0,0,0,0,0,0,0,0,0,0,0,0,0,0,0,0,0,0,0,0,0,0,0,0,0,0,0,0,0,0,0,0,0,0,0,0,0,0,0,0,0,0,0,0,0,0,0,0,0,0,0,0,0,0,0,0,0,0,0,0,0,0,0,0,0
150,2024-02-01,2024-02-29,T,T,T,female,95,1928-08-01,Missing,Other White,227,E54000075,North West,0,0,0,0,0,0,0,0,0,0,0,0,0,0,0,0,0,0,0,0,0,0,0,0,0,0,0,0,0,0,0,0,0,0,0,0,0,0,0,0,0,0,0,0,0,0,0,0,0,0,0,0,0,0,0,0,0,0,0,0,0,0,0,0,0,,,,,0,F,F,F,F,F,F,F,F,T,T,T,T,T,F,T,0,0,F,0,F,0,F,0,F,0,F,0,F,0,F,0,F,0,F,0,F,0,F,0,F,0,0,0,0,0,0,0,0,0,0,0,0,0,0,0,0,0,0,0,0,0,0,0,0,0,0,0,0,0,0,0,0,0,0,0,0,0,0,0,0,0,0,0,0,0,0,0,0,0,0,0,0,0,0,0,0,0,0,0,0,0,0,0,0,0,0,0,0,0,0,0,0,0,0,0,0,0,0,0,0,0,0,0,0,0,0,0,0,0,0,0,0,0,0
151,2024-02-01,2024-02-29,T,T,T,unknown,12,2011-05-01,3,Missing,742,E54000074,Missing,0,0,0,0,0,0,0,0,0,0,0,0,0,0,0,0,0,0,0,0,0,0,0,0,0,0,0,0,0,0,0,0,0,0,0,0,0,0,0,0,0,0,0,0,0,0,0,0,0,0,0,0,0,0,0,0,0,0,0,0,0,0,0,0,0,2023-12-06,,,,0-R,F,F,F,F,F,F,F,T,T,T,T,F,T,F,T,0,0,F,0,F,0,F,0,F,0,F,0,F,0,F,0,F,0,F,0,F,0,F,0,F,0,0,0,0,0,0,0,0,0,0,0,0,0,0,0,0,0,0,0,0,0,0,0,0,0,0,0,0,0,0,0,0,0,0,0,0,0,0,0,0,0,0,0,0,0,0,0,0,0,0,0,0,0,0,0,0,0,0,0,0,0,0,0,0,0,0,0,0,0,0,0,0,0,0,0,0,0,0,0,0,0,0,0,0,0,0,0,0,0,0,0,0,0,0
152,2024-02-01,2024-02-29,T,T,T,female,22,2001-09-01,Missing,Missing,319,E54000035,East,0,0,0,0,0,0,0,0,0,0,0,0,0,0,0,0,0,0,0,0,0,0,0,0,0,0,0,0,0,0,0,0,0,0,0,0,0,0,0,0,0,0,0,0,0,0,0,0,0,0,0,0,0,0,0,0,0,0,0,0,0,0,0,0,0,,,,,0,F,F,F,F,F,F,F,F,T,T,T,T,T,T,T,0,0,F,0,F,0,F,0,F,0,F,0,F,0,F,0,F,0,F,0,F,0,F,0,F,0,0,0,0,0,0,0,0,0,0,0,0,0,0,0,0,0,0,0,0,0,0,0,0,0,0,0,0,0,0,0,0,0,0,0,0,0,0,0,0,0,0,0,0,0,0,0,0,0,0,0,0,0,0,0,0,0,0,0,0,0,0,0,0,0,0,0,0,0,0,0,0,0,0,0,0,0,0,0,0,0,0,0,0,0,0,0,0,0,0,0,0,0,0
153,2024-02-01,2024-02-29,T,T,T,female,115,1908-03-01,1 (Most Deprived),All other ethnic groups,868,E54000014,Yorkshire and The Humber,0,0,0,0,0,0,0,0,0,0,0,0,0,0,0,0,0,0,0,0,0,0,0,0,0,0,0,0,0,0,0,0,0,0,0,0,0,0,0,0,0,0,0,0,0,0,0,0,0,0,0,0,0,0,0,0,0,0,0,0,0,0,0,0,0,,,,,0,F,F,F,F,F,F,F,F,T,T,T,T,T,F,T,0,0,F,0,F,0,F,0,F,0,F,0,F,0,F,0,F,0,F,0,F,0,F,0,F,0,0,0,0,0,0,0,0,0,0,0,0,0,0,0,0,0,0,0,0,0,0,0,0,0,0,0,0,0,0,0,0,0,0,0,0,0,0,0,0,0,0,0,0,0,0,0,0,0,0,0,0,0,0,0,0,0,0,0,0,0,0,0,0,0,0,0,0,0,0,0,0,0,0,0,0,0,0,0,0,0,0,0,0,0,0,0,0,0,0,0,0,0,0
154,2024-02-01,2024-02-29,T,T,T,female,105,1918-08-01,Missing,Missing,204,E54000076,West Midlands,0,0,0,0,0,0,0,0,0,0,0,0,0,0,0,0,0,0,0,0,0,0,0,0,0,0,0,0,0,0,0,0,0,0,0,0,0,0,0,0,0,0,0,0,0,0,0,0,0,0,0,0,0,0,0,0,0,0,0,0,0,0,0,0,0,,,,,0,F,F,F,F,F,F,F,F,T,T,T,T,T,F,T,0,0,F,0,F,0,F,0,F,0,F,0,F,0,F,0,F,0,F,0,F,0,F,0,F,0,0,0,0,0,0,0,0,0,0,0,0,0,0,0,0,0,0,0,0,0,0,0,0,0,0,0,0,0,0,0,0,0,0,0,0,0,0,0,0,0,0,0,0,0,0,0,0,0,0,0,0,0,0,0,0,0,0,0,0,0,0,0,0,0,0,0,0,0,0,0,0,0,0,0,0,0,0,0,0,0,0,0,0,0,0,0,0,0,0,0,0,0,0
155,2024-02-01,2024-02-29,T,T,T,female,37,1986-08-01,Missing,Other White,481,E54000029,Yorkshire and The Humber,0,0,0,0,0,0,0,0,0,0,0,0,0,0,0,0,0,0,0,0,0,0,0,0,0,0,0,0,0,0,0,0,0,0,0,0,0,0,0,0,0,0,0,0,0,0,0,0,0,0,0,0,0,0,0,0,0,0,0,0,0,0,0,0,0,,,,,0,F,F,F,F,F,F,F,F,T,T,T,T,T,T,T,0,0,F,0,F,0,F,0,F,0,F,0,F,0,F,0,F,0,F,0,F,0,F,0,F,0,0,0,0,0,0,0,0,0,0,0,0,0,0,0,0,0,0,0,0,0,0,0,0,0,0,0,0,0,0,0,0,0,0,0,0,0,0,0,0,0,0,0,0,0,0,0,0,0,0,0,0,0,0,0,0,0,0,0,0,0,0,0,0,0,0,0,0,0,0,0,0,0,0,0,0,0,0,0,0,0,0,0,0,0,0,0,0,0,0,0,0,0,0
156,2024-02-01,2024-02-29,T,T,T,male,103,1920-06-01,Missing,Other Black,466,E54000066,Missing,0,0,0,0,0,0,0,0,0,0,0,0,0,0,0,0,0,0,0,0,0,0,0,0,0,0,0,0,0,0,0,0,0,0,0,0,0,0,0,0,0,0,0,0,0,0,0,0,0,0,0,0,0,0,0,0,0,0,0,0,0,0,0,0,0,,,,,0,F,F,F,F,F,F,F,F,T,T,T,T,T,F,T,0,0,F,0,F,0,F,0,F,0,F,0,F,0,F,0,F,0,F,0,F,0,F,0,F,0,0,0,0,0,0,0,0,0,0,0,0,0,0,0,0,0,0,0,0,0,0,0,0,0,0,0,0,0,0,0,0,0,0,0,0,0,0,0,0,0,0,0,0,0,0,0,0,0,0,0,0,0,0,0,0,0,0,0,0,0,0,0,0,0,0,0,0,0,0,0,0,0,0,0,0,0,0,0,0,0,0,0,0,0,0,0,0,0,0,0,0,0,0
157,2024-02-01,2024-02-29,T,T,T,intersex,40,1983-12-01,2,Pakistani,108,E54000082,Missing,0,0,0,0,0,0,0,0,0,0,0,0,0,0,0,0,0,0,0,0,0,0,0,0,0,0,0,0,0,0,0,0,0,0,0,0,0,0,0,0,0,0,0,0,0,0,0,0,0,0,0,0,0,0,0,0,0,0,0,0,0,0,0,0,0,,,,,0,F,F,F,F,F,F,F,F,T,T,T,T,T,F,T,0,0,F,0,F,0,F,0,F,0,F,0,F,0,F,0,F,0,F,0,F,0,F,0,F,0,0,0,0,0,0,0,0,0,0,0,0,0,0,0,0,0,0,0,0,0,0,0,0,0,0,0,0,0,0,0,0,0,0,0,0,0,0,0,0,0,0,0,0,0,0,0,0,0,0,0,0,0,0,0,0,0,0,0,0,0,0,0,0,0,0,0,0,0,0,0,0,0,0,0,0,0,0,0,0,0,0,0,0,0,0,0,0,0,0,0,0,0,0
158,2024-02-01,2024-02-29,T,T,T,male,26,1997-08-01,Missing,Missing,968,E54000044,Yorkshire and The Humber,0,0,0,0,0,0,0,0,0,0,0,0,0,0,0,0,0,0,0,0,0,0,0,0,0,0,0,0,0,0,0,0,0,0,0,0,0,0,0,0,0,0,0,0,0,0,0,0,0,0,0,0,0,0,0,0,0,0,0,0,0,0,0,0,0,,,,,0,F,F,F,F,F,F,F,F,T,T,T,T,T,F,T,0,0,F,0,F,0,F,0,F,0,F,0,F,0,F,0,F,0,F,0,F,0,F,0,F,0,0,0,0,0,0,0,0,0,0,0,0,0,0,0,0,0,0,0,0,0,0,0,0,0,0,0,0,0,0,0,0,0,0,0,0,0,0,0,0,0,0,0,0,0,0,0,0,0,0,0,0,0,0,0,0,0,0,0,0,0,0,0,0,0,0,0,0,0,0,0,0,0,0,0,0,0,0,0,0,0,0,0,0,0,0,0,0,0,0,0,0,0,0
159,2024-02-01,2024-02-29,T,T,T,unknown,16,2007-03-01,Missing,Caribbean,450,E54000002,West Midlands,0,0,0,0,0,0,0,0,0,0,0,0,0,0,0,0,0,0,0,0,0,0,0,0,0,0,0,0,0,0,0,0,0,0,0,0,0,0,0,0,0,0,0,0,0,0,0,0,0,0,0,0,0,0,0,0,0,0,0,0,0,0,0,0,0,,,,,0,F,F,F,F,F,F,F,T,T,T,T,F,T,F,T,0,0,F,0,F,0,F,0,F,0,F,0,F,0,F,0,F,0,F,0,F,0,F,0,F,0,0,0,0,0,0,0,0,0,0,0,0,0,0,0,0,0,0,0,0,0,0,0,0,0,0,0,0,0,0,0,0,0,0,0,0,0,0,0,0,0,0,0,0,0,0,0,0,0,0,0,0,0,0,0,0,0,0,0,0,0,0,0,0,0,0,0,0,0,0,0,0,0,0,0,0,0,0,0,0,0,0,0,0,0,0,0,0,0,0,0,0,0,0
160,2024-02-01,2024-02-29,T,T,T,unknown,48,1975-07-01,Missing,Other White,464,E54000086,South East,0,0,0,0,0,0,0,0,0,0,0,0,0,0,0,0,0,0,0,0,0,0,0,0,0,0,0,0,0,0,0,0,0,0,0,0,0,0,0,0,0,0,0,0,0,0,0,0,0,0,0,0,0,0,0,0,0,0,0,0,0,0,0,0,0,,,,,0,F,F,F,F,F,F,F,F,T,T,T,T,T,F,T,0,0,F,0,F,0,F,0,F,0,F,0,F,0,F,0,F,0,F,0,F,0,F,0,F,0,0,0,0,0,0,0,0,0,0,0,0,0,0,0,0,0,0,0,0,0,0,0,0,0,0,0,0,0,0,0,0,0,0,0,0,0,0,0,0,0,0,0,0,0,0,0,0,0,0,0,0,0,0,0,0,0,0,0,0,0,0,0,0,0,0,0,0,0,0,0,0,0,0,0,0,0,0,0,0,0,0,0,0,0,0,0,0,0,0,0,0,0,0
161,2024-02-01,2024-02-29,T,T,T,female,112,1911-10-01,Missing,Other South Asian,624,E54000007,North East,0,0,0,0,0,0,0,0,0,0,0,0,0,0,0,0,0,0,0,0,0,0,0,0,0,0,0,0,0,0,0,0,0,0,0,0,0,0,0,0,0,0,0,0,0,0,0,0,0,0,0,0,0,0,0,0,0,0,0,0,0,0,0,0,0,,,,,0,F,F,F,F,F,F,F,F,T,T,T,T,T,F,T,0,0,F,0,F,0,F,0,F,0,F,0,F,0,F,0,F,0,F,0,F,0,F,0,F,0,0,0,0,0,0,0,0,0,0,0,0,0,0,0,0,0,0,0,0,0,0,0,0,0,0,0,0,0,0,0,0,0,0,0,0,0,0,0,0,0,0,0,0,0,0,0,0,0,0,0,0,0,0,0,0,0,0,0,0,0,0,0,0,0,0,0,0,0,0,0,0,0,0,0,0,0,0,0,0,0,0,0,0,0,0,0,0,0,0,0,0,0,0
162,2024-02-01,2024-02-29,T,T,T,unknown,80,1943-05-01,Missing,African,354,E54000016,North West,0,0,0,0,0,0,0,0,0,0,0,0,0,0,0,0,0,0,0,0,0,0,0,0,0,0,0,0,0,0,0,0,0,0,0,0,0,0,0,0,0,0,0,0,0,0,0,0,0,0,0,0,0,0,0,0,0,0,0,0,0,0,0,0,0,,,,,0,F,F,F,F,F,F,F,F,T,T,T,T,T,F,T,0,0,F,0,F,0,F,0,F,0,F,0,F,0,F,0,F,0,F,0,F,0,F,0,F,0,0,0,0,0,0,0,0,0,0,0,0,0,0,0,0,0,0,0,0,0,0,0,0,0,0,0,0,0,0,0,0,0,0,0,0,0,0,0,0,0,0,0,0,0,0,0,0,0,0,0,0,0,0,0,0,0,0,0,0,0,0,0,0,0,0,0,0,0,0,0,0,0,0,0,0,0,0,0,0,0,0,0,0,0,0,0,0,0,0,0,0,0,0
163,2024-02-01,2024-02-29,T,T,T,intersex,36,1988-01-01,Missing,Missing,800,E54000076,Missing,0,0,0,0,0,0,0,0,0,0,0,0,0,0,0,0,0,0,0,0,0,0,0,0,0,0,0,0,0,0,0,0,0,0,0,0,0,0,0,0,0,0,0,0,0,0,0,0,0,0,0,0,0,0,0,0,0,0,0,0,0,0,0,0,0,,,,,0,F,F,F,F,F,F,F,F,T,T,T,T,T,F,T,1,1,T,0,T,0,T,0,T,0,F,0,F,0,T,0,F,0,T,0,T,0,T,0,F,0,0,0,0,0,0,0,0,0,0,0,0,0,0,0,0,0,0,0,0,0,0,0,0,0,0,0,0,1,0,0,1,0,1,0,1,0,0,0,0,0,1,0,1,0,1,0,0,0,0,0,0,0,0,0,0,0,0,0,0,0,0,0,0,0,0,0,0,0,0,0,0,0,0,0,0,0,0,0,0,0,0,0,0,0,0,0,0,0,0,0,0,0,0
164,2024-02-01,2024-02-29,T,T,T,unknown,106,1917-12-01,Missing,Chinese,8,E54000050,North East,0,0,0,0,0,0,0,0,0,0,0,0,0,0,0,0,0,0,0,0,0,0,0,0,0,0,0,0,0,0,0,0,0,0,0,0,0,0,0,0,0,0,0,0,0,0,0,0,0,0,0,0,0,0,0,0,0,0,0,0,0,0,0,0,0,,,,,0,F,F,F,F,F,F,F,F,T,T,T,T,T,F,T,0,0,F,0,F,0,F,0,F,0,F,0,F,0,F,0,F,0,F,0,F,0,F,0,F,0,0,0,0,0,0,0,0,0,0,0,0,0,0,0,0,0,0,0,0,0,0,0,0,0,0,0,0,0,0,0,0,0,0,0,0,0,0,0,0,0,0,0,0,0,0,0,0,0,0,0,0,0,0,0,0,0,0,0,0,0,0,0,0,0,0,0,0,0,0,0,0,0,0,0,0,0,0,0,0,0,0,0,0,0,0,0,0,0,0,0,0,0,0
165,2024-02-01,2024-02-29,T,T,T,female,20,2003-12-01,2,Other White,373,E54000032,South West,0,0,0,0,0,0,0,0,0,0,0,0,0,0,0,0,0,0,0,0,0,0,0,0,0,0,0,0,0,0,0,0,0,0,0,0,0,0,0,0,0,0,0,0,0,0,0,0,0,0,0,0,0,0,0,0,0,0,0,0,0,0,0,0,0,,,,,0,F,F,F,F,F,F,F,F,T,T,T,T,T,T,T,0,0,F,0,F,0,F,0,F,0,F,0,F,0,F,0,F,0,F,0,F,0,F,0,F,0,0,0,0,0,0,0,0,0,0,0,0,0,0,0,0,0,0,0,0,0,0,0,0,0,0,0,0,0,0,0,0,0,0,0,0,0,0,0,0,0,0,0,0,0,0,0,0,0,0,0,0,0,0,0,0,0,0,0,0,0,0,0,0,0,0,0,0,0,0,0,0,0,0,0,0,0,0,0,0,0,0,0,0,0,0,0,0,0,0,0,0,0,0
166,2024-02-01,2024-02-29,T,T,T,female,116,1907-04-01,3,Missing,38,E54000028,Yorkshire and The Humber,0,0,0,0,0,0,0,0,0,0,0,0,0,0,0,0,0,0,0,0,0,0,0,0,0,0,0,0,0,0,0,0,0,0,0,0,0,0,0,0,0,0,0,0,0,0,0,0,0,0,0,0,0,0,0,0,0,0,0,0,0,0,0,0,0,,,,,0,F,F,F,F,F,F,F,F,T,T,T,T,T,F,T,0,0,F,0,F,0,F,0,F,0,F,0,F,0,F,0,F,0,F,0,F,0,F,0,F,0,0,0,0,0,0,0,0,0,0,0,0,0,0,0,0,0,0,0,0,0,0,0,0,0,0,0,0,0,0,0,0,0,0,0,0,0,0,0,0,0,0,0,0,0,0,0,0,0,0,0,0,0,0,0,0,0,0,0,0,0,0,0,0,0,0,0,0,0,0,0,0,0,0,0,0,0,0,0,0,0,0,0,0,0,0,0,0,0,0,0,0,0,0
167,2024-02-01,2024-02-29,T,T,T,intersex,97,1926-10-01,Missing,Missing,623,E54000076,London,0,0,0,0,0,0,0,0,0,0,0,0,0,0,0,0,0,0,0,0,0,0,0,0,0,0,0,0,0,0,0,0,0,0,0,0,0,0,0,0,0,0,0,0,0,0,0,0,0,0,0,0,0,0,0,0,0,0,0,0,0,0,0,0,0,,,,,0,F,F,F,F,F,F,F,F,T,T,T,T,T,F,T,0,0,F,0,F,0,F,0,F,0,F,0,F,0,F,0,F,0,F,0,F,0,F,0,F,0,0,0,0,0,0,0,0,0,0,0,0,0,0,0,0,0,0,0,0,0,0,0,0,0,0,0,0,0,0,0,0,0,0,0,0,0,0,0,0,0,0,0,0,0,0,0,0,0,0,0,0,0,0,0,0,0,0,0,0,0,0,0,0,0,0,0,0,0,0,0,0,0,0,0,0,0,0,0,0,0,0,0,0,0,0,0,0,0,0,0,0,0,0
168,2024-02-01,2024-02-29,T,T,T,female,20,2003-05-01,Missing,Missing,501,E54000037,South West,0,0,0,0,0,0,0,0,0,0,0,0,0,0,0,0,0,0,0,0,0,0,0,0,0,0,0,0,0,0,0,0,0,0,0,0,0,0,0,0,0,0,0,0,0,0,0,0,0,0,0,0,0,0,0,0,0,0,0,0,0,0,0,0,0,,,,,0,F,F,F,F,F,F,F,F,T,T,T,T,T,T,T,0,0,F,0,F,0,F,0,F,0,F,0,F,0,F,0,F,0,F,0,F,0,F,0,F,0,0,0,0,0,0,0,0,0,0,0,0,0,0,0,0,0,0,0,0,0,0,0,0,0,0,0,0,0,0,0,0,0,0,0,0,0,0,0,0,0,0,0,0,0,0,0,0,0,0,0,0,0,0,0,0,0,0,0,0,0,0,0,0,0,0,0,0,0,0,0,0,0,0,0,0,0,0,0,0,0,0,0,0,0,0,0,0,0,0,0,0,0,0
169,2024-02-01,2024-02-29,T,T,T,male,84,1940-02-01,Missing,Missing,144,E54000047,Missing,0,0,0,0,0,0,0,0,0,0,0,0,0,0,0,0,0,0,0,0,0,0,0,0,0,0,0,0,0,0,0,0,0,0,0,0,0,0,0,0,0,0,0,0,0,0,0,0,0,0,0,0,0,0,0,0,0,0,0,0,0,0,0,0,0,,,,,0,F,F,F,F,F,F,F,F,T,T,T,T,T,F,T,0,0,F,0,F,0,F,0,F,0,F,0,F,0,F,0,F,0,F,0,F,0,F,0,F,0,0,0,0,0,0,0,0,0,0,0,0,0,0,0,0,0,0,0,0,0,0,0,0,0,0,0,0,0,0,0,0,0,0,0,0,0,0,0,0,0,0,0,0,0,0,0,0,0,0,0,0,0,0,0,0,0,0,0,0,0,0,0,0,0,0,0,0,0,0,0,0,0,0,0,0,0,0,0,0,0,0,0,0,0,0,0,0,0,0,0,0,0,0
170,2024-02-01,2024-02-29,T,T,T,unknown,45,1978-07-01,Missing,Other White,184,E54000007,London,0,0,0,0,0,0,0,0,0,0,0,0,0,0,0,0,0,0,0,0,0,0,0,0,0,0,0,0,0,1,1,1,0,0,0,0,0,0,0,0,0,0,0,0,1,1,1,1,1,1,0,0,0,1,1,1,0,0,0,0,0,0,1,1,1,,,,,0,F,F,F,F,F,F,F,F,T,T,T,T,T,F,T,0,0,F,0,F,0,F,0,F,0,F,0,F,0,F,0,F,0,F,0,F,0,F,0,F,0,0,0,0,0,0,0,0,0,0,0,0,0,0,0,0,0,0,0,0,0,0,0,0,0,0,0,0,0,0,0,0,0,0,0,0,0,0,0,0,0,0,0,0,0,0,0,0,0,0,0,0,0,0,0,0,0,0,0,0,0,0,0,0,0,0,0,0,0,0,0,0,0,0,0,0,0,0,0,0,0,0,0,0,0,0,0,0,0,0,0,0,0,0
171,2024-02-01,2024-02-29,T,T,T,intersex,24,2000-01-01,Missing,Missing,230,E54000007,Missing,0,0,0,0,0,0,0,0,0,0,0,0,0,0,0,0,0,0,0,0,0,0,0,0,0,0,0,0,0,0,0,0,0,0,0,0,0,0,0,0,0,0,0,0,0,0,0,0,0,0,0,0,0,0,0,0,0,0,0,0,0,0,0,0,0,,,,,0,F,F,F,F,F,F,F,F,T,T,T,T,T,F,T,0,0,F,0,F,0,F,0,F,0,F,0,F,0,F,0,F,0,F,0,F,0,F,0,F,0,0,0,0,0,0,0,0,0,0,0,0,0,0,0,0,0,0,0,0,0,0,0,0,0,0,0,0,0,0,0,0,0,0,0,0,0,0,0,0,0,0,0,0,0,0,0,0,0,0,0,0,0,0,0,0,0,0,0,0,0,0,0,0,0,0,0,0,0,0,0,0,0,0,0,0,0,0,0,0,0,0,0,0,0,0,0,0,0,0,0,0,0,0
172,2024-02-01,2024-02-29,T,T,T,male,20,2003-11-01,Missing,Missing,913,E54000017,Missing,0,0,0,0,0,0,0,0,0,0,0,0,0,0,0,0,0,0,0,0,0,0,0,0,0,0,0,0,0,0,0,0,0,0,0,0,0,0,0,0,0,0,0,0,0,0,0,0,0,0,0,0,0,0,0,0,0,0,0,0,0,0,0,0,0,,,,,0,F,F,F,F,F,F,F,F,T,T,T,T,T,F,T,0,0,F,0,F,0,F,0,F,0,F,0,F,0,F,0,F,0,F,0,F,0,F,0,F,0,0,0,0,0,0,0,0,0,0,0,0,0,0,0,0,0,0,0,0,0,0,0,0,0,0,0,0,0,0,0,0,0,0,0,0,0,0,0,0,0,0,0,0,0,0,0,0,0,0,0,0,0,0,0,0,0,0,0,0,0,0,0,0,0,0,0,0,0,0,0,0,0,0,0,0,0,0,0,0,0,0,0,0,0,0,0,0,0,0,0,0,0,0
173,2024-02-01,2024-02-29,T,T,T,unknown,84,1939-04-01,Missing,Other White,856,E54000059,Missing,0,0,0,0,0,0,0,0,0,0,0,0,0,0,0,0,0,0,0,0,0,0,0,0,0,0,0,0,0,0,0,0,0,0,0,0,0,0,0,0,0,0,0,0,0,0,0,0,0,0,0,0,0,0,0,0,0,0,0,0,0,0,0,0,0,,,,,0,F,F,F,F,F,F,F,F,T,T,T,T,T,F,T,0,0,F,0,F,0,F,0,F,0,F,0,F,0,F,0,F,0,F,0,F,0,F,0,F,0,0,0,0,0,0,0,0,0,0,0,0,0,0,0,0,0,0,0,0,0,0,0,0,0,0,0,0,0,0,0,0,0,0,0,0,0,0,0,0,0,0,0,0,0,0,0,0,0,0,0,0,0,0,0,0,0,0,0,0,0,0,0,0,0,0,0,0,0,0,0,0,0,0,0,0,0,0,0,0,0,0,0,0,0,0,0,0,0,0,0,0,0,0
174,2024-02-01,2024-02-29,T,T,T,female,11,2013-01-01,5 (Least Deprived),Missing,169,E54000020,East,0,0,0,0,0,0,0,0,0,0,0,0,0,0,0,0,0,0,0,0,0,0,0,0,0,0,0,0,0,0,0,0,0,0,0,0,0,0,0,0,0,0,0,0,0,0,0,0,0,0,0,0,0,0,0,0,0,0,0,0,0,0,0,0,0,,,,,0,F,F,F,F,F,F,F,T,F,T,T,F,T,F,T,0,0,F,0,F,0,F,0,F,0,F,0,F,0,F,0,F,0,F,0,F,0,F,0,F,0,0,0,0,0,0,0,0,0,0,0,0,0,0,0,0,0,0,0,0,0,0,0,0,0,0,0,0,0,0,0,0,0,0,0,0,0,0,0,0,0,0,0,0,0,0,0,0,0,0,0,0,0,0,0,0,0,0,0,0,0,0,0,0,0,0,0,0,0,0,0,0,0,0,0,0,0,0,0,0,0,0,0,0,0,0,0,0,0,0,0,0,0,0
175,2024-02-01,2024-02-29,T,T,T,intersex,56,1967-04-01,4,African,0,E54000028,East Midlands,0,0,0,0,0,0,0,0,0,0,0,0,0,0,0,0,0,0,0,0,0,0,0,0,0,0,0,0,0,0,0,0,0,0,0,0,0,0,0,0,0,0,0,0,0,0,0,0,0,0,0,0,0,0,0,0,0,0,0,0,0,0,0,0,0,,,,,0,F,F,F,F,F,F,F,F,T,T,T,T,T,F,T,0,0,F,0,F,0,F,0,F,0,F,0,F,0,F,0,F,0,F,0,F,0,F,0,F,0,0,0,0,0,0,0,0,0,0,0,0,0,0,0,0,0,0,0,0,0,0,0,0,0,0,0,0,0,0,0,0,0,0,0,0,0,0,0,0,0,0,0,0,0,0,0,0,0,0,0,0,0,0,0,0,0,0,0,0,0,0,0,0,0,0,0,0,0,0,0,0,0,0,0,0,0,0,0,0,0,0,0,0,0,0,0,0,0,0,0,0,0,0
176,2024-02-01,2024-02-29,T,T,T,intersex,60,1963-11-01,Missing,Bangladeshi,982,E54000083,North East,0,0,0,0,0,0,0,0,0,0,0,0,0,0,0,0,0,0,0,0,0,0,0,0,0,0,0,0,0,0,0,0,0,0,0,0,0,0,0,0,0,0,0,0,0,0,0,0,0,0,0,0,0,0,0,0,0,0,0,0,0,0,0,0,0,,,,,0,F,F,F,F,F,F,F,F,T,T,T,T,T,F,T,0,0,F,0,F,0,F,0,F,0,F,0,F,0,F,0,F,0,F,0,F,0,F,0,F,0,0,0,0,0,0,0,0,0,0,0,0,0,0,0,0,0,0,0,0,0,0,0,0,0,0,0,0,0,0,0,0,0,0,0,0,0,0,0,0,0,0,0,0,0,0,0,0,0,0,0,0,0,0,0,0,0,0,0,0,0,0,0,0,0,0,0,0,0,0,0,0,0,0,0,0,0,0,0,0,0,0,0,0,0,0,0,0,0,0,0,0,0,0
177,2024-02-01,2024-02-29,T,T,T,female,24,1999-11-01,Missing,Missing,919,E54000030,Missing,0,0,0,0,0,0,0,0,0,0,0,0,0,0,0,0,0,0,0,0,0,0,0,0,0,0,0,0,0,0,0,0,0,0,0,0,0,0,0,0,0,0,0,0,0,0,0,0,0,0,0,0,0,0,0,0,0,0,0,0,0,0,0,0,0,,,,,0,F,F,F,F,F,F,F,F,T,T,T,T,T,T,T,0,0,F,0,F,0,F,0,F,0,F,0,F,0,F,0,F,0,F,0,F,0,F,0,F,0,0,0,0,0,0,0,0,0,0,0,0,0,0,0,0,0,0,0,0,0,0,0,0,0,0,0,0,0,0,0,0,0,0,0,0,0,0,0,0,0,0,0,0,0,0,0,0,0,0,0,0,0,0,0,0,0,0,0,0,0,0,0,0,0,0,0,0,0,0,0,0,0,0,0,0,0,0,0,0,0,0,0,0,0,0,0,0,0,0,0,0,0,0
178,2024-02-01,2024-02-29,T,T,T,unknown,15,2009-02-01,Missing,White British,74,E54000007,Missing,0,0,0,0,0,0,0,0,0,0,0,0,0,0,0,0,0,0,0,0,0,0,0,0,0,0,0,0,0,0,0,0,0,0,0,0,0,0,0,0,0,0,0,0,0,0,0,0,0,0,0,0,0,0,0,0,0,0,0,0,0,0,0,0,0,2023-08-25,,,,0,F,F,F,F,F,F,F,T,T,T,T,F,T,F,T,0,0,F,0,F,0,F,0,F,0,F,0,F,0,F,0,F,0,F,0,F,0,F,0,F,0,0,0,0,0,0,0,0,0,0,0,0,0,0,0,0,0,0,0,0,0,0,0,0,0,0,0,0,0,0,0,0,0,0,0,0,0,0,0,0,0,0,0,0,0,0,0,0,0,0,0,0,0,0,0,0,0,0,0,0,0,0,0,0,0,0,0,0,0,0,0,0,0,0,0,0,0,0,0,0,0,0,0,0,0,0,0,0,0,0,0,0,0,0
179,2024-02-01,2024-02-29,T,T,T,female,81,1943-02-01,Missing,Missing,532,E54000006,North West,0,0,0,0,0,0,0,0,0,0,0,0,0,0,0,0,0,0,0,0,0,0,0,0,0,0,0,0,0,0,0,0,0,0,0,0,0,0,0,0,0,0,0,0,0,0,0,0,0,0,0,0,0,0,0,0,0,0,0,0,0,0,0,0,0,,2024-07-03,,,0,F,F,F,F,F,F,F,F,T,T,T,T,T,F,T,0,0,F,0,F,0,F,0,F,0,F,0,F,0,F,0,F,0,F,0,F,0,F,0,F,0,0,0,0,0,0,0,0,0,0,0,0,0,0,0,0,0,0,0,0,0,0,0,0,0,0,0,0,0,0,0,0,0,0,0,0,0,0,0,0,0,0,0,0,0,0,0,0,0,0,0,0,0,0,0,0,0,0,0,0,0,0,0,0,0,0,0,0,0,0,0,0,0,0,0,0,0,0,0,0,0,0,0,0,0,0,0,0,0,0,0,0,0,0
180,2024-02-01,2024-02-29,T,T,T,male,102,1921-04-01,Missing,Missing,882,E54000038,Yorkshire and The Humber,0,0,0,0,0,0,0,0,0,0,0,0,0,0,0,0,0,0,0,0,0,0,0,0,0,0,0,0,0,0,0,0,0,0,0,0,0,0,0,0,0,0,0,0,0,0,0,0,0,0,0,0,0,0,0,0,0,0,0,0,0,0,0,0,0,,,,,0,F,F,F,F,F,F,F,F,T,T,T,T,T,F,T,0,0,F,0,F,0,F,0,F,0,F,0,F,0,F,0,F,0,F,0,F,0,F,0,F,0,0,0,0,0,0,0,0,0,0,0,0,0,0,0,0,0,0,0,0,0,0,0,0,0,0,0,0,0,0,0,0,0,0,0,0,0,0,0,0,0,0,0,0,0,0,0,0,0,0,0,0,0,0,0,0,0,0,0,0,0,0,0,0,0,0,0,0,0,0,0,0,0,0,0,0,0,0,0,0,0,0,0,0,0,0,0,0,0,0,0,0,0,0
181,2024-02-01,2024-02-29,T,T,T,intersex,2,2021-11-01,5 (Least Deprived),Pakistani,708,E54000064,West Midlands,0,0,0,0,0,0,0,0,0,0,0,0,0,0,0,0,0,0,0,0,0,0,0,0,0,0,0,0,0,0,0,0,0,0,0,0,0,0,0,0,0,0,0,0,0,0,0,0,0,0,0,0,0,0,0,0,0,0,0,0,0,0,0,0,0,,,,,0,F,F,F,T,F,F,F,T,F,F,T,F,T,F,T,0,0,F,0,F,0,F,0,F,0,F,0,F,0,F,0,F,0,F,0,F,0,F,0,F,0,0,0,0,0,0,0,0,0,0,0,0,0,0,0,0,0,0,0,0,0,0,0,0,0,0,0,0,0,0,0,0,0,0,0,0,0,0,0,0,0,0,0,0,0,0,0,0,0,0,0,0,0,0,0,0,0,0,0,0,0,0,0,0,0,0,0,0,0,0,0,0,0,0,0,0,0,0,0,0,0,0,0,0,0,0,0,0,0,0,0,0,0,0
182,2024-02-01,2024-02-29,T,T,T,female,35,1988-07-01,Missing,Indian,31,E54000039,East,0,0,0,0,0,0,0,0,0,0,0,0,0,0,0,0,0,0,0,0,0,0,0,0,0,0,0,0,0,0,0,0,0,0,0,0,0,0,0,0,0,0,0,0,0,0,0,0,0,0,0,0,0,0,0,0,0,0,0,0,0,0,0,0,0,,,,,0,F,F,F,F,F,F,F,F,T,T,T,T,T,T,T,0,0,F,0,F,0,F,0,F,0,F,0,F,0,F,0,F,0,F,0,F,0,F,0,F,0,0,0,0,0,0,0,0,0,0,0,0,0,0,0,0,0,0,0,0,0,0,0,0,0,0,0,0,0,0,0,0,0,0,0,0,0,0,0,0,0,0,0,0,0,0,0,0,0,0,0,0,0,0,0,0,0,0,0,0,0,0,0,0,0,0,0,0,0,0,0,0,0,0,0,0,0,0,0,0,0,0,0,0,0,0,0,0,0,0,0,0,0,0
183,2024-02-01,2024-02-29,T,T,T,female,66,1957-12-01,Missing,Missing,405,E54000050,London,0,0,0,0,0,0,0,0,0,0,0,0,0,0,0,0,0,0,0,0,0,0,0,0,0,0,0,0,0,0,0,0,0,0,0,0,0,0,0,0,0,0,0,0,0,0,0,0,0,0,0,0,0,0,0,0,0,0,0,0,0,0,0,0,0,,,,,0,F,F,F,F,F,F,F,F,T,T,T,T,T,F,T,0,0,F,0,F,0,F,0,F,0,F,0,F,0,F,0,F,0,F,0,F,0,F,0,F,0,0,0,0,0,0,0,0,0,0,0,0,0,0,0,0,0,0,0,0,0,0,0,0,0,0,0,0,0,0,0,0,0,0,0,0,0,0,0,0,0,0,0,0,0,0,0,0,0,0,0,0,0,0,0,0,0,0,0,0,0,0,0,0,0,0,0,0,0,0,0,0,0,0,0,0,0,0,0,0,0,0,0,0,0,0,0,0,0,0,0,0,0,0
184,2024-02-01,2024-02-29,T,T,T,male,22,2001-08-01,1 (Most Deprived),Missing,948,E54000055,North West,0,0,0,0,0,0,0,0,0,0,0,0,0,0,0,0,0,0,0,0,0,0,0,0,0,0,0,0,0,0,0,0,0,0,0,0,0,0,0,0,0,0,0,0,0,0,0,0,0,0,0,0,0,0,0,0,0,0,0,0,0,0,0,0,0,,,,,0,F,F,F,F,F,F,F,F,T,T,T,T,T,F,T,0,0,F,0,F,0,F,0,F,0,F,0,F,0,F,0,F,0,F,0,F,0,F,0,F,0,0,0,0,0,0,0,0,0,0,0,0,0,0,0,0,0,0,0,0,0,0,0,0,0,0,0,0,0,0,0,0,0,0,0,0,0,0,0,0,0,0,0,0,0,0,0,0,0,0,0,0,0,0,0,0,0,0,0,0,0,0,0,0,0,0,0,0,0,0,0,0,0,0,0,0,0,0,0,0,0,0,0,0,0,0,0,0,0,0,0,0,0,0
185,2024-02-01,2024-02-29,T,T,T,male,79,1945-02-01,Missing,Other Black,300,E54000063,Missing,0,0,0,0,0,0,0,0,0,0,0,0,0,0,0,0,0,0,0,0,0,0,0,0,0,0,0,0,0,0,0,0,0,0,0,0,0,0,0,0,0,0,0,0,0,0,0,0,0,0,0,0,0,0,0,0,0,0,0,0,0,0,0,0,0,,,,,0,F,F,F,F,F,F,F,F,T,T,T,T,T,F,T,0,0,F,0,F,0,F,0,F,0,F,0,F,0,F,0,F,0,F,0,F,0,F,0,F,0,0,0,0,0,0,0,0,0,0,0,0,0,0,0,0,0,0,0,0,0,0,0,0,0,0,0,0,0,0,0,0,0,0,0,0,0,0,0,0,0,0,0,0,0,0,0,0,0,0,0,0,0,0,0,0,0,0,0,0,0,0,0,0,0,0,0,0,0,0,0,0,0,0,0,0,0,0,0,0,0,0,0,0,0,0,0,0,0,0,0,0,0,0
187,2024-02-01,2024-02-29,T,T,T,unknown,36,1987-04-01,Missing,All other ethnic groups,972,E54000094,West Midlands,0,0,0,0,0,0,0,0,0,0,0,0,0,0,0,0,0,0,0,0,0,0,0,0,0,0,0,0,0,0,0,0,0,0,0,0,0,0,0,0,0,0,0,0,0,0,0,0,0,0,0,0,0,0,0,0,0,0,0,0,0,0,0,0,0,,,,,0,F,F,F,F,F,F,F,F,T,T,T,T,T,F,T,0,0,F,0,F,0,F,0,F,0,F,0,F,0,F,0,F,0,F,0,F,0,F,0,F,0,0,0,0,0,0,0,0,0,0,0,0,0,0,0,0,0,0,0,0,0,0,0,0,0,0,0,0,0,0,0,0,0,0,0,0,0,0,0,0,0,0,0,0,0,0,0,0,0,0,0,0,0,0,0,0,0,0,0,0,0,0,0,0,0,0,0,0,0,0,0,0,0,0,0,0,0,0,0,0,0,0,0,0,0,0,0,0,0,0,0,0,0,0
188,2024-02-01,2024-02-29,T,T,T,male,12,2011-07-01,Missing,Missing,160,E54000039,East,0,0,0,0,0,0,0,0,0,0,0,0,0,0,0,0,0,0,0,0,0,0,0,0,0,0,0,0,0,0,0,0,0,0,0,0,0,0,0,0,0,0,0,0,0,0,0,0,0,0,0,0,0,0,0,0,0,0,0,0,0,0,0,0,0,,2024-03-09,,,P-E,T,F,F,F,F,F,F,T,T,T,T,F,T,F,T,0,0,F,0,F,0,F,0,F,0,F,0,F,0,F,0,F,0,F,0,F,0,F,0,F,0,0,0,0,0,0,0,0,0,0,0,0,0,0,0,0,0,0,0,0,0,0,0,0,0,0,0,0,0,0,0,0,0,0,0,0,0,0,0,0,0,0,0,0,0,0,0,0,0,0,0,0,0,0,0,0,0,0,0,0,0,0,0,0,0,0,0,0,0,0,0,0,0,0,0,0,0,0,0,0,0,0,0,0,0,0,0,0,0,0,0,0,0,0
189,2024-02-01,2024-02-29,T,T,T,intersex,109,1914-11-01,Missing,Chinese,322,E54000088,West Midlands,0,0,0,0,0,0,0,0,0,0,0,0,0,0,0,0,0,0,0,0,0,0,0,0,0,0,0,0,0,0,0,0,0,0,0,0,0,0,0,0,0,0,0,0,0,0,0,0,0,0,0,0,0,0,0,0,0,0,0,0,0,0,0,0,0,,,,,0,F,F,F,F,F,F,F,F,T,T,T,T,T,F,T,0,0,F,0,F,0,F,0,F,0,F,0,F,0,F,0,F,0,F,0,F,0,F,0,F,0,0,0,0,0,0,0,0,0,0,0,0,0,0,0,0,0,0,0,0,0,0,0,0,0,0,0,0,0,0,0,0,0,0,0,0,0,0,0,0,0,0,0,0,0,0,0,0,0,0,0,0,0,0,0,0,0,0,0,0,0,0,0,0,0,0,0,0,0,0,0,0,0,0,0,0,0,0,0,0,0,0,0,0,0,0,0,0,0,0,0,0,0,0
190,2024-02-01,2024-02-29,T,T,T,female,103,1920-04-01,4,Missing,523,E54000082,Missing,0,0,0,0,0,0,0,0,0,0,0,0,0,0,0,0,0,0,0,0,0,0,0,0,0,0,0,0,0,0,0,0,0,0,0,0,0,0,0,0,0,0,0,0,0,0,0,0,0,0,0,0,0,0,0,0,0,0,0,0,0,0,0,0,0,,,,,0,F,F,F,F,F,F,F,F,T,T,T,T,T,F,T,1,0,T,0,T,0,T,0,T,0,T,0,T,0,F,0,T,0,T,0,T,0,T,0,T,0,0,0,0,0,0,0,0,0,0,0,0,0,0,0,0,0,0,0,0,0,0,0,0,0,0,0,0,0,1,0,1,0,1,0,1,0,0,0,0,0,1,1,1,1,1,0,0,0,0,0,0,0,0,0,0,0,0,0,0,0,0,0,0,0,0,0,0,0,0,0,0,0,0,0,0,0,0,0,0,0,0,0,0,0,0,0,0,0,0,0,0,0,0
191,2024-02-01,2024-02-29,T,T,T,female,64,1959-06-01,2,Missing,961,E54000052,Yorkshire and The Humber,0,0,0,0,0,0,0,0,0,0,0,0,0,0,0,0,0,0,0,0,0,0,0,0,0,0,0,0,0,0,0,0,0,0,0,0,0,0,0,0,0,0,0,0,0,0,0,0,0,0,0,0,0,0,0,0,0,0,0,0,0,0,0,0,0,,,,,0,F,F,F,F,F,F,F,F,T,T,T,T,T,T,T,0,0,F,0,F,0,F,0,F,0,F,0,F,0,F,0,F,0,F,0,F,0,F,0,F,0,0,0,0,0,0,0,0,0,0,0,0,0,0,0,0,0,0,0,0,0,0,0,0,0,0,0,0,0,0,0,0,0,0,0,0,0,0,0,0,0,0,0,0,0,0,0,0,0,0,0,0,0,0,0,0,0,0,0,0,0,0,0,0,0,0,0,0,0,0,0,0,0,0,0,0,0,0,0,0,0,0,0,0,0,0,0,0,0,0,0,0,0,0
192,2024-02-01,2024-02-29,T,T,T,intersex,15,2008-10-01,3,All other ethnic groups,507,E54000082,Yorkshire and The Humber,0,0,0,0,0,0,0,0,0,0,0,0,0,0,0,0,0,0,0,0,0,0,0,0,0,0,0,0,0,0,0,0,0,0,0,0,0,0,0,0,0,0,0,0,0,0,0,0,0,0,0,0,0,0,0,0,0,0,0,0,0,0,0,0,0,,,,,0,F,F,F,F,F,F,F,T,T,T,T,F,T,F,T,0,0,F,0,F,0,F,0,F,0,F,0,F,0,F,0,F,0,F,0,F,0,F,0,F,0,0,0,0,0,0,0,0,0,0,0,0,0,0,0,0,0,0,0,0,0,0,0,0,0,0,0,0,0,0,0,0,0,0,0,0,0,0,0,0,0,0,0,0,0,0,0,0,0,0,0,0,0,0,0,0,0,0,0,0,0,0,0,0,0,0,0,0,0,0,0,0,0,0,0,0,0,0,0,0,0,0,0,0,0,0,0,0,0,0,0,0,0,0
193,2024-02-01,2024-02-29,T,T,T,female,12,2011-07-01,2,Indian,335,E54000067,East,0,0,0,0,0,0,0,0,0,0,0,0,0,0,0,0,0,0,0,0,0,0,0,0,0,0,0,0,0,0,0,0,0,0,0,0,0,0,0,0,0,0,0,0,0,0,0,0,0,0,0,0,0,0,0,0,0,0,0,0,0,0,0,0,0,,,,,0,F,F,F,F,F,F,F,T,T,T,T,F,T,F,T,0,0,F,0,F,0,F,0,F,0,F,0,F,0,F,0,F,0,F,0,F,0,F,0,F,0,0,0,0,0,0,0,0,0,0,0,0,0,0,0,0,0,0,0,0,0,0,0,0,0,0,0,0,0,0,0,0,0,0,0,0,0,0,0,0,0,0,0,0,0,0,0,0,0,0,0,0,0,0,0,0,0,0,0,0,0,0,0,0,0,0,0,0,0,0,0,0,0,0,0,0,0,0,0,0,0,0,0,0,0,0,0,0,0,0,0,0,0,0
194,2024-02-01,2024-02-29,T,T,T,female,88,1935-06-01,5 (Least Deprived),Other Black,130,E54000004,Yorkshire and The Humber,0,0,0,0,0,0,0,0,0,0,0,0,0,0,0,0,0,0,0,0,0,0,0,0,0,0,0,0,0,0,0,0,0,0,0,0,0,0,0,0,0,0,0,0,0,0,0,0,0,0,0,0,0,0,0,0,0,0,0,0,0,0,0,0,0,,,,,0,F,F,F,F,F,F,F,F,T,T,T,T,T,F,T,0,0,F,0,F,0,F,0,F,0,F,0,F,0,F,0,F,0,F,0,F,0,F,0,F,0,0,0,0,0,0,0,0,0,0,0,0,0,0,0,0,0,0,0,0,0,0,0,0,0,0,0,0,0,0,0,0,0,0,0,0,0,0,0,0,0,0,0,0,0,0,0,0,0,0,0,0,0,0,0,0,0,0,0,0,0,0,0,0,0,0,0,0,0,0,0,0,0,0,0,0,0,0,0,0,0,0,0,0,0,0,0,0,0,0,0,0,0,0
196,2024-02-01,2024-02-29,T,T,T,female,40,1983-03-01,Missing,Chinese,174,E54000025,South West,0,0,0,0,0,0,0,0,0,0,0,0,0,0,0,0,0,0,0,0,0,0,0,0,0,0,0,0,0,0,0,0,0,0,0,0,0,0,0,0,0,0,0,0,0,0,0,0,0,0,0,0,0,0,0,0,0,0,0,0,0,0,0,0,0,,,,,0,F,F,F,F,F,F,F,F,T,T,T,T,T,T,T,0,0,F,0,F,0,F,0,F,0,F,0,F,0,F,0,F,0,F,0,F,0,F,0,F,0,0,0,0,0,0,0,0,0,0,0,0,0,0,0,0,0,0,0,0,0,0,0,0,0,0,0,0,0,0,0,0,0,0,0,0,0,0,0,0,0,0,0,0,0,0,0,0,0,0,0,0,0,0,0,0,0,0,0,0,0,0,0,0,0,0,0,0,0,0,0,0,0,0,0,0,0,0,0,0,0,0,0,0,0,0,0,0,0,0,0,0,0,0
197,2024-02-01,2024-02-29,T,T,T,male,85,1938-12-01,Missing,African,227,E54000056,Yorkshire and The Humber,0,0,0,0,0,0,0,0,0,0,0,0,0,0,0,0,0,0,0,0,0,0,0,0,0,0,0,0,0,0,0,0,0,0,0,0,0,0,0,0,0,0,0,0,0,0,0,0,0,0,0,0,0,0,0,0,0,0,0,0,0,0,0,0,0,,,,,0,F,F,F,F,F,F,F,F,T,T,T,T,T,F,T,0,0,F,0,F,0,F,0,F,0,F,0,F,0,F,0,F,0,F,0,F,0,F,0,F,0,0,0,0,0,0,0,0,0,0,0,0,0,0,0,0,0,0,0,0,0,0,0,0,0,0,0,0,0,0,0,0,0,0,0,0,0,0,0,0,0,0,0,0,0,0,0,0,0,0,0,0,0,0,0,0,0,0,0,0,0,0,0,0,0,0,0,0,0,0,0,0,0,0,0,0,0,0,0,0,0,0,0,0,0,0,0,0,0,0,0,0,0,0
198,2024-02-01,2024-02-29,T,T,T,unknown,105,1918-03-01,3,Other Black,793,E54000058,South West,0,0,0,0,0,0,0,0,0,0,0,0,0,0,0,0,0,0,0,0,0,0,0,0,0,0,0,0,0,0,0,0,0,0,0,0,0,0,0,0,0,0,0,0,0,0,0,0,0,0,0,0,0,0,0,0,0,0,0,0,0,0,0,0,0,,,,,0,F,F,F,F,F,F,F,F,T,T,T,T,T,F,T,0,0,F,0,F,0,F,0,F,0,F,0,F,0,F,0,F,0,F,0,F,0,F,0,F,0,0,0,0,0,0,0,0,0,0,0,0,0,0,0,0,0,0,0,0,0,0,0,0,0,0,0,0,0,0,0,0,0,0,0,0,0,0,0,0,0,0,0,0,0,0,0,0,0,0,0,0,0,0,0,0,0,0,0,0,0,0,0,0,0,0,0,0,0,0,0,0,0,0,0,0,0,0,0,0,0,0,0,0,0,0,0,0,0,0,0,0,0,0
199,2024-02-01,2024-02-29,T,T,T,intersex,73,1950-08-01,Missing,African,348,E54000009,South West,0,0,0,0,0,0,0,0,0,0,0,0,0,0,0,0,0,0,0,0,0,0,0,0,0,0,0,0,0,0,0,0,0,0,0,0,0,0,0,0,0,0,0,0,0,0,0,0,0,0,0,0,0,0,0,0,0,0,0,0,0,0,0,0,0,,,,,0,F,F,F,T,F,F,F,F,T,T,T,T,T,F,T,0,0,F,0,F,0,F,0,F,0,F,0,F,0,F,0,F,0,F,0,F,0,F,0,F,0,0,0,0,0,0,0,0,0,0,0,0,0,0,0,0,0,0,0,0,0,0,0,0,0,0,0,0,0,0,0,0,0,0,0,0,0,0,0,0,0,0,0,0,0,0,0,0,0,0,0,0,0,0,0,0,0,0,0,0,0,0,0,0,0,0,0,0,0,0,0,0,0,0,0,0,0,0,0,0,0,0,0,0,0,0,0,0,0,0,0,0,0,0
200,2024-02-01,2024-02-29,T,T,T,unknown,57,1966-07-01,5 (Least Deprived),Pakistani,353,E54000066,Missing,0,0,0,0,0,0,0,0,0,0,0,0,0,0,0,0,0,0,0,0,0,0,0,0,0,0,0,0,0,0,0,0,0,0,0,0,0,0,0,0,0,0,0,0,0,0,0,0,0,0,0,0,0,0,0,0,0,0,0,0,0,0,0,0,0,,,,,0,F,F,F,F,F,F,F,F,T,T,T,T,T,F,T,0,0,F,0,F,0,F,0,F,0,F,0,F,0,F,0,F,0,F,0,F,0,F,0,F,0,0,0,0,0,0,0,0,0,0,0,0,0,0,0,0,0,0,0,0,0,0,0,0,0,0,0,0,0,0,0,0,0,0,0,0,0,0,0,0,0,0,0,0,0,0,0,0,0,0,0,0,0,0,0,0,0,0,0,0,0,0,0,0,0,0,0,0,0,0,0,0,0,0,0,0,0,0,0,0,0,0,0,0,0,0,0,0,0,0,0,0,0,0
201,2024-02-01,2024-02-29,T,T,T,female,117,1907-01-01,Missing,Missing,91,E54000036,Missing,0,0,0,0,0,0,0,0,0,0,0,0,0,0,0,0,0,0,0,0,0,0,0,0,0,0,0,0,0,0,0,0,0,0,0,0,0,0,0,0,0,0,0,0,0,0,0,0,0,0,0,0,0,0,0,0,0,0,0,0,0,0,0,0,0,,,,,0,F,F,F,F,F,F,F,F,T,T,T,T,T,F,T,0,0,F,0,F,0,F,0,F,0,F,0,F,0,F,0,F,0,F,0,F,0,F,0,F,0,0,0,0,0,0,0,0,0,0,0,0,0,0,0,0,0,0,0,0,0,0,0,0,0,0,0,0,0,0,0,0,0,0,0,0,0,0,0,0,0,0,0,0,0,0,0,0,0,0,0,0,0,0,0,0,0,0,0,0,0,0,0,0,0,0,0,0,0,0,0,0,0,0,0,0,0,0,0,0,0,0,0,0,0,0,0,0,0,0,0,0,0,0
202,2024-02-01,2024-02-29,T,T,T,unknown,79,1944-07-01,Missing,Missing,950,E54000038,Missing,0,0,0,0,0,0,0,0,0,0,0,0,0,0,0,0,0,0,0,0,0,0,0,0,0,0,0,0,0,0,0,0,0,0,0,0,0,0,0,0,0,0,0,0,0,0,0,0,0,0,0,0,0,0,0,0,0,0,0,0,0,0,0,0,0,,,,,0,F,F,F,F,F,F,F,F,T,T,T,T,T,F,T,0,0,F,0,F,0,F,0,F,0,F,0,F,0,F,0,F,0,F,0,F,0,F,0,F,0,0,0,0,0,0,0,0,0,0,0,0,0,0,0,0,0,0,0,0,0,0,0,0,0,0,0,0,0,0,0,0,0,0,0,0,0,0,0,0,0,0,0,0,0,0,0,0,0,0,0,0,0,0,0,0,0,0,0,0,0,0,0,0,0,0,0,0,0,0,0,0,0,0,0,0,0,0,0,0,0,0,0,0,0,0,0,0,0,0,0,0,0,0
203,2024-02-01,2024-02-29,T,T,T,female,40,1983-03-01,Missing,Missing,612,E54000086,East,0,0,0,0,0,0,0,0,0,0,0,0,0,0,0,0,0,0,0,0,0,0,0,0,0,0,0,0,0,0,0,0,0,0,0,0,0,0,0,0,0,0,0,0,0,0,0,0,0,0,0,0,0,0,0,0,0,0,0,0,0,0,0,0,0,,,,,0,F,F,F,T,F,F,F,F,T,T,T,T,T,F,T,0,0,F,0,F,0,F,0,F,0,F,0,F,0,F,0,F,0,F,0,F,0,F,0,F,0,0,0,0,0,0,0,0,0,0,0,0,0,0,0,0,0,0,0,0,0,0,0,0,0,0,0,0,0,0,0,0,0,0,0,0,0,0,0,0,0,0,0,0,0,0,0,0,0,0,0,0,0,0,0,0,0,0,0,0,0,0,0,0,0,0,0,0,0,0,0,0,0,0,0,0,0,0,0,0,0,0,0,0,0,0,0,0,0,0,0,0,0,0
204,2024-02-01,2024-02-29,T,T,T,male,74,1949-04-01,3,White British,192,E54000087,East,0,0,0,0,0,0,0,0,0,0,0,0,0,0,0,0,0,0,0,0,0,0,0,0,0,0,0,0,0,0,0,0,0,0,0,0,0,0,0,0,0,0,0,0,0,0,0,0,0,0,0,0,0,0,0,0,0,0,0,0,0,0,0,0,0,,,,,0,F,F,F,F,F,F,F,F,T,T,T,T,T,F,T,0,0,F,0,F,0,F,0,F,0,F,0,F,0,F,0,F,0,F,0,F,0,F,0,F,0,0,0,0,0,0,0,0,0,0,0,0,0,0,0,0,0,0,0,0,0,0,0,0,0,0,0,0,0,0,0,0,0,0,0,0,0,0,0,0,0,0,0,0,0,0,0,0,0,0,0,0,0,0,0,0,0,0,0,0,0,0,0,0,0,0,0,0,0,0,0,0,0,0,0,0,0,0,0,0,0,0,0,0,0,0,0,0,0,0,0,0,0,0
205,2024-02-01,2024-02-29,T,T,T,intersex,69,1955-01-01,Missing,White and African,559,E54000087,West Midlands,0,0,0,0,0,0,0,0,0,0,0,0,0,0,0,0,0,0,0,0,0,0,0,0,0,0,0,0,0,0,0,0,0,0,0,0,0,0,0,0,0,0,0,0,0,0,0,0,0,0,0,0,0,0,0,0,0,0,0,0,0,0,0,0,0,,,,,0,F,F,F,F,F,F,F,F,T,T,T,T,T,F,T,0,0,F,0,F,0,F,0,F,0,F,0,F,0,F,0,F,0,F,0,F,0,F,0,F,0,0,0,0,0,0,0,0,0,0,0,0,0,0,0,0,0,0,0,0,0,0,0,0,0,0,0,0,0,0,0,0,0,0,0,0,0,0,0,0,0,0,0,0,0,0,0,0,0,0,0,0,0,0,0,0,0,0,0,0,0,0,0,0,0,0,0,0,0,0,0,0,0,0,0,0,0,0,0,0,0,0,0,0,0,0,0,0,0,0,0,0,0,0
206,2024-02-01,2024-02-29,T,T,T,unknown,70,1953-12-01,Missing,Missing,927,E54000084,London,0,0,0,0,0,0,0,0,0,0,0,0,0,0,0,0,0,0,0,0,0,0,0,0,0,0,0,0,0,0,0,0,0,0,0,0,0,0,0,0,0,0,0,0,0,0,0,0,0,0,0,0,0,0,0,0,0,0,0,0,0,0,0,0,0,,,,,0,F,F,F,F,F,F,F,F,T,T,T,T,T,F,T,0,0,F,0,F,0,F,0,F,0,F,0,F,0,F,0,F,0,F,0,F,0,F,0,F,0,0,0,0,0,0,0,0,0,0,0,0,0,0,0,0,0,0,0,0,0,0,0,0,0,0,0,0,0,0,0,0,0,0,0,0,0,0,0,0,0,0,0,0,0,0,0,0,0,0,0,0,0,0,0,0,0,0,0,0,0,0,0,0,0,0,0,0,0,0,0,0,0,0,0,0,0,0,0,0,0,0,0,0,0,0,0,0,0,0,0,0,0,0
207,2024-02-01,2024-02-29,T,T,T,female,98,1925-10-01,Missing,Other White,501,E54000095,South West,0,0,0,0,0,0,0,0,0,0,0,0,0,0,0,0,0,0,0,0,0,0,0,0,0,0,0,0,0,0,0,0,0,0,0,0,0,0,0,0,0,0,0,0,0,0,0,0,0,0,0,0,0,0,0,0,0,0,0,0,0,0,0,0,0,,,,,0,F,F,F,F,F,F,F,F,T,T,T,T,T,F,T,0,0,F,0,F,0,F,0,F,0,F,0,F,0,F,0,F,0,F,0,F,0,F,0,F,0,0,0,0,0,0,0,0,0,0,0,0,0,0,0,0,0,0,0,0,0,0,0,0,0,0,0,0,0,0,0,0,0,0,0,0,0,0,0,0,0,0,0,0,0,0,0,0,0,0,0,0,0,0,0,0,0,0,0,0,0,0,0,0,0,0,0,0,0,0,0,0,0,0,0,0,0,0,0,0,0,0,0,0,0,0,0,0,0,0,0,0,0,0
209,2024-02-01,2024-02-29,T,T,T,female,44,1979-03-01,Missing,Missing,74,E54000074,London,0,0,0,0,0,0,0,0,0,0,0,0,0,0,0,0,0,0,0,0,0,0,0,0,0,0,0,0,0,0,0,0,0,0,0,0,0,0,0,0,0,0,0,0,0,0,0,0,0,0,0,0,0,0,0,0,0,0,0,0,0,0,0,0,0,,,,,0,F,F,F,F,F,F,F,F,T,T,T,T,T,T,T,0,0,F,0,F,0,F,0,F,0,F,0,F,0,F,0,F,0,F,0,F,0,F,0,F,0,0,0,0,0,0,0,0,0,0,0,0,0,0,0,0,0,0,0,0,0,0,0,0,0,0,0,0,0,0,0,0,0,0,0,0,0,0,0,0,0,0,0,0,0,0,0,0,0,0,0,0,0,0,0,0,0,0,0,0,0,0,0,0,0,0,0,0,0,0,0,0,0,0,0,0,0,0,0,0,0,0,0,0,0,0,0,0,0,0,0,0,0,0
210,2024-02-01,2024-02-29,T,T,T,female,68,1955-05-01,Missing,African,655,E54000043,West Midlands,0,0,0,0,0,0,0,0,0,0,0,0,0,0,0,0,0,0,0,0,0,0,0,0,0,0,0,0,0,0,0,0,0,0,0,0,0,0,0,0,0,0,0,0,0,0,0,0,0,0,0,0,0,0,0,0,0,0,0,0,0,0,0,0,0,,,,,0,F,F,F,F,F,F,F,F,T,T,T,T,T,F,T,1,0,T,0,T,0,T,0,T,0,T,0,T,0,F,0,T,0,T,0,T,0,T,0,F,0,0,0,0,0,0,0,0,0,0,0,0,0,0,0,0,0,0,0,0,0,0,0,0,0,0,0,0,1,0,0,1,0,1,0,1,0,0,0,1,0,1,0,1,0,1,0,1,0,0,0,0,0,0,0,0,0,0,0,0,0,0,0,0,0,0,0,0,0,0,0,0,0,0,0,0,0,0,0,0,0,0,0,0,0,0,0,0,0,0,0,0,0,0
211,2024-02-01,2024-02-29,T,T,T,unknown,80,1943-07-01,5 (Least Deprived),Missing,122,E54000095,North East,0,0,0,0,0,0,0,0,0,0,0,0,0,0,0,0,0,0,0,0,0,0,0,0,0,0,0,0,0,0,0,0,0,0,0,0,0,0,0,0,0,0,0,0,0,0,0,0,0,0,0,0,0,0,0,0,0,0,0,0,0,0,0,0,0,,,,,0,F,F,F,F,F,F,F,F,T,T,T,T,T,F,T,0,0,F,0,F,0,F,0,F,0,F,0,F,0,F,0,F,0,F,0,F,0,F,0,F,0,0,0,0,0,0,0,0,0,0,0,0,0,0,0,0,0,0,0,0,0,0,0,0,0,0,0,0,0,0,0,0,0,0,0,0,0,0,0,0,0,0,0,0,0,0,0,0,0,0,0,0,0,0,0,0,0,0,0,0,0,0,0,0,0,0,0,0,0,0,0,0,0,0,0,0,0,0,0,0,0,0,0,0,0,0,0,0,0,0,0,0,0,0
212,2024-02-01,2024-02-29,T,T,T,unknown,56,1967-09-01,Missing,All other ethnic groups,459,E54000056,North East,0,0,0,0,0,0,0,0,0,0,0,0,0,0,0,0,0,0,0,0,0,0,0,0,0,0,0,0,0,0,0,0,0,0,0,0,0,0,0,0,0,0,0,0,0,0,0,0,0,0,0,0,0,0,0,0,0,0,0,0,0,0,0,0,0,,,,,0,F,F,F,F,F,F,F,F,T,T,T,T,T,F,T,0,0,F,0,F,0,F,0,F,0,F,0,F,0,F,0,F,0,F,0,F,0,F,0,F,0,0,0,0,0,0,0,0,0,0,0,0,0,0,0,0,0,0,0,0,0,0,0,0,0,0,0,0,0,0,0,0,0,0,0,0,0,0,0,0,0,0,0,0,0,0,0,0,0,0,0,0,0,0,0,0,0,0,0,0,0,0,0,0,0,0,0,0,0,0,0,0,0,0,0,0,0,0,0,0,0,0,0,0,0,0,0,0,0,0,0,0,0,0
213,2024-02-01,2024-02-29,T,T,T,female,8,2015-11-01,Missing,Missing,896,E54000079,Yorkshire and The Humber,0,0,0,0,0,0,0,0,0,0,0,0,0,0,0,0,0,0,0,0,0,0,0,0,0,0,0,0,0,0,0,0,0,0,0,0,0,0,0,0,0,0,0,0,0,0,0,0,0,0,0,0,0,0,0,0,0,0,0,0,0,0,0,0,0,,,,,0,F,F,F,F,F,F,F,T,F,T,T,F,T,F,T,0,0,F,0,F,0,F,0,F,0,F,0,F,0,F,0,F,0,F,0,F,0,F,0,F,0,0,0,0,0,0,0,0,0,0,0,0,0,0,0,0,0,0,0,0,0,0,0,0,0,0,0,0,0,0,0,0,0,0,0,0,0,0,0,0,0,0,0,0,0,0,0,0,0,0,0,0,0,0,0,0,0,0,0,0,0,0,0,0,0,0,0,0,0,0,0,0,0,0,0,0,0,0,0,0,0,0,0,0,0,0,0,0,0,0,0,0,0,0
214,2024-02-01,2024-02-29,T,T,T,female,70,1953-08-01,Missing,African,628,E54000052,London,0,0,0,0,0,0,0,0,0,0,0,0,0,0,0,0,0,0,0,0,0,0,0,0,0,0,0,0,0,0,0,0,0,0,0,0,0,0,0,0,0,0,0,0,0,0,0,0,0,0,0,0,0,0,0,0,0,0,0,0,0,0,0,0,0,,,,,0,F,F,F,F,F,F,F,F,T,T,T,T,T,F,T,0,0,F,0,F,0,F,0,F,0,F,0,F,0,F,0,F,0,F,0,F,0,F,0,F,0,0,0,0,0,0,0,0,0,0,0,0,0,0,0,0,0,0,0,0,0,0,0,0,0,0,0,0,0,0,0,0,0,0,0,0,0,0,0,0,0,0,0,0,0,0,0,0,0,0,0,0,0,0,0,0,0,0,0,0,0,0,0,0,0,0,0,0,0,0,0,0,0,0,0,0,0,0,0,0,0,0,0,0,0,0,0,0,0,0,0,0,0,0
215,2024-02-01,2024-02-29,T,T,T,intersex,5,2018-03-01,1 (Most Deprived),Other White,371,E54000063,West Midlands,0,0,0,0,0,0,0,0,0,0,0,0,0,0,0,0,0,0,0,0,0,0,0,0,0,0,0,0,0,0,0,0,0,0,0,0,0,0,0,0,0,0,0,0,0,0,0,0,0,0,0,0,0,0,0,0,0,0,0,0,0,0,0,0,0,,,,,0,F,F,F,F,F,F,F,T,F,T,T,F,T,F,T,0,0,F,0,F,0,F,0,F,0,F,0,F,0,F,0,F,0,F,0,F,0,F,0,F,0,0,0,0,0,0,0,0,0,0,0,0,0,0,0,0,0,0,0,0,0,0,0,0,0,0,0,0,0,0,0,0,0,0,0,0,0,0,0,0,0,0,0,0,0,0,0,0,0,0,0,0,0,0,0,0,0,0,0,0,0,0,0,0,0,0,0,0,0,0,0,0,0,0,0,0,0,0,0,0,0,0,0,0,0,0,0,0,0,0,0,0,0,0
216,2024-02-01,2024-02-29,T,T,T,female,55,1968-07-01,Missing,Missing,816,E54000063,Yorkshire and The Humber,0,0,0,0,0,0,0,0,0,0,0,0,0,0,0,0,0,0,0,0,0,0,0,0,0,0,0,0,0,0,0,0,0,0,0,0,0,0,0,0,0,0,0,0,0,0,0,0,0,0,0,0,0,0,0,0,0,0,0,0,0,0,0,0,0,,,,,0,F,F,F,F,F,F,F,F,T,T,T,T,T,T,T,0,0,F,0,F,0,F,0,F,0,F,0,F,0,F,0,F,0,F,0,F,0,F,0,F,0,0,0,0,0,0,0,0,0,0,0,0,0,0,0,0,0,0,0,0,0,0,0,0,0,0,0,0,0,0,0,0,0,0,0,0,0,0,0,0,0,0,0,0,0,0,0,0,0,0,0,0,0,0,0,0,0,0,0,0,0,0,0,0,0,0,0,0,0,0,0,0,0,0,0,0,0,0,0,0,0,0,0,0,0,0,0,0,0,0,0,0,0,0
217,2024-02-01,2024-02-29,T,T,T,male,4,2019-10-01,5 (Least Deprived),Other Mixed,271,E54000040,Yorkshire and The Humber,0,0,0,0,0,0,0,0,0,0,0,0,0,0,0,0,0,0,0,0,0,0,0,0,0,0,0,0,0,0,0,0,0,0,0,0,0,0,0,0,0,0,0,0,0,0,0,0,0,0,0,0,0,0,0,0,0,0,0,0,0,0,0,0,0,,,,,0,F,F,F,F,F,F,F,T,F,F,T,F,T,F,T,0,0,F,0,F,0,F,0,F,0,F,0,F,0,F,0,F,0,F,0,F,0,F,0,F,0,0,0,0,0,0,0,0,0,0,0,0,0,0,0,0,0,0,0,0,0,0,0,0,0,0,0,0,0,0,0,0,0,0,0,0,0,0,0,0,0,0,0,0,0,0,0,0,0,0,0,0,0,0,0,0,0,0,0,0,0,0,0,0,0,0,0,0,0,0,0,0,0,0,0,0,0,0,0,0,0,0,0,0,0,0,0,0,0,0,0,0,0,0
218,2024-02-01,2024-02-29,T,T,T,intersex,41,1982-05-01,Missing,Missing,655,E54000002,North East,0,0,0,0,0,0,0,0,0,0,0,0,0,0,0,0,0,0,0,0,0,0,0,0,0,0,0,0,0,0,0,0,0,0,0,0,0,0,0,0,0,0,0,0,0,0,0,0,0,0,0,0,0,0,0,0,0,0,0,0,0,0,0,0,0,,,,,0,F,F,F,F,F,F,F,F,T,T,T,T,T,F,T,0,0,F,0,F,0,F,0,F,0,F,0,F,0,F,0,F,0,F,0,F,0,F,0,F,0,0,0,0,0,0,0,0,0,0,0,0,0,0,0,0,0,0,0,0,0,0,0,0,0,0,0,0,0,0,0,0,0,0,0,0,0,0,0,0,0,0,0,0,0,0,0,0,0,0,0,0,0,0,0,0,0,0,0,0,0,0,0,0,0,0,0,0,0,0,0,0,0,0,0,0,0,0,0,0,0,0,0,0,0,0,0,0,0,0,0,0,0,0
219,2024-02-01,2024-02-29,T,T,T,male,55,1968-06-01,Missing,Missing,48,E54000093,West Midlands,0,0,0,0,0,0,0,0,0,0,0,0,0,0,0,0,0,0,0,0,0,0,0,0,0,0,0,0,0,0,0,0,0,0,0,0,0,0,0,0,0,0,0,0,0,0,0,0,0,0,0,0,0,0,0,0,0,0,0,0,0,0,0,0,0,,,,,0,F,F,F,F,F,F,F,F,T,T,T,T,T,F,T,0,0,F,0,F,0,F,0,F,0,F,0,F,0,F,0,F,0,F,0,F,0,F,0,F,0,0,0,0,0,0,0,0,0,0,0,0,0,0,0,0,0,0,0,0,0,0,0,0,0,0,0,0,0,0,0,0,0,0,0,0,0,0,0,0,0,0,0,0,0,0,0,0,0,0,0,0,0,0,0,0,0,0,0,0,0,0,0,0,0,0,0,0,0,0,0,0,0,0,0,0,0,0,0,0,0,0,0,0,0,0,0,0,0,0,0,0,0,0
220,2024-02-01,2024-02-29,T,T,T,female,117,1907-02-01,Missing,Missing,278,E54000034,Missing,0,0,0,0,0,0,0,0,0,0,0,0,0,0,0,0,0,0,0,0,0,0,0,0,0,0,0,0,0,0,0,0,0,0,0,0,0,0,0,0,0,0,0,0,0,0,0,0,0,0,0,0,0,0,0,0,0,0,0,0,0,0,0,0,0,,,,,0,F,F,F,F,F,F,F,F,T,T,T,T,T,F,T,0,0,F,0,F,0,F,0,F,0,F,0,F,0,F,0,F,0,F,0,F,0,F,0,F,0,0,0,0,0,0,0,0,0,0,0,0,0,0,0,0,0,0,0,0,0,0,0,0,0,0,0,0,0,0,0,0,0,0,0,0,0,0,0,0,0,0,0,0,0,0,0,0,0,0,0,0,0,0,0,0,0,0,0,0,0,0,0,0,0,0,0,0,0,0,0,0,0,0,0,0,0,0,0,0,0,0,0,0,0,0,0,0,0,0,0,0,0,0
221,2024-02-01,2024-02-29,T,T,T,female,32,1991-03-01,Missing,Pakistani,799,E54000089,East,0,0,0,0,0,0,0,0,0,0,0,0,0,0,0,0,0,0,0,0,0,0,0,0,0,0,0,0,0,0,0,0,0,0,0,0,0,0,0,0,0,0,0,0,0,0,0,0,0,0,0,0,0,0,0,0,0,0,0,0,0,0,0,0,0,,,,,0,F,F,F,F,F,F,F,F,T,T,T,T,T,T,T,0,0,F,0,F,0,F,0,F,0,F,0,F,0,F,0,F,0,F,0,F,0,F,0,F,0,0,0,0,0,0,0,0,0,0,0,0,0,0,0,0,0,0,0,0,0,0,0,0,0,0,0,0,0,0,0,0,0,0,0,0,0,0,0,0,0,0,0,0,0,0,0,0,0,0,0,0,0,0,0,0,0,0,0,0,0,0,0,0,0,0,0,0,0,0,0,0,0,0,0,0,0,0,0,0,0,0,0,0,0,0,0,0,0,0,0,0,0,0
223,2024-02-01,2024-02-29,T,T,T,female,65,1958-05-01,Missing,White British,787,E54000009,Missing,0,0,0,0,0,0,0,0,0,0,0,0,0,0,0,0,0,0,0,0,0,0,0,0,0,0,0,0,0,0,0,0,0,0,0,0,0,0,0,0,0,0,0,0,0,0,0,0,0,0,0,0,0,0,0,0,0,0,0,0,0,0,0,0,0,,,,,0,F,F,F,F,F,F,F,F,T,T,T,T,T,F,T,0,0,F,0,F,0,F,0,F,0,F,0,F,0,F,0,F,0,F,0,F,0,F,0,F,0,0,0,0,0,0,0,0,0,0,0,0,0,0,0,0,0,0,0,0,0,0,0,0,0,0,0,0,0,0,0,0,0,0,0,0,0,0,0,0,0,0,0,0,0,0,0,0,0,0,0,0,0,0,0,0,0,0,0,0,0,0,0,0,0,0,0,0,0,0,0,0,0,0,0,0,0,0,0,0,0,0,0,0,0,0,0,0,0,0,0,0,0,0
224,2024-02-01,2024-02-29,T,T,T,female,64,1959-07-01,5 (Least Deprived),White British,458,E54000029,North West,0,0,0,0,0,0,0,0,0,0,0,0,0,0,0,0,0,0,0,0,0,0,0,0,0,0,0,0,0,0,0,0,0,0,0,0,0,0,0,0,0,0,0,0,0,0,0,0,0,0,0,0,0,0,0,0,0,0,0,0,0,0,0,0,0,,,,,0,F,F,F,F,F,F,F,F,T,T,T,T,T,T,T,0,0,F,0,F,0,F,0,F,0,F,0,F,0,F,0,F,0,F,0,F,0,F,0,F,0,0,0,0,0,0,0,0,0,0,0,0,0,0,0,0,0,0,0,0,0,0,0,0,0,0,0,0,0,0,0,0,0,0,0,0,0,0,0,0,0,0,0,0,0,0,0,0,0,0,0,0,0,0,0,0,0,0,0,0,0,0,0,0,0,0,0,0,0,0,0,0,0,0,0,0,0,0,0,0,0,0,0,0,0,0,0,0,0,0,0,0,0,0
225,2024-02-01,2024-02-29,T,T,T,female,79,1944-12-01,Missing,Missing,587,E54000000,North East,0,0,0,0,0,0,0,0,0,0,0,0,0,0,0,0,0,0,0,0,0,0,0,0,0,0,0,0,0,0,0,0,0,0,0,0,0,0,0,0,0,0,0,0,0,0,0,0,0,0,0,0,0,0,0,0,0,0,0,0,0,0,0,0,0,,,,,0,F,F,F,F,F,F,F,F,T,T,T,T,T,F,T,0,0,F,0,F,0,F,0,F,0,F,0,F,0,F,0,F,0,F,0,F,0,F,0,F,0,0,0,0,0,0,0,0,0,0,0,0,0,0,0,0,0,0,0,0,0,0,0,0,0,0,0,0,0,0,0,0,0,0,0,0,0,0,0,0,0,0,0,0,0,0,0,0,0,0,0,0,0,0,0,0,0,0,0,0,0,0,0,0,0,0,0,0,0,0,0,0,0,0,0,0,0,0,0,0,0,0,0,0,0,0,0,0,0,0,0,0,0,0
226,2024-02-01,2024-02-29,T,T,T,female,108,1916-02-01,Missing,Caribbean,167,E54000026,Yorkshire and The Humber,0,0,0,0,0,0,0,0,0,0,0,0,0,0,0,0,0,0,0,0,0,0,0,0,0,0,0,0,0,0,0,0,0,0,0,0,0,0,0,0,0,0,0,0,0,0,0,0,0,0,0,0,0,0,0,0,0,0,0,0,0,0,0,0,0,,,,,0,F,F,F,F,F,F,F,F,T,T,T,T,T,F,T,0,0,F,0,F,0,F,0,F,0,F,0,F,0,F,0,F,0,F,0,F,0,F,0,F,0,0,0,0,0,0,0,0,0,0,0,0,0,0,0,0,0,0,0,0,0,0,0,0,0,0,0,0,0,0,0,0,0,0,0,0,0,0,0,0,0,0,0,0,0,0,0,0,0,0,0,0,0,0,0,0,0,0,0,0,0,0,0,0,0,0,0,0,0,0,0,0,0,0,0,0,0,0,0,0,0,0,0,0,0,0,0,0,0,0,0,0,0,0
227,2024-02-01,2024-02-29,T,T,T,female,7,2016-12-01,3,Missing,755,E54000083,Yorkshire and The Humber,0,0,0,0,0,0,0,0,0,0,0,0,0,0,0,0,0,0,0,0,0,0,0,0,0,0,0,0,0,0,0,0,0,0,0,0,0,0,0,0,0,0,0,0,0,0,0,0,0,0,0,0,0,0,0,0,0,0,0,0,0,0,0,0,0,,,,,0,F,F,F,F,F,F,F,T,F,T,T,F,T,F,T,0,0,F,0,F,0,F,0,F,0,F,0,F,0,F,0,F,0,F,0,F,0,F,0,F,0,0,0,0,0,0,0,0,0,0,0,0,0,0,0,0,0,0,0,0,0,0,0,0,0,0,0,0,0,0,0,0,0,0,0,0,0,0,0,0,0,0,0,0,0,0,0,0,0,0,0,0,0,0,0,0,0,0,0,0,0,0,0,0,0,0,0,0,0,0,0,0,0,0,0,0,0,0,0,0,0,0,0,0,0,0,0,0,0,0,0,0,0,0
228,2024-02-01,2024-02-29,T,T,T,female,77,1946-07-01,2,Missing,675,E54000048,Missing,0,0,0,0,0,0,0,0,0,0,0,0,0,0,0,0,0,0,0,0,0,0,0,0,0,0,0,0,0,0,0,0,0,0,0,0,0,0,0,0,0,0,0,0,0,0,0,0,0,0,0,0,0,0,0,0,0,0,0,0,0,0,0,0,0,,,,,0,F,F,F,F,F,F,F,F,T,T,T,T,T,F,T,0,0,F,0,F,0,F,0,F,0,F,0,F,0,F,0,F,0,F,0,F,0,F,0,F,0,0,0,0,0,0,0,0,0,0,0,0,0,0,0,0,0,0,0,0,0,0,0,0,0,0,0,0,0,0,0,0,0,0,0,0,0,0,0,0,0,0,0,0,0,0,0,0,0,0,0,0,0,0,0,0,0,0,0,0,0,0,0,0,0,0,0,0,0,0,0,0,0,0,0,0,0,0,0,0,0,0,0,0,0,0,0,0,0,0,0,0,0,0
229,2024-02-01,2024-02-29,T,T,T,unknown,65,1958-06-01,Missing,Missing,778,E54000027,South East,0,0,0,0,0,0,0,0,0,0,0,0,0,0,0,0,0,0,0,0,0,0,0,0,0,0,0,0,0,0,0,0,0,0,0,0,0,0,0,0,0,0,0,0,0,0,0,0,0,0,0,0,0,0,0,0,0,0,0,0,0,0,0,0,0,,,,,0,F,F,F,F,F,F,F,F,T,T,T,T,T,F,T,0,0,F,0,F,0,F,0,F,0,F,0,F,0,F,0,F,0,F,0,F,0,F,0,F,0,0,0,0,0,0,0,0,0,0,0,0,0,0,0,0,0,0,0,0,0,0,0,0,0,0,0,0,0,0,0,0,0,0,0,0,0,0,0,0,0,0,0,0,0,0,0,0,0,0,0,0,0,0,0,0,0,0,0,0,0,0,0,0,0,0,0,0,0,0,0,0,0,0,0,0,0,0,0,0,0,0,0,0,0,0,0,0,0,0,0,0,0,0
230,2024-02-01,2024-02-29,T,T,T,male,55,1968-11-01,3,White and Caribbean,125,E54000064,Missing,0,0,0,0,0,0,0,0,0,0,0,0,0,0,0,0,0,0,0,0,0,0,0,0,0,0,0,0,0,0,0,0,0,0,0,0,0,0,0,0,0,0,0,0,0,0,0,0,0,0,0,0,0,0,0,0,0,0,0,0,0,0,0,0,0,,,,,0,F,F,F,F,F,F,F,F,T,T,T,T,T,F,T,0,0,F,0,F,0,F,0,F,0,F,0,F,0,F,0,F,0,F,0,F,0,F,0,F,0,0,0,0,0,0,0,0,0,0,0,0,0,0,0,0,0,0,0,0,0,0,0,0,0,0,0,0,0,0,0,0,0,0,0,0,0,0,0,0,0,0,0,0,0,0,0,0,0,0,0,0,0,0,0,0,0,0,0,0,0,0,0,0,0,0,0,0,0,0,0,0,0,0,0,0,0,0,0,0,0,0,0,0,0,0,0,0,0,0,0,0,0,0
231,2024-02-01,2024-02-29,T,T,T,male,91,1932-10-01,Missing,Chinese,415,E54000043,South East,0,0,0,0,0,0,0,0,0,0,0,0,0,0,0,0,0,0,0,0,0,0,0,0,0,0,0,0,0,0,0,0,0,0,0,0,0,0,0,0,0,0,0,0,0,0,0,0,0,0,0,0,0,0,0,0,0,0,0,0,0,0,0,0,0,,,,,0,F,F,F,F,F,F,F,F,T,T,T,T,T,F,T,0,0,F,0,F,0,F,0,F,0,F,0,F,0,F,0,F,0,F,0,F,0,F,0,F,0,0,0,0,0,0,0,0,0,0,0,0,0,0,0,0,0,0,0,0,0,0,0,0,0,0,0,0,0,0,0,0,0,0,0,0,0,0,0,0,0,0,0,0,0,0,0,0,0,0,0,0,0,0,0,0,0,0,0,0,0,0,0,0,0,0,0,0,0,0,0,0,0,0,0,0,0,0,0,0,0,0,0,0,0,0,0,0,0,0,0,0,0,0
232,2024-02-01,2024-02-29,T,T,T,female,48,1976-01-01,Missing,Missing,739,E54000072,Missing,0,0,0,0,0,0,0,0,0,0,0,0,0,0,0,0,0,0,0,0,0,0,0,0,0,0,0,0,0,0,0,0,0,0,0,0,0,0,0,0,0,0,0,0,0,0,0,0,0,0,0,0,0,0,0,0,0,0,0,0,0,0,0,0,0,,,,,0,F,F,F,F,F,F,F,F,T,T,T,T,T,T,T,0,0,F,0,F,0,F,0,F,0,F,0,F,0,F,0,F,0,F,0,F,0,F,0,F,0,0,0,0,0,0,0,0,0,0,0,0,0,0,0,0,0,0,0,0,0,0,0,0,0,0,0,0,0,0,0,0,0,0,0,0,0,0,0,0,0,0,0,0,0,0,0,0,0,0,0,0,0,0,0,0,0,0,0,0,0,0,0,0,0,0,0,0,0,0,0,0,0,0,0,0,0,0,0,0,0,0,0,0,0,0,0,0,0,0,0,0,0,0
233,2024-02-01,2024-02-29,T,T,T,female,93,1930-06-01,Missing,Missing,928,E54000017,South East,0,0,0,0,0,0,0,0,0,0,0,0,0,0,0,0,0,0,0,0,0,0,0,0,0,0,0,0,0,0,0,0,0,0,0,0,0,0,0,0,0,0,0,0,0,0,0,0,0,0,0,0,0,0,0,0,0,0,0,0,0,0,0,0,0,,,,,0,F,F,F,F,F,F,F,F,T,T,T,T,T,F,T,0,0,F,0,F,0,F,0,F,0,F,0,F,0,F,0,F,0,F,0,F,0,F,0,F,0,0,0,0,0,0,0,0,0,0,0,0,0,0,0,0,0,0,0,0,0,0,0,0,0,0,0,0,0,0,0,0,0,0,0,0,0,0,0,0,0,0,0,0,0,0,0,0,0,0,0,0,0,0,0,0,0,0,0,0,0,0,0,0,0,0,0,0,0,0,0,0,0,0,0,0,0,0,0,0,0,0,0,0,0,0,0,0,0,0,0,0,0,0
234,2024-02-01,2024-02-29,T,T,T,unknown,50,1974-01-01,Missing,Missing,877,E54000084,South West,0,0,0,0,0,0,0,0,0,0,0,0,0,0,0,0,0,0,0,0,0,0,0,0,0,0,0,0,0,0,0,0,0,0,0,0,0,0,0,0,0,0,0,0,0,0,0,0,0,0,0,0,0,0,0,0,0,0,0,0,0,0,0,0,0,,,,,0,F,F,F,F,F,F,F,F,T,T,T,T,T,F,T,0,0,F,0,F,0,F,0,F,0,F,0,F,0,F,0,F,0,F,0,F,0,F,0,F,0,0,0,0,0,0,0,0,0,0,0,0,0,0,0,0,0,0,0,0,0,0,0,0,0,0,0,0,0,0,0,0,0,0,0,0,0,0,0,0,0,0,0,0,0,0,0,0,0,0,0,0,0,0,0,0,0,0,1,1,0,0,0,0,0,0,0,0,0,0,0,0,0,0,0,1,0,0,1,0,0,0,0,0,0,0,0,0,0,0,0,0,0,1
235,2024-02-01,2024-02-29,T,T,T,male,74,1949-04-01,Missing,White and Asian,360,E54000078,East,0,0,0,0,0,0,0,0,0,0,0,0,0,0,0,0,0,0,0,0,0,0,0,0,0,0,0,0,0,0,0,0,0,0,0,0,0,0,0,0,0,0,0,0,0,0,0,0,0,0,0,0,0,0,0,0,0,0,0,0,0,0,0,0,0,,,,,0,F,F,F,F,F,F,F,F,T,T,T,T,T,F,T,0,0,F,0,F,0,F,0,F,0,F,0,F,0,F,0,F,0,F,0,F,0,F,0,F,0,0,0,0,0,0,0,0,0,0,0,0,0,0,0,0,0,0,0,0,0,0,0,0,0,0,0,0,0,0,0,0,0,0,0,0,0,0,0,0,0,0,0,0,0,0,0,0,0,0,0,0,0,0,0,0,0,0,0,0,0,0,0,0,0,0,0,0,0,0,0,0,0,0,0,0,0,0,0,0,0,0,0,0,0,0,0,0,0,0,0,0,0,0
236,2024-02-01,2024-02-29,T,T,T,male,117,1906-09-01,Missing,Missing,586,E54000067,South East,0,0,0,0,0,0,0,0,0,0,0,0,0,0,0,0,0,0,0,0,0,0,0,0,0,0,0,0,0,0,0,0,0,0,0,0,0,0,0,0,0,0,0,0,0,0,0,0,0,0,0,0,0,0,0,0,0,0,0,0,0,0,0,0,0,,,,,0,F,F,F,F,F,F,F,F,T,T,T,T,T,F,T,0,0,F,0,F,0,F,0,F,0,F,0,F,0,F,0,F,0,F,0,F,0,F,0,F,0,0,0,0,0,0,0,0,0,0,0,0,0,0,0,0,0,0,0,0,0,0,0,0,0,0,0,0,0,0,0,0,0,0,0,0,0,0,0,0,0,0,0,0,0,0,0,0,0,0,0,0,0,0,0,0,0,0,0,0,0,0,0,0,0,0,0,0,0,0,0,0,0,0,0,0,0,0,0,0,0,0,0,0,0,0,0,0,0,0,0,0,0,0
237,2024-02-01,2024-02-29,T,T,T,male,55,1968-05-01,Missing,Other White,400,E54000020,Yorkshire and The Humber,0,0,0,0,0,0,0,0,0,0,0,0,0,0,0,0,0,0,0,0,0,0,0,0,0,0,0,0,0,0,0,0,0,0,0,0,0,0,0,0,0,0,0,0,0,0,0,0,0,0,0,0,0,0,0,0,0,0,0,0,0,0,0,0,0,,,,,0,F,F,F,F,F,F,F,F,T,T,T,T,T,F,T,0,0,F,0,F,0,F,0,F,0,F,0,F,0,F,0,F,0,F,0,F,0,F,0,F,0,0,0,0,0,0,0,0,0,0,0,0,0,0,0,0,0,0,0,0,0,0,0,0,0,0,0,0,0,0,0,0,0,0,0,0,0,0,0,0,0,0,0,0,0,0,0,0,0,0,0,0,0,0,0,0,0,0,0,0,0,0,0,0,0,0,0,0,0,0,0,0,0,0,0,0,0,0,0,0,0,0,0,0,0,0,0,0,0,0,0,0,0,0
239,2024-02-01,2024-02-29,T,T,T,female,24,1999-04-01,2,Missing,267,E54000041,South East,0,0,0,0,0,0,0,0,0,0,0,0,0,0,0,0,0,0,0,0,0,0,0,0,0,0,0,0,0,0,0,0,0,0,0,0,0,0,0,0,0,0,0,0,0,0,0,0,0,0,0,0,0,0,0,0,0,0,0,0,0,0,0,0,0,,,,,0,F,F,F,F,F,F,F,F,T,T,T,T,T,T,T,0,0,F,0,F,0,F,0,F,0,F,0,F,0,F,0,F,0,F,0,F,0,F,0,F,0,0,0,0,0,0,0,0,0,0,0,0,0,0,0,0,0,0,0,0,0,0,0,0,0,0,0,0,0,0,0,0,0,0,0,0,0,0,0,0,0,0,0,0,0,0,0,0,0,0,0,0,0,0,0,0,0,0,0,0,0,0,0,0,0,0,0,0,0,0,0,0,0,0,0,0,0,0,0,0,0,0,0,0,0,0,0,0,0,0,0,0,0,0
240,2024-02-01,2024-02-29,T,T,T,female,60,1963-08-01,Missing,African,18,E54000087,West Midlands,0,0,0,0,0,0,0,0,0,0,0,0,0,0,0,0,0,0,0,0,0,0,0,0,0,0,0,0,0,0,0,0,0,0,0,0,0,0,0,0,0,0,0,0,0,0,0,0,0,0,0,0,0,0,0,0,0,0,0,0,0,0,0,0,0,,,,,0,F,F,F,F,F,F,F,F,T,T,T,T,T,T,T,0,0,F,0,F,0,F,0,F,0,F,0,F,0,F,0,F,0,F,0,F,0,F,0,F,0,0,0,0,0,0,0,0,0,0,0,0,0,0,0,0,0,0,0,0,0,0,0,0,0,0,0,0,0,0,0,0,0,0,0,0,0,0,0,0,0,0,0,0,0,0,0,0,0,0,0,0,0,0,0,0,0,0,0,0,0,0,0,0,0,0,0,0,0,0,0,0,0,0,0,0,0,0,0,0,0,0,0,0,0,0,0,0,0,0,0,0,0,0
241,2024-02-01,2024-02-29,T,T,T,male,116,1907-10-01,Missing,Other White,340,E54000049,North East,0,0,0,0,0,0,0,0,0,0,0,0,0,0,0,0,0,0,0,0,0,0,0,0,0,0,0,0,0,0,0,0,0,0,0,0,0,0,0,0,0,0,0,0,0,0,0,0,0,0,0,0,0,0,0,0,0,0,0,0,0,0,0,0,0,,,,,0,F,F,F,F,F,F,F,F,T,T,T,T,T,F,T,0,0,F,0,F,0,F,0,F,0,F,0,F,0,F,0,F,0,F,0,F,0,F,0,F,0,0,0,0,0,0,0,0,0,0,0,0,0,0,0,0,0,0,0,0,0,0,0,0,0,0,0,0,0,0,0,0,0,0,0,0,0,0,0,0,0,0,0,0,0,0,0,0,0,0,0,0,0,0,0,0,0,0,0,0,0,0,0,0,0,0,0,0,0,0,0,0,0,0,0,0,0,0,0,0,0,0,0,0,0,0,0,0,0,0,0,0,0,0
242,2024-02-01,2024-02-29,T,T,T,intersex,65,1958-07-01,Missing,Missing,531,E54000065,North East,0,0,0,0,0,0,0,0,0,0,0,0,0,0,0,0,0,0,0,0,0,0,0,0,0,0,0,0,0,0,0,0,0,0,0,0,0,0,0,0,0,0,0,0,0,0,0,0,0,0,0,0,0,0,0,0,0,0,0,0,0,0,0,0,0,,,,,0,F,F,F,F,F,F,F,F,T,T,T,T,T,F,T,0,0,F,0,F,0,F,0,F,0,F,0,F,0,F,0,F,0,F,0,F,0,F,0,F,0,0,0,0,0,0,0,0,0,0,0,0,0,0,0,0,0,0,0,0,0,0,0,0,0,0,0,0,0,0,0,0,0,0,0,0,0,0,0,0,0,0,0,0,0,0,0,0,0,0,0,0,0,0,0,0,0,0,0,0,0,0,0,0,0,0,0,0,0,0,0,0,0,0,0,0,0,0,0,0,0,0,0,0,0,0,0,0,0,0,0,0,0,0
243,2024-02-01,2024-02-29,T,T,T,intersex,51,1972-11-01,Missing,Missing,463,E54000085,South East,0,0,0,0,0,0,0,0,0,0,0,0,0,0,0,0,0,0,0,0,0,0,0,0,0,0,0,0,0,0,0,0,0,0,0,0,0,0,0,0,0,0,0,0,0,0,0,0,0,0,0,0,0,0,0,0,0,0,0,0,0,0,0,0,0,,,,,0,F,F,F,F,F,F,F,F,T,T,T,T,T,F,T,0,0,F,0,F,0,F,0,F,0,F,0,F,0,F,0,F,0,F,0,F,0,F,0,F,0,0,0,0,0,0,0,0,0,0,0,0,0,0,0,0,0,0,0,0,0,0,0,0,0,0,0,0,0,0,0,0,0,0,0,0,0,0,0,0,0,0,0,0,0,0,0,0,0,0,0,0,0,0,0,0,0,0,0,0,0,0,0,0,0,0,0,0,0,0,0,0,0,0,0,0,0,0,0,0,0,0,0,0,0,0,0,0,0,0,0,0,0,0
244,2024-02-01,2024-02-29,T,T,T,unknown,55,1969-02-01,Missing,Other Mixed,70,E54000074,Missing,0,0,0,0,0,0,0,0,0,0,0,0,0,0,0,0,0,0,0,0,0,0,0,0,0,0,0,0,0,0,0,0,0,0,0,0,0,0,0,0,0,0,0,0,0,0,0,0,0,0,0,0,0,0,0,0,0,0,0,0,0,0,0,0,0,,,,,0,F,F,F,F,F,F,F,F,T,T,T,T,T,F,T,0,0,F,0,F,0,F,0,F,0,F,0,F,0,F,0,F,0,F,0,F,0,F,0,F,0,0,0,0,0,0,0,0,0,0,0,0,0,0,0,0,0,0,0,0,0,0,0,0,0,0,0,0,0,0,0,0,0,0,0,0,0,0,0,0,0,0,0,0,0,0,0,0,0,0,0,0,0,0,0,0,0,0,0,0,0,0,0,0,0,0,0,0,0,0,0,0,0,0,0,0,0,0,0,0,0,0,0,0,0,0,0,0,0,0,0,0,0,0
245,2024-02-01,2024-02-29,T,T,T,unknown,24,1999-07-01,Missing,Missing,390,E54000021,North East,0,0,0,0,0,0,0,0,0,0,0,0,0,0,0,0,0,0,0,0,0,0,0,0,0,0,0,0,0,0,0,0,0,0,0,0,0,0,0,0,0,0,0,0,0,0,0,0,0,0,0,0,0,0,0,0,0,0,0,0,0,0,0,0,0,,,,,0,F,F,F,F,F,F,F,F,T,T,T,T,T,F,T,0,0,F,0,F,0,F,0,F,0,F,0,F,0,F,0,F,0,F,0,F,0,F,0,F,0,0,0,0,0,0,0,0,0,0,0,0,0,0,0,0,0,0,0,0,0,0,0,0,0,0,0,0,0,0,0,0,0,0,0,0,0,0,0,0,0,0,0,0,0,0,0,0,0,0,0,0,0,0,0,0,0,0,0,0,0,0,0,0,0,0,0,0,0,0,0,0,0,0,0,0,0,0,0,0,0,0,0,0,0,0,0,0,0,0,0,0,0,0
246,2024-02-01,2024-02-29,T,T,T,female,33,1991-01-01,Missing,Other Mixed,605,E54000066,Yorkshire and The Humber,0,0,0,0,0,0,0,0,0,0,0,0,0,0,0,0,0,0,0,0,0,0,0,0,0,0,0,0,0,0,0,0,0,0,0,0,0,0,0,0,0,0,0,0,0,0,0,0,0,0,0,0,0,0,0,0,0,0,0,0,0,0,0,0,0,,,,,0,F,F,F,F,F,F,F,F,T,T,T,T,T,T,T,0,0,F,0,F,0,F,0,F,0,F,0,F,0,F,0,F,0,F,0,F,0,F,0,F,0,0,0,0,0,0,0,0,0,0,0,0,0,0,0,0,0,0,0,0,0,0,0,0,0,0,0,0,0,0,0,0,0,0,0,0,0,0,0,0,0,0,0,0,0,0,0,0,0,0,0,0,0,0,0,0,0,0,0,0,0,0,0,0,0,0,0,0,0,0,0,0,0,0,0,0,0,0,0,0,0,0,0,0,0,0,0,0,0,0,0,0,0,0
247,2024-02-01,2024-02-29,T,T,T,unknown,35,1988-08-01,1 (Most Deprived),White and Asian,392,E54000079,South West,0,0,0,0,0,0,0,0,0,0,0,0,0,0,0,0,0,0,0,0,0,0,0,0,0,0,0,0,0,0,0,0,0,0,0,0,0,0,0,0,0,0,0,0,0,0,0,0,0,0,0,0,0,0,0,0,0,0,0,0,0,0,0,0,0,,,,,0,F,F,F,F,F,F,F,F,T,T,T,T,T,F,T,0,0,F,0,F,0,F,0,F,0,F,0,F,0,F,0,F,0,F,0,F,0,F,0,F,0,0,0,0,0,0,0,0,0,0,0,0,0,0,0,0,0,0,0,0,0,0,0,0,0,0,0,0,0,0,0,0,0,0,0,0,0,0,0,0,0,0,0,0,0,0,0,0,0,0,0,0,0,0,0,0,0,0,0,0,0,0,0,0,0,0,0,0,0,0,0,0,0,0,0,0,0,0,0,0,0,0,0,0,0,0,0,0,0,0,0,0,0,0
248,2024-02-01,2024-02-29,T,T,T,intersex,31,1992-07-01,Missing,Bangladeshi,72,E54000079,West Midlands,0,0,0,0,0,0,0,0,0,0,0,0,0,0,0,0,0,0,0,0,0,0,0,0,0,0,0,0,0,0,0,0,0,0,0,0,0,0,0,0,0,0,0,0,0,0,0,0,0,0,0,0,0,0,0,0,0,0,0,0,0,0,0,0,0,,,,,0,F,F,F,F,F,F,F,F,T,T,T,T,T,F,T,0,0,F,0,F,0,F,0,F,0,F,0,F,0,F,0,F,0,F,0,F,0,F,0,F,0,0,0,0,0,0,0,0,0,0,0,0,0,0,0,0,0,0,0,0,0,0,0,0,0,0,0,0,0,0,0,0,0,0,0,0,0,0,0,0,0,0,0,0,0,0,0,0,0,0,0,0,0,0,0,0,0,0,0,0,0,0,0,0,0,0,0,0,0,0,0,0,0,0,0,0,0,0,0,0,0,0,0,0,0,0,0,0,0,0,0,0,0,0
249,2024-02-01,2024-02-29,T,T,T,female,96,1927-11-01,3,Other South Asian,683,E54000017,North East,0,0,0,0,0,0,0,0,0,0,0,0,0,0,0,0,0,0,0,0,0,0,0,0,0,0,0,0,0,0,0,0,0,0,0,0,0,0,0,0,0,0,0,0,0,0,0,0,0,0,0,0,0,0,0,0,0,0,0,0,0,0,0,0,0,,,,,0,F,F,F,F,F,F,F,F,T,T,T,T,T,F,T,0,0,F,0,F,0,F,0,F,0,F,0,F,0,F,0,F,0,F,0,F,0,F,0,F,0,0,0,0,0,0,0,0,0,0,0,0,0,0,0,0,0,0,0,0,0,0,0,0,0,0,0,0,0,0,0,0,0,0,0,0,0,0,0,0,0,0,0,0,0,0,0,0,0,0,0,0,0,0,0,0,0,0,0,0,0,0,0,0,0,0,0,0,0,0,0,0,0,0,0,0,0,0,0,0,0,0,0,0,0,0,0,0,0,0,0,0,0,0
250,2024-02-01,2024-02-29,T,T,T,female,48,1975-08-01,Missing,Missing,192,E54000089,East,0,0,0,0,0,0,0,0,0,0,0,0,0,0,0,0,0,0,0,0,0,0,0,0,0,0,0,0,0,0,0,0,0,0,0,0,0,0,0,0,0,0,0,0,0,0,0,0,0,0,0,0,0,0,0,0,0,0,0,0,0,0,0,0,0,,,,,0,F,F,F,F,F,F,F,F,T,T,T,T,T,T,T,0,0,F,0,F,0,F,0,F,0,F,0,F,0,F,0,F,0,F,0,F,0,F,0,F,0,0,0,0,0,0,0,0,0,0,0,0,0,0,0,0,0,0,0,0,0,0,0,0,0,0,0,0,0,0,0,0,0,0,0,0,0,0,0,0,0,0,0,0,0,0,0,0,0,0,0,0,0,0,0,0,0,0,0,0,0,0,0,0,0,0,0,0,0,0,0,0,0,0,0,0,0,0,0,0,0,0,0,0,0,0,0,0,0,0,0,0,0,0
251,2024-02-01,2024-02-29,T,T,T,female,105,1918-06-01,Missing,Other South Asian,203,E54000038,Missing,0,0,0,0,0,0,0,0,0,0,0,0,0,0,0,0,0,0,0,0,0,0,0,0,0,0,0,0,0,0,0,0,0,0,0,0,0,0,0,0,0,0,0,0,0,0,0,0,0,0,0,0,0,0,0,0,0,0,0,0,0,0,0,0,0,,,,,0,F,F,F,F,F,F,F,F,T,T,T,T,T,F,T,0,0,F,0,F,0,F,0,F,0,F,0,F,0,F,0,F,0,F,0,F,0,F,0,F,0,0,0,0,0,0,0,0,0,0,0,0,0,0,0,0,0,0,0,0,0,0,0,0,0,0,0,0,0,0,0,0,0,0,0,0,0,0,0,0,0,0,0,0,0,0,0,0,0,0,0,0,0,0,0,0,0,0,0,0,0,0,0,0,0,0,0,0,0,0,0,0,0,0,0,0,0,0,0,0,0,0,0,0,0,0,0,0,0,0,0,0,0,0
253,2024-02-01,2024-02-29,T,T,T,unknown,68,1955-10-01,Missing,Other White,506,E54000090,South West,0,0,0,0,0,0,0,0,0,0,0,0,0,0,0,0,0,0,0,0,0,0,0,0,0,0,0,0,0,0,0,0,0,0,0,0,0,0,0,0,0,0,0,0,0,0,0,0,0,0,0,0,0,0,0,0,0,0,0,0,0,0,0,0,0,,,,,0,F,F,F,F,F,F,F,F,T,T,T,T,T,F,T,0,0,F,0,F,0,F,0,F,0,F,0,F,0,F,0,F,0,F,0,F,0,F,0,F,0,0,0,0,0,0,0,0,0,0,0,0,0,0,0,0,0,0,0,0,0,0,0,0,0,0,0,0,0,0,0,0,0,0,0,0,0,0,0,0,0,0,0,0,0,0,0,0,0,0,0,0,0,0,0,0,0,0,0,0,0,0,0,0,0,0,0,0,0,0,0,0,0,0,0,0,0,0,0,0,0,0,0,0,0,0,0,0,0,0,0,0,0,0
254,2024-02-01,2024-02-29,T,T,T,male,33,1991-01-01,Missing,All other ethnic groups,542,E54000074,West Midlands,0,0,0,0,0,0,0,0,0,0,0,0,0,0,0,0,0,0,0,0,0,0,0,0,0,0,0,0,0,0,0,0,0,0,0,0,0,0,0,0,0,0,0,0,0,0,0,0,0,0,0,0,0,0,0,0,0,0,0,0,0,0,0,0,0,,,,,0,F,F,F,F,F,F,F,F,T,T,T,T,T,F,T,0,0,F,0,F,0,F,0,F,0,F,0,F,0,F,0,F,0,F,0,F,0,F,0,F,0,0,0,0,0,0,0,0,0,0,0,0,0,0,0,0,0,0,0,0,0,0,0,0,0,0,0,0,0,0,0,0,0,0,0,0,0,0,0,0,0,0,0,0,0,0,0,0,0,0,0,0,0,0,0,0,0,0,0,0,0,0,0,0,0,0,0,0,0,0,0,0,0,0,0,0,0,0,0,0,0,0,0,0,0,0,0,0,0,0,0,0,0,0
255,2024-02-01,2024-02-29,T,T,T,intersex,111,1912-07-01,Missing,Chinese,763,E54000075,Missing,0,0,0,0,0,0,0,0,0,0,0,0,0,0,0,0,0,0,0,0,0,0,0,0,0,0,0,0,0,0,0,0,0,0,0,0,0,0,0,0,0,0,0,0,0,0,0,0,0,0,0,0,0,0,0,0,0,0,0,0,0,0,0,0,0,,,,,0,F,F,F,F,F,F,F,F,T,T,T,T,T,F,T,0,0,F,0,F,0,F,0,F,0,F,0,F,0,F,0,F,0,F,0,F,0,F,0,F,0,0,0,0,0,0,0,0,0,0,0,0,0,0,0,0,0,0,0,0,0,0,0,0,0,0,0,0,0,0,0,0,0,0,0,0,0,0,0,0,0,0,0,0,0,0,0,0,0,0,0,0,0,0,0,0,0,0,0,0,0,0,0,0,0,0,0,0,0,0,0,0,0,0,0,0,0,0,0,0,0,0,0,0,0,0,0,0,0,0,0,0,0,0
256,2024-02-01,2024-02-29,T,T,T,female,80,1943-04-01,4,White Irish,91,E54000062,London,0,0,0,0,0,0,0,0,0,0,0,0,0,0,0,0,0,0,0,0,0,0,0,0,0,0,0,0,0,0,0,0,0,0,0,0,0,0,0,0,0,0,0,0,0,0,0,0,0,0,0,0,0,0,0,0,0,0,0,0,0,0,0,0,0,,,,,0,F,F,F,F,F,F,F,F,T,T,T,T,T,F,T,0,0,F,0,F,0,F,0,F,0,F,0,F,0,F,0,F,0,F,0,F,0,F,0,F,0,0,0,0,0,0,0,0,0,0,0,0,0,0,0,0,0,0,0,0,0,0,0,0,0,0,0,0,0,0,0,0,0,0,0,0,0,0,0,0,0,0,0,0,0,0,0,0,0,0,0,0,0,0,0,0,0,0,0,0,0,0,0,0,0,0,0,0,0,0,0,0,0,0,0,0,0,0,0,0,0,0,0,0,0,0,0,0,0,0,0,0,0,0
257,2024-02-01,2024-02-29,T,T,T,female,62,1961-12-01,Missing,Missing,62,E54000097,North West,0,0,0,0,0,0,0,0,0,0,0,0,0,0,0,0,0,0,0,0,0,0,0,0,0,0,0,0,0,0,0,0,0,0,0,0,0,0,0,0,0,0,0,0,0,0,0,0,0,0,0,0,0,0,0,0,0,0,0,0,0,0,0,0,0,,,,,0,F,F,F,F,F,F,F,F,T,T,T,T,T,T,T,0,0,F,0,F,0,F,0,F,0,F,0,F,0,F,0,F,0,F,0,F,0,F,0,F,0,0,0,0,0,0,0,0,0,0,0,0,0,0,0,0,0,0,0,0,0,0,0,0,0,0,0,0,0,0,0,0,0,0,0,0,0,0,0,0,0,0,0,0,0,0,0,0,0,0,0,0,0,0,0,0,0,0,0,0,0,0,0,0,0,0,0,0,0,0,0,0,0,0,0,0,0,0,0,0,0,0,0,0,0,0,0,0,0,0,0,0,0,0
258,2024-02-01,2024-02-29,T,T,T,unknown,58,1966-01-01,4,White and Caribbean,145,E54000015,South West,0,0,0,0,0,0,0,0,0,0,0,0,0,0,0,0,0,0,0,0,0,0,0,0,0,0,0,0,0,0,0,0,0,0,0,0,0,0,0,0,0,0,0,0,0,0,0,0,0,0,0,0,0,0,0,0,0,0,0,0,0,0,0,0,0,,,,,0,F,F,F,F,F,F,F,F,T,T,T,T,T,F,T,0,0,F,0,F,0,F,0,F,0,F,0,F,0,F,0,F,0,F,0,F,0,F,0,F,0,0,0,0,0,0,0,0,0,0,0,0,0,0,0,0,0,0,0,0,0,0,0,0,0,0,0,0,0,0,0,0,0,0,0,0,0,0,0,0,0,0,0,0,0,0,0,0,0,0,0,0,0,0,0,0,0,0,0,0,0,0,0,0,0,0,0,0,0,0,0,0,0,0,0,0,0,0,0,0,0,0,0,0,0,0,0,0,0,0,0,0,0,0
259,2024-02-01,2024-02-29,T,T,T,female,36,1987-10-01,Missing,Missing,123,E54000080,North East,0,0,0,0,0,0,0,0,0,0,0,0,0,0,0,0,0,0,0,0,0,0,0,0,0,0,0,0,0,0,0,0,0,0,0,0,0,0,0,0,0,0,0,0,0,0,0,0,0,0,0,0,0,0,0,0,0,0,0,0,0,0,0,0,0,,,,,0,F,F,F,F,F,F,F,F,T,T,T,T,T,T,T,0,0,F,0,F,0,F,0,F,0,F,0,F,0,F,0,F,0,F,0,F,0,F,0,F,0,0,0,0,0,0,0,0,0,0,0,0,0,0,0,0,0,0,0,0,0,0,0,0,0,0,0,0,0,0,0,0,0,0,0,0,0,0,0,0,0,0,0,0,0,0,0,0,0,0,0,0,0,0,0,0,0,0,0,0,0,0,0,0,0,0,0,0,0,0,0,0,0,0,0,0,0,0,0,0,0,0,0,0,0,0,0,0,0,0,0,0,0,0
260,2024-02-01,2024-02-29,T,T,T,male,53,1970-05-01,3,White British,524,E54000033,Yorkshire and The Humber,0,0,0,0,0,0,0,0,0,0,0,0,0,0,0,0,0,0,0,0,0,0,0,0,0,0,0,0,0,0,0,0,0,0,0,0,0,0,0,0,0,0,0,0,0,0,0,0,0,0,0,0,0,0,0,0,0,0,0,0,0,0,0,0,0,,,,,0,F,F,F,F,F,F,F,F,T,T,T,T,T,F,T,0,0,F,0,F,0,F,0,F,0,F,0,F,0,F,0,F,0,F,0,F,0,F,0,F,0,0,0,0,0,0,0,0,0,0,0,0,0,0,0,0,0,0,0,0,0,0,0,0,0,0,0,0,0,0,0,0,0,0,0,0,0,0,0,0,0,0,0,0,0,0,0,0,0,0,0,0,0,0,0,0,0,0,0,0,0,0,0,0,0,0,0,0,0,0,0,0,0,0,0,0,0,0,0,0,0,0,0,0,0,0,0,0,0,0,0,0,0,0
261,2024-02-01,2024-02-29,T,T,T,female,37,1986-06-01,Missing,Other Black,83,E54000079,South East,0,0,0,0,0,0,0,0,0,0,0,0,0,0,0,0,0,0,0,0,0,0,0,0,0,0,0,0,0,0,0,0,0,0,0,0,0,0,0,0,0,0,0,0,0,0,0,0,0,0,0,0,0,0,0,0,0,0,0,0,0,0,0,0,0,,,,,0,F,F,F,F,F,F,F,F,T,T,T,T,T,T,T,0,0,F,0,F,0,F,0,F,0,F,0,F,0,F,0,F,0,F,0,F,0,F,0,F,0,0,0,0,0,0,0,0,0,0,0,0,0,0,0,0,0,0,0,0,0,0,0,0,0,0,0,0,0,0,0,0,0,0,0,0,0,0,0,0,0,0,0,0,0,0,0,0,0,0,0,0,0,0,0,0,0,0,0,0,0,0,0,0,0,0,0,0,0,0,0,0,0,0,0,0,0,0,0,0,0,0,0,0,0,0,0,0,0,0,0,0,0,0
262,2024-02-01,2024-02-29,T,T,T,unknown,83,1940-05-01,Missing,Other White,910,E54000061,South West,0,0,0,0,0,0,0,0,0,0,0,0,0,0,0,0,0,0,0,0,0,0,0,0,0,0,0,0,0,0,0,0,0,0,0,0,0,0,0,0,0,0,0,0,0,0,0,0,0,0,0,0,0,0,0,0,0,0,0,0,0,0,0,0,0,,,,,0,F,F,F,F,F,F,F,F,T,T,T,T,T,F,T,0,0,F,0,F,0,F,0,F,0,F,0,F,0,F,0,F,0,F,0,F,0,F,0,F,0,0,0,0,0,0,0,0,0,0,0,0,0,0,0,0,0,0,0,0,0,0,0,0,0,0,0,0,0,0,0,0,0,0,0,0,0,0,0,0,0,0,0,0,0,0,0,0,0,0,0,0,0,0,0,0,0,0,0,0,0,0,0,0,0,0,0,0,0,0,0,0,0,0,0,0,0,0,0,0,0,0,0,0,0,0,0,0,0,0,0,0,0,0
263,2024-02-01,2024-02-29,T,T,T,female,38,1985-05-01,Missing,All other ethnic groups,169,E54000017,East Midlands,0,0,0,0,0,0,0,0,0,0,0,0,0,0,0,0,0,0,0,0,0,0,0,0,0,0,0,0,0,0,0,0,0,0,0,0,0,0,0,0,0,0,0,0,0,0,0,0,0,0,0,0,0,0,0,0,0,0,0,0,0,0,0,0,0,,2024-02-01,,,P-E,T,F,F,F,F,F,F,F,T,T,T,F,T,F,T,0,0,F,0,F,0,F,0,F,0,F,0,F,0,F,0,F,0,F,0,F,0,F,0,F,0,0,0,0,0,0,0,0,0,0,0,0,0,0,0,0,0,0,0,0,0,0,0,0,0,0,0,0,0,0,0,0,0,0,0,0,0,0,0,0,0,0,0,0,0,0,0,0,0,0,0,0,0,0,0,0,0,0,0,0,0,0,0,0,0,0,0,0,0,0,0,0,0,0,0,0,0,0,0,0,0,0,0,0,0,0,0,0,0,0,0,0,0,0
264,2024-02-01,2024-02-29,T,T,T,female,8,2015-11-01,4,Missing,288,E54000038,Missing,0,0,0,0,0,0,0,0,0,0,0,0,0,0,0,0,0,0,0,0,0,0,0,0,0,0,0,0,0,0,0,0,0,0,0,0,0,0,0,0,0,0,0,0,0,0,0,0,0,0,0,0,0,0,0,0,0,0,0,0,0,0,0,0,0,,,,,0,F,F,F,F,F,F,F,T,F,T,T,F,T,F,T,0,0,F,0,F,0,F,0,F,0,F,0,F,0,F,0,F,0,F,0,F,0,F,0,F,0,0,0,0,0,0,0,0,0,0,0,0,0,0,0,0,0,0,0,0,0,0,0,0,0,0,0,0,0,0,0,0,0,0,0,0,0,0,0,0,0,0,0,0,0,0,0,0,0,0,0,0,0,0,0,0,0,0,0,0,0,0,0,0,0,0,0,0,0,0,0,0,0,0,0,0,0,0,0,0,0,0,0,0,0,0,0,0,0,0,0,0,0,0
266,2024-02-01,2024-02-29,T,T,T,intersex,66,1957-05-01,Missing,Other White,872,E54000096,Missing,0,0,0,0,0,0,0,0,0,0,0,0,0,0,0,0,0,0,0,0,0,0,0,0,0,0,0,0,0,0,0,0,0,0,0,0,0,0,0,0,0,0,0,0,0,0,0,0,0,0,0,0,0,0,0,0,0,0,0,0,0,0,0,0,0,,,,,0,F,F,F,F,F,F,F,F,T,T,T,T,T,F,T,0,0,F,0,F,0,F,0,F,0,F,0,F,0,F,0,F,0,F,0,F,0,F,0,F,0,0,0,0,0,0,0,0,0,0,0,0,0,0,0,0,0,0,0,0,0,0,0,0,0,0,0,0,0,0,0,0,0,0,0,0,0,0,0,0,0,0,0,0,0,0,0,0,0,0,0,0,0,0,0,0,0,0,0,0,0,0,0,0,0,0,0,0,0,0,0,0,0,0,0,0,0,0,0,0,0,0,0,0,0,0,0,0,0,0,0,0,0,0
267,2024-02-01,2024-02-29,T,T,T,female,81,1942-12-01,Missing,Other South Asian,647,E54000006,South West,0,0,0,0,0,0,0,0,0,0,0,0,0,0,0,0,0,0,0,0,0,0,0,0,0,0,0,0,0,0,0,0,0,0,0,0,0,0,0,0,0,0,0,0,0,0,0,0,0,0,0,0,0,0,0,0,0,0,0,0,0,0,0,0,0,,,,,0,F,F,F,F,F,F,F,F,T,T,T,T,T,F,T,0,0,F,0,F,0,F,0,F,0,F,0,F,0,F,0,F,0,F,0,F,0,F,0,F,0,0,0,0,0,0,0,0,0,0,0,0,0,0,0,0,0,0,0,0,0,0,0,0,0,0,0,0,0,0,0,0,0,0,0,0,0,0,0,0,0,0,0,0,0,0,0,0,0,0,0,0,0,0,0,0,0,0,0,0,0,0,0,0,0,0,0,0,0,0,0,0,0,0,0,0,0,0,0,0,0,0,0,0,0,0,0,0,0,0,0,0,0,0
268,2024-02-01,2024-02-29,T,T,T,intersex,50,1973-07-01,Missing,White British,148,E54000071,West Midlands,0,0,0,0,0,0,0,0,0,0,0,0,0,0,0,0,0,0,0,0,0,0,0,0,0,0,0,0,0,0,0,0,0,0,0,0,0,0,0,0,0,0,0,0,0,0,0,0,0,0,0,0,0,0,0,0,0,0,0,0,0,0,0,0,0,,,,,0,F,F,F,F,F,F,F,F,T,T,T,T,T,F,T,0,0,F,0,F,0,F,0,F,0,F,0,F,0,F,0,F,0,F,0,F,0,F,0,F,0,0,0,0,0,0,0,0,0,0,0,0,0,0,0,0,0,0,0,0,0,0,0,0,0,0,0,0,0,0,0,0,0,0,0,0,0,0,0,0,0,0,0,0,0,0,0,0,0,0,0,0,0,0,0,0,0,0,0,0,0,0,0,0,0,0,0,0,0,0,0,0,0,0,0,0,0,0,0,0,0,0,0,0,0,0,0,0,0,0,0,0,0,0
269,2024-02-01,2024-02-29,T,T,T,unknown,17,2006-06-01,1 (Most Deprived),African,542,E54000078,North West,0,0,0,0,0,0,0,0,0,0,0,0,0,0,0,0,0,0,0,0,0,0,0,0,0,0,0,0,0,0,0,0,0,0,0,0,0,0,0,0,0,0,0,0,0,0,0,0,0,0,0,0,0,0,0,0,0,0,0,0,0,0,0,0,0,,,,,0,F,F,F,F,F,F,F,T,T,T,T,F,T,F,T,0,0,F,0,F,0,F,0,F,0,F,0,F,0,F,0,F,0,F,0,F,0,F,0,F,0,0,0,0,0,0,0,0,0,0,0,0,0,0,0,0,0,0,0,0,0,0,0,0,0,0,0,0,0,0,0,0,0,0,0,0,0,0,0,0,0,0,0,0,0,0,0,0,0,0,0,0,0,0,0,0,0,0,0,0,0,0,0,0,0,0,0,0,0,0,0,0,0,0,0,0,0,0,0,0,0,0,0,0,0,0,0,0,0,0,0,0,0,0
270,2024-02-01,2024-02-29,T,T,T,male,59,1964-04-01,5 (Least Deprived),Missing,127,E54000046,North East,0,0,0,0,0,0,0,0,0,0,0,0,0,0,0,0,0,0,0,0,0,0,0,0,0,0,0,0,0,0,0,0,0,0,0,0,0,0,0,0,0,0,0,0,0,0,0,0,0,0,0,0,0,0,0,0,0,0,0,0,0,0,0,0,0,,,,,0,F,F,F,F,F,F,F,F,T,T,T,T,T,F,T,0,0,F,0,F,0,F,0,F,0,F,0,F,0,F,0,F,0,F,0,F,0,F,0,F,0,0,0,0,0,0,0,0,0,0,0,0,0,0,0,0,0,0,0,0,0,0,0,0,0,0,0,0,0,0,0,0,0,0,0,0,0,0,0,0,0,0,0,0,0,0,0,0,0,0,0,0,0,0,0,0,0,0,0,0,0,0,0,0,0,0,0,0,0,0,0,0,0,0,0,0,0,0,0,0,0,0,0,0,0,0,0,0,0,0,0,0,0,0
271,2024-02-01,2024-02-29,T,T,T,unknown,21,2002-10-01,Missing,Pakistani,492,E54000030,West Midlands,0,0,0,0,0,0,0,0,0,0,0,0,0,0,0,0,0,0,0,0,0,0,0,0,0,0,0,0,0,0,0,0,0,0,0,0,0,0,0,0,0,0,0,0,0,0,0,0,0,0,0,0,0,0,0,0,0,0,0,0,0,0,0,0,0,,,,,0,F,F,F,F,F,F,F,F,T,T,T,T,T,F,T,0,0,F,0,F,0,F,0,F,0,F,0,F,0,F,0,F,0,F,0,F,0,F,0,F,0,0,0,0,0,0,0,0,0,0,0,0,0,0,0,0,0,0,0,0,0,0,0,0,0,0,0,0,0,0,0,0,0,0,0,0,0,0,0,0,0,0,0,0,0,0,0,0,0,0,0,0,0,0,0,0,0,0,0,0,0,0,0,0,0,0,0,0,0,0,0,0,0,0,0,0,0,0,0,0,0,0,0,0,0,0,0,0,0,0,0,0,0,0
272,2024-02-01,2024-02-29,T,T,T,intersex,14,2009-03-01,5 (Least Deprived),Chinese,169,E54000078,East Midlands,0,0,0,0,0,0,0,0,0,0,0,0,0,0,0,0,0,0,0,0,0,0,0,0,0,0,0,0,0,0,0,0,0,0,0,0,0,0,0,0,0,0,0,0,0,0,0,0,0,0,0,0,0,0,0,0,0,0,0,0,0,0,0,0,0,,,,,0,F,F,F,F,F,F,F,T,T,T,T,F,T,F,T,0,0,F,0,F,0,F,0,F,0,F,0,F,0,F,0,F,0,F,0,F,0,F,0,F,0,0,0,0,0,0,0,0,0,0,0,0,0,0,0,0,0,0,0,0,0,0,0,0,0,0,0,0,0,0,0,0,0,0,0,0,0,0,0,0,0,0,0,0,0,0,0,0,0,0,0,0,0,0,0,0,0,0,0,0,0,0,0,0,0,0,0,0,0,0,0,0,0,0,0,0,0,0,0,0,0,0,0,0,0,0,0,0,0,0,0,0,0,0
273,2024-02-01,2024-02-29,T,T,T,female,2,2022-02-01,2,Missing,871,E54000026,London,0,0,0,0,0,0,0,0,0,0,0,0,0,0,0,0,0,0,0,0,0,0,0,0,0,0,0,0,0,0,0,0,0,0,0,0,0,0,0,0,0,0,0,0,0,0,0,0,0,0,0,0,0,0,0,0,0,0,0,0,0,0,0,0,0,,2024-04-21,,,P-E,F,F,F,F,F,F,F,T,F,F,T,F,T,F,T,0,0,F,0,F,0,F,0,F,0,F,0,F,0,F,0,F,0,F,0,F,0,F,0,F,0,1,0,0,0,0,0,0,0,0,0,0,0,0,0,0,0,0,0,0,0,0,0,0,0,0,0,0,0,0,0,0,0,0,0,0,0,0,0,0,0,0,0,0,0,0,0,0,0,0,0,0,0,0,0,0,0,0,0,0,0,0,0,0,0,0,0,0,0,0,0,0,0,0,0,0,0,0,0,0,0,0,0,0,0,0,0,0,0,0,0,0,0,0
274,2024-02-01,2024-02-29,T,T,T,male,82,1941-07-01,Missing,Missing,794,E54000081,North East,0,0,0,0,0,0,0,0,0,0,0,0,0,0,0,0,0,0,0,0,0,0,0,0,0,0,0,0,0,0,0,0,0,0,0,0,0,0,0,0,0,0,0,0,0,0,0,0,0,0,0,0,0,0,0,0,0,0,0,0,0,0,0,0,0,,,,,0,F,F,F,F,F,F,F,F,T,T,T,T,T,F,T,0,0,F,0,F,0,F,0,F,0,F,0,F,0,F,0,F,0,F,0,F,0,F,0,F,0,0,0,0,0,0,0,0,0,0,0,0,0,0,0,0,0,0,0,0,0,0,0,0,0,0,0,0,0,0,0,0,0,0,0,0,0,0,0,0,0,0,0,0,0,0,0,0,0,0,0,0,0,0,0,0,0,0,0,0,0,0,0,0,0,0,0,0,0,0,0,0,0,0,0,0,0,0,0,0,0,0,0,0,0,0,0,0,0,0,0,0,0,0
275,2024-02-01,2024-02-29,T,T,T,female,68,1955-06-01,Missing,Missing,393,E54000001,East,0,0,0,0,0,0,0,0,0,0,0,0,0,0,0,0,0,0,0,0,0,0,0,0,0,0,0,0,0,0,0,0,0,0,0,0,0,0,0,0,0,0,0,0,0,0,0,0,0,0,0,0,0,0,0,0,0,0,0,0,0,0,0,0,0,,,,,0,F,F,F,F,F,F,F,F,T,T,T,T,T,F,T,0,0,F,0,F,0,F,0,F,0,F,0,F,0,F,0,F,0,F,0,F,0,F,0,F,0,0,0,0,0,0,0,0,0,0,0,0,0,0,0,0,0,0,0,0,0,0,0,0,0,0,0,0,0,0,0,0,0,0,0,0,0,0,0,0,0,0,0,0,0,0,0,0,0,0,0,0,0,0,0,0,0,0,0,0,0,0,0,0,0,0,0,0,0,0,0,0,0,0,0,0,0,0,0,0,0,0,0,0,0,0,0,0,0,0,0,0,0,0
276,2024-02-01,2024-02-29,T,T,T,intersex,59,1964-11-01,Missing,Missing,154,E54000039,South East,0,0,0,0,0,0,0,0,0,0,0,0,0,0,0,0,0,0,0,0,0,0,0,0,0,0,0,0,0,0,0,0,0,0,0,0,0,0,0,0,0,0,0,0,0,0,0,0,0,0,0,0,0,0,0,0,0,0,0,0,0,0,0,0,0,,,,,0,F,F,F,F,F,F,F,F,T,T,T,T,T,F,T,0,0,F,0,F,0,F,0,F,0,F,0,F,0,F,0,F,0,F,0,F,0,F,0,F,0,0,0,0,0,0,0,0,0,0,0,0,0,0,0,0,0,0,0,0,0,0,0,0,0,0,0,0,0,0,0,0,0,0,0,0,0,0,0,0,0,0,0,0,0,0,0,0,0,0,0,0,0,0,0,0,0,0,0,0,0,0,0,0,0,0,0,0,0,0,0,0,0,0,0,0,0,0,0,0,0,0,0,0,0,0,0,0,0,0,0,0,0,0
277,2024-02-01,2024-02-29,T,T,T,male,44,1979-08-01,Missing,Other South Asian,294,E54000097,London,0,0,0,0,0,0,0,0,0,0,0,0,0,0,0,0,0,0,0,0,0,0,0,0,0,0,0,0,0,0,0,0,0,0,0,0,0,0,0,0,0,0,0,0,0,0,0,0,0,0,0,0,0,0,0,0,0,0,0,0,0,0,0,0,0,,,,,0,F,F,F,F,F,F,F,F,T,T,T,T,T,F,T,0,0,F,0,F,0,F,0,F,0,F,0,F,0,F,0,F,0,F,0,F,0,F,0,F,0,0,0,0,0,0,0,0,0,0,0,0,0,0,0,0,0,0,0,0,0,0,0,0,0,0,0,0,0,0,0,0,0,0,0,0,0,0,0,0,0,0,0,0,0,0,0,0,0,0,0,0,0,0,0,0,0,0,0,0,0,0,0,0,0,0,0,0,0,0,0,0,0,0,0,0,0,0,0,0,0,0,0,0,0,0,0,0,0,0,0,0,0,0
278,2024-02-01,2024-02-29,T,T,T,intersex,83,1940-09-01,Missing,Pakistani,155,E54000055,South West,0,0,0,0,0,0,0,0,0,0,0,0,0,0,0,0,0,0,0,0,0,0,0,0,0,0,0,0,0,0,0,0,0,0,0,0,0,0,0,0,0,0,0,0,0,0,0,0,0,0,0,0,0,0,0,0,0,0,0,0,0,0,0,0,0,,,,,0,F,F,F,F,F,F,F,F,T,T,T,T,T,F,T,0,0,F,0,F,0,F,0,F,0,F,0,F,0,F,0,F,0,F,0,F,0,F,0,F,0,0,0,0,0,0,0,0,0,0,0,0,0,0,0,0,0,0,0,0,0,0,0,0,0,0,0,0,0,0,0,0,0,0,0,0,0,0,0,0,0,0,0,0,0,0,0,0,0,0,0,0,0,0,0,0,0,0,0,0,0,0,0,0,0,0,0,0,0,0,0,0,0,0,0,0,0,0,0,0,0,0,0,0,0,0,0,0,0,0,0,0,0,0
279,2024-02-01,2024-02-29,T,T,T,female,119,1904-03-01,Missing,White and African,46,E54000008,Missing,0,0,0,0,0,0,0,0,0,0,0,0,0,0,0,0,0,0,0,0,0,0,0,0,0,0,0,0,0,0,0,0,0,0,0,0,0,0,0,0,0,0,0,0,0,0,0,0,0,0,0,0,0,0,0,0,0,0,0,0,0,0,0,0,0,,,,,0,F,F,F,F,F,F,F,F,T,T,T,T,T,F,T,0,0,F,0,F,0,F,0,F,0,F,0,F,0,F,0,F,0,F,0,F,0,F,0,F,0,0,0,0,0,0,0,0,0,0,0,0,0,0,0,0,0,0,0,0,0,0,0,0,0,0,0,0,0,0,0,0,0,0,0,0,0,0,0,0,0,0,0,0,0,0,0,0,0,0,0,0,0,0,0,0,0,0,0,0,0,0,0,0,0,0,0,0,0,0,0,0,0,0,0,0,0,0,0,0,0,0,0,0,0,0,0,0,0,0,0,0,0,0
280,2024-02-01,2024-02-29,T,T,T,female,46,1977-03-01,Missing,Missing,455,E54000024,Missing,0,0,0,0,0,0,0,0,0,0,0,0,0,0,0,0,0,0,0,0,0,0,0,0,0,0,0,0,0,0,0,0,0,0,0,0,0,0,0,0,0,0,0,0,0,0,0,0,0,0,0,0,0,0,0,0,0,0,0,0,0,0,0,0,0,,,,,0,F,F,F,F,F,F,F,F,T,T,T,T,T,T,T,0,0,F,0,F,0,F,0,F,0,F,0,F,0,F,0,F,0,F,0,F,0,F,0,F,0,0,0,0,0,0,0,0,0,0,0,0,0,0,0,0,0,0,0,0,0,0,0,0,0,0,0,0,0,0,0,0,0,0,0,0,0,0,0,0,0,0,0,0,0,0,0,0,0,0,0,0,0,0,0,0,0,0,0,0,0,0,0,0,0,0,0,0,0,0,0,0,0,0,0,0,0,0,0,0,0,0,0,0,0,0,0,0,0,0,0,0,0,0
281,2024-02-01,2024-02-29,T,T,T,intersex,82,1941-03-01,Missing,Missing,542,E54000041,West Midlands,0,0,0,0,0,0,0,0,0,0,0,0,0,0,0,0,0,0,0,0,0,0,0,0,0,0,0,0,0,0,0,0,0,0,0,0,0,0,0,0,0,0,0,0,0,0,0,0,0,0,0,0,0,0,0,0,0,0,0,0,0,0,0,0,0,,,,,0,F,F,F,F,F,F,F,F,T,T,T,T,T,F,T,0,0,F,0,F,0,F,0,F,0,F,0,F,0,F,0,F,0,F,0,F,0,F,0,F,0,0,0,0,0,0,0,0,0,0,0,0,0,0,0,0,0,0,0,0,0,0,0,0,0,0,0,0,0,0,0,0,0,0,0,0,0,0,0,0,0,0,0,0,0,0,0,0,0,0,0,0,0,0,0,0,0,0,0,0,0,0,0,0,0,0,0,0,0,0,0,0,0,0,0,0,0,0,0,0,0,0,0,0,0,0,0,0,0,0,0,0,0,0
282,2024-02-01,2024-02-29,T,T,T,unknown,114,1909-07-01,Missing,Missing,850,E54000088,East Midlands,0,0,0,0,0,0,0,0,0,0,0,0,0,0,0,0,0,0,0,0,0,0,0,0,0,0,0,0,0,0,0,0,0,0,0,0,0,0,0,0,0,0,0,0,0,0,0,0,0,0,0,0,0,0,0,0,0,0,0,0,0,0,0,0,0,,,,,0,F,F,F,F,F,F,F,F,T,T,T,T,T,F,T,0,0,F,0,F,0,F,0,F,0,F,0,F,0,F,0,F,0,F,0,F,0,F,0,F,0,0,0,0,0,0,0,0,0,0,0,0,0,0,0,0,0,0,0,0,0,0,0,0,0,0,0,0,0,0,0,0,0,0,0,0,0,0,0,0,0,0,0,0,0,0,0,0,0,0,0,0,0,0,0,0,0,0,0,0,0,0,0,0,0,0,0,0,0,0,0,0,0,0,0,0,0,0,0,0,0,0,0,0,0,0,0,0,0,0,0,0,0,0
283,2024-02-01,2024-02-29,T,T,T,male,39,1984-10-01,3,White Irish,536,E54000073,North West,0,0,0,0,0,0,0,0,0,0,0,0,0,0,0,0,0,0,0,0,0,0,0,0,0,0,0,0,0,0,0,0,0,0,0,0,0,0,0,0,0,0,0,0,0,0,0,0,0,0,0,0,0,0,0,0,0,0,0,0,0,0,0,0,0,,,,,0,F,F,F,F,F,F,F,F,T,T,T,T,T,F,T,0,0,F,0,F,0,F,0,F,0,F,0,F,0,F,0,F,0,F,0,F,0,F,0,F,0,0,0,0,0,0,0,0,0,0,0,0,0,0,0,0,0,0,0,0,0,0,0,0,0,0,0,0,0,0,0,0,0,0,0,0,0,0,0,0,0,0,0,0,0,0,0,0,0,0,0,0,0,0,0,0,0,0,0,0,0,0,0,0,0,0,0,0,0,0,0,0,0,0,0,0,0,0,0,0,0,0,0,0,0,0,0,0,0,0,0,0,0,0
284,2024-02-01,2024-02-29,T,T,T,male,77,1947-02-01,Missing,Chinese,642,E54000026,South East,0,0,0,0,0,0,0,0,0,0,0,0,0,0,0,0,0,0,0,0,0,0,0,0,0,0,0,0,0,0,0,0,0,0,0,0,0,0,0,0,0,0,0,0,0,0,0,0,0,0,0,0,0,0,0,0,0,0,0,0,0,0,0,0,0,,,,,0,F,F,F,F,F,F,F,F,T,T,T,T,T,F,T,0,0,F,0,F,0,F,0,F,0,F,0,F,0,F,0,F,0,F,0,F,0,F,0,F,0,0,0,0,0,0,0,0,0,0,0,0,0,0,0,0,0,0,0,0,0,0,0,0,0,0,0,0,0,0,0,0,0,0,0,0,0,0,0,0,0,0,0,0,0,0,0,0,0,0,0,0,0,0,0,0,0,0,0,0,0,0,0,0,0,0,0,0,0,0,0,0,0,0,0,0,0,0,0,0,0,0,0,0,0,0,0,0,0,0,0,0,0,0
285,2024-02-01,2024-02-29,T,T,T,unknown,77,1947-02-01,Missing,Missing,848,E54000031,Missing,0,0,0,0,0,0,0,0,0,0,0,0,0,0,0,0,0,0,0,0,0,0,0,0,0,0,0,0,0,0,0,0,0,0,0,0,0,0,0,0,0,0,0,0,0,0,0,0,0,0,0,0,0,0,0,0,0,0,0,0,0,0,0,0,0,,,,,0,F,F,F,F,F,F,F,F,T,T,T,T,T,F,T,0,0,F,0,F,0,F,0,F,0,F,0,F,0,F,0,F,0,F,0,F,0,F,0,F,0,0,0,0,0,0,0,0,0,0,0,0,0,0,0,0,0,0,0,0,0,0,0,0,0,0,0,0,0,0,0,0,0,0,0,0,0,0,0,0,0,0,0,0,0,0,0,0,0,0,0,0,0,0,0,0,0,0,0,0,0,0,0,0,0,0,0,0,0,0,0,0,0,0,0,0,0,0,0,0,0,0,0,0,0,0,0,0,0,0,0,0,0,0
286,2024-02-01,2024-02-29,T,T,T,male,89,1934-10-01,Missing,Missing,533,E54000096,Missing,0,0,0,0,0,0,0,0,0,0,0,0,0,0,0,0,0,0,0,0,0,0,0,0,0,0,0,0,0,0,0,0,0,0,0,0,0,0,0,0,0,0,0,0,0,0,0,0,0,0,0,0,0,0,0,0,0,0,0,0,0,0,0,0,0,,,,,0,F,F,F,F,F,F,F,F,T,T,T,T,T,F,T,0,0,F,0,F,0,F,0,F,0,F,0,F,0,F,0,F,0,F,0,F,0,F,0,F,0,0,0,0,0,0,0,0,0,0,0,0,0,0,0,0,0,0,0,0,0,0,0,0,0,0,0,0,0,0,0,0,0,0,0,0,0,0,0,0,0,0,0,0,0,0,0,0,0,0,0,0,0,0,0,0,0,0,0,0,0,0,0,0,0,0,0,0,0,0,0,0,0,0,0,0,0,0,0,0,0,0,0,0,0,0,0,0,0,0,0,0,0,0
287,2024-02-01,2024-02-29,T,T,T,female,103,1920-12-01,Missing,Missing,821,E54000093,London,0,0,0,0,0,0,0,0,0,0,0,0,0,0,0,0,0,0,0,0,0,0,0,0,0,0,0,0,0,0,0,0,0,0,0,0,0,0,0,0,0,0,0,0,0,0,0,0,0,0,0,0,0,0,0,0,0,0,0,0,0,0,0,0,0,,,,,0,F,F,F,F,F,F,F,F,T,T,T,T,T,F,T,0,0,F,0,F,0,F,0,F,0,F,0,F,0,F,0,F,0,F,0,F,0,F,0,F,0,0,0,0,0,0,0,0,0,0,0,0,0,0,0,0,0,0,0,0,0,0,0,0,0,0,0,0,0,0,0,0,0,0,0,0,0,0,0,0,0,0,0,0,0,0,0,0,0,0,0,0,0,0,0,0,0,0,0,0,0,0,0,0,0,0,0,0,0,0,0,0,0,0,0,0,0,0,0,0,0,0,0,0,0,0,0,0,0,0,0,0,0,0
288,2024-02-01,2024-02-29,T,T,T,male,91,1932-08-01,1 (Most Deprived),All other ethnic groups,55,E54000096,Yorkshire and The Humber,0,0,0,0,0,0,0,0,0,0,0,0,0,0,0,0,0,0,0,0,0,0,0,0,0,0,0,0,0,0,0,0,0,0,0,0,0,0,0,0,0,0,0,0,0,0,0,0,0,0,0,0,0,0,0,0,0,0,0,0,0,0,0,0,0,,,,,0,F,F,F,F,F,F,F,F,T,T,T,T,T,F,T,0,0,F,0,F,0,F,0,F,0,F,0,F,0,F,0,F,0,F,0,F,0,F,0,F,0,0,0,0,0,0,0,0,0,0,0,0,0,0,0,0,0,0,0,0,0,0,0,0,0,0,0,0,0,0,0,0,0,0,0,0,0,0,0,0,0,0,0,0,0,0,0,0,0,0,0,0,0,0,0,0,0,0,0,0,0,0,0,0,0,0,0,0,0,0,0,0,0,0,0,0,0,0,0,0,0,0,0,0,0,0,0,0,0,0,0,0,0,0
289,2024-02-01,2024-02-29,T,T,T,intersex,17,2006-04-01,4,Missing,209,E54000091,North East,0,0,0,0,0,0,0,0,0,0,0,0,0,0,0,0,0,0,0,0,0,0,0,0,0,0,0,0,0,0,0,0,0,0,0,0,0,0,0,0,0,0,0,0,0,0,0,0,0,0,0,0,0,0,0,0,0,0,0,0,0,0,0,0,0,,,,,0,F,F,F,F,F,F,F,T,T,T,T,F,T,F,T,0,0,F,0,F,0,F,0,F,0,F,0,F,0,F,0,F,0,F,0,F,0,F,0,F,0,0,0,0,0,0,0,0,0,0,0,0,0,0,0,0,0,0,0,0,0,0,0,0,0,0,0,0,0,0,0,0,0,0,0,0,0,0,0,0,0,0,0,0,0,0,0,0,0,0,0,0,0,0,0,0,0,0,0,0,0,0,0,0,0,0,0,0,0,0,0,0,0,0,0,0,0,0,0,0,0,0,0,0,0,0,0,0,0,0,0,0,0,0
290,2024-02-01,2024-02-29,T,T,T,unknown,16,2008-02-01,1 (Most Deprived),Caribbean,560,E54000018,Missing,0,0,0,0,0,0,0,0,0,0,0,0,0,0,0,0,0,0,0,0,0,0,0,0,0,0,0,0,0,0,0,0,0,0,0,0,0,0,0,0,0,0,0,0,0,0,0,0,0,0,0,0,0,0,0,0,0,0,0,0,0,0,0,0,0,,,,,0,F,F,F,F,F,F,F,T,T,T,T,F,T,F,T,0,0,F,0,F,0,F,0,F,0,F,0,F,0,F,0,F,0,F,0,F,0,F,0,F,0,0,0,0,0,0,0,0,0,0,0,0,0,0,0,0,0,0,0,0,0,0,0,0,0,0,0,0,0,0,0,0,0,0,0,0,0,0,0,0,0,0,0,0,0,0,0,0,0,0,0,0,0,0,0,0,0,0,0,0,0,0,0,0,0,0,0,0,0,0,0,0,0,0,0,0,0,0,0,0,0,0,0,0,0,0,0,0,0,0,0,0,0,0
291,2024-02-01,2024-02-29,T,T,T,female,31,1992-10-01,Missing,Missing,990,E54000084,East Midlands,0,0,0,0,0,0,0,0,0,0,0,0,0,0,0,0,0,0,0,0,0,0,0,0,0,0,0,0,0,0,0,0,0,0,0,0,0,0,0,0,0,0,0,0,0,0,0,0,0,0,0,0,0,0,0,0,0,0,0,0,0,0,0,0,0,,,,,0,F,F,F,F,F,F,F,F,T,T,T,T,T,T,T,0,0,F,0,F,0,F,0,F,0,F,0,F,0,F,0,F,0,F,0,F,0,F,0,F,0,1,0,0,0,0,0,0,0,0,0,0,0,0,0,0,0,0,0,0,0,0,0,0,0,0,0,0,0,0,0,0,0,0,0,0,0,0,0,0,0,0,0,0,0,0,0,0,0,0,0,0,0,0,0,0,0,0,0,0,0,0,0,0,0,0,0,0,0,0,0,0,0,0,0,0,0,0,0,0,0,0,0,0,0,0,0,0,0,0,0,0,0,0
292,2024-02-01,2024-02-29,T,T,T,unknown,66,1957-07-01,Missing,Missing,293,E54000036,London,0,0,0,0,0,0,0,0,0,0,0,0,0,0,0,0,0,0,0,0,0,0,0,0,0,0,0,0,0,0,0,0,0,0,0,0,0,0,0,0,0,0,0,0,0,0,0,0,0,0,0,0,0,0,0,0,0,0,0,0,0,0,0,0,0,,,,,0,F,F,F,F,F,F,F,F,T,T,T,T,T,F,T,0,0,F,0,F,0,F,0,F,0,F,0,F,0,F,0,F,0,F,0,F,0,F,0,F,0,0,0,0,0,0,0,0,0,0,0,0,0,0,0,0,0,0,0,0,0,0,0,0,0,0,0,0,0,0,0,0,0,0,0,0,0,0,0,0,0,0,0,0,0,0,0,0,0,0,0,0,0,0,0,0,0,0,0,0,0,0,0,0,0,0,0,0,0,0,0,0,0,0,0,0,0,0,0,0,0,0,0,0,0,0,0,0,0,0,0,0,0,0
293,2024-02-01,2024-02-29,T,T,T,unknown,3,2020-10-01,2,African,630,E54000098,West Midlands,0,0,0,0,0,0,0,0,0,0,0,0,0,0,0,0,0,0,0,0,0,0,0,0,0,0,0,0,0,0,0,0,0,0,0,0,0,0,0,0,0,0,0,0,0,0,0,0,0,0,0,0,0,0,0,0,0,0,0,0,0,0,0,0,0,,,,,0,F,F,F,F,F,F,F,T,F,F,T,F,T,F,T,0,0,F,0,F,0,F,0,F,0,F,0,F,0,F,0,F,0,F,0,F,0,F,0,F,0,0,0,0,0,0,0,0,0,0,0,0,0,0,0,0,0,0,0,0,0,0,0,0,0,0,0,0,0,0,0,0,0,0,0,0,0,0,0,0,0,0,0,0,0,0,0,0,0,0,0,0,0,0,0,0,0,0,0,0,0,0,0,0,0,0,0,0,0,0,0,0,0,0,0,0,0,0,0,0,0,0,0,0,0,0,0,0,0,0,0,0,0,0
294,2024-02-01,2024-02-29,T,T,T,male,61,1963-01-01,Missing,Missing,556,E54000059,Missing,0,0,0,0,0,0,0,0,0,0,0,0,0,0,0,0,0,0,0,0,0,0,0,0,0,0,0,0,0,0,0,0,0,0,0,0,0,0,0,0,0,0,0,0,0,0,0,0,0,0,0,0,0,0,0,0,0,0,0,0,0,0,0,0,0,,,,,0,F,F,F,F,F,F,F,F,T,T,T,T,T,F,T,0,0,F,0,F,0,F,0,F,0,F,0,F,0,F,0,F,0,F,0,F,0,F,0,F,0,0,0,0,0,0,0,0,0,0,0,0,0,0,0,0,0,0,0,0,0,0,0,0,0,0,0,0,0,0,0,0,0,0,0,0,0,0,0,0,0,0,0,0,0,0,0,0,0,0,0,0,0,0,0,0,0,0,0,0,0,0,0,0,0,0,0,0,0,0,0,0,0,0,0,0,0,0,0,0,0,0,0,0,0,0,0,0,0,0,0,0,0,0
295,2024-02-01,2024-02-29,T,T,T,intersex,6,2017-08-01,Missing,Other South Asian,233,E54000011,North East,0,0,0,0,0,0,0,0,0,0,0,0,0,0,0,0,0,0,0,0,0,0,0,0,0,0,0,0,0,0,0,0,0,0,0,0,0,0,0,0,0,0,0,0,0,0,0,0,0,0,0,0,0,0,0,0,0,0,0,0,0,0,0,0,0,,,,,0,F,F,F,F,F,F,F,T,F,T,T,F,T,F,T,0,0,F,0,F,0,F,0,F,0,F,0,F,0,F,0,F,0,F,0,F,0,F,0,F,0,0,0,0,0,0,0,0,0,0,0,0,0,0,0,0,0,0,0,0,0,0,0,0,0,0,0,0,0,0,0,0,0,0,0,0,0,0,0,0,0,0,0,0,0,0,0,0,0,0,0,0,0,0,0,0,0,0,0,0,0,0,0,0,0,0,0,0,0,0,0,0,0,0,0,0,0,0,0,0,0,0,0,0,0,0,0,0,0,0,0,0,0,0
296,2024-02-01,2024-02-29,T,T,T,female,28,1996-01-01,Missing,Missing,93,E54000058,Missing,0,0,0,0,0,0,0,0,0,0,0,0,0,0,0,0,0,0,0,0,0,0,0,0,0,0,0,0,0,0,0,0,0,0,0,0,0,0,0,0,0,0,0,0,0,0,0,0,0,0,0,0,0,0,0,0,0,0,0,0,0,0,0,0,0,,,,,0,F,F,F,F,F,F,F,F,T,T,T,T,T,T,T,0,0,F,0,F,0,F,0,F,0,F,0,F,0,F,0,F,0,F,0,F,0,F,0,F,0,0,0,0,0,0,0,0,0,0,0,0,0,0,0,0,0,0,0,0,0,0,0,0,0,0,0,0,0,0,0,0,0,0,0,0,0,0,0,0,0,0,0,0,0,0,0,0,0,0,0,0,0,0,0,0,0,0,0,0,0,0,0,0,0,0,0,0,0,0,0,0,0,0,0,0,0,0,0,0,0,0,0,0,0,0,0,0,0,0,0,0,0,0
297,2024-02-01,2024-02-29,T,T,T,female,3,2020-07-01,5 (Least Deprived),Other South Asian,64,E54000088,Yorkshire and The Humber,0,0,0,0,0,0,0,0,0,0,0,0,0,0,0,0,0,0,0,0,0,0,0,0,0,0,0,0,0,0,0,0,0,0,0,0,0,0,0,0,0,0,0,0,0,0,0,0,0,0,0,0,0,0,0,0,0,0,0,0,0,0,0,0,0,,,,,0,F,F,F,F,F,F,F,T,F,F,T,F,T,F,T,0,0,F,0,F,0,F,0,F,0,F,0,F,0,F,0,F,0,F,0,F,0,F,0,F,0,0,0,0,0,0,0,0,0,0,0,0,0,0,0,0,0,0,0,0,0,0,0,0,0,0,0,0,0,0,0,0,0,0,0,0,0,0,0,0,0,0,0,0,0,0,0,0,0,0,0,0,0,0,0,0,0,0,0,0,0,0,0,0,0,0,0,0,0,0,0,0,0,0,0,0,0,0,0,0,0,0,0,0,0,0,0,0,0,0,0,0,0,0
298,2024-02-01,2024-02-29,T,T,T,unknown,82,1941-12-01,Missing,Other Mixed,276,E54000033,North East,0,0,0,0,0,0,0,0,0,0,0,0,0,0,0,0,0,0,0,0,0,0,0,0,0,0,0,0,0,0,0,0,0,0,0,0,0,0,0,0,0,0,0,0,0,0,0,0,0,0,0,0,0,0,0,0,0,0,0,0,0,0,0,0,0,,,,,0,F,F,F,F,F,F,F,F,T,T,T,T,T,F,T,0,0,F,0,F,0,F,0,F,0,F,0,F,0,F,0,F,0,F,0,F,0,F,0,F,0,0,0,0,0,0,0,0,0,0,0,0,0,0,0,0,0,0,0,0,0,0,0,0,0,0,0,0,0,0,0,0,0,0,0,0,0,0,0,0,0,0,0,0,0,0,0,0,0,0,0,0,0,0,0,0,0,0,0,0,0,0,0,0,0,0,0,0,0,0,0,0,0,0,0,0,0,0,0,0,0,0,0,0,0,0,0,0,0,0,0,0,0,0
299,2024-02-01,2024-02-29,T,T,T,intersex,99,1924-07-01,3,Missing,549,E54000053,West Midlands,0,0,0,0,0,0,0,0,0,0,0,0,0,0,0,0,0,0,0,0,0,0,0,0,0,0,0,0,0,0,0,0,0,0,0,0,0,0,0,0,0,0,0,0,0,0,0,0,0,0,0,0,0,0,0,0,0,0,0,0,0,0,0,0,0,,,,,0,F,F,F,F,F,F,F,F,T,T,T,T,T,F,T,1,0,T,0,T,0,T,0,T,0,T,0,F,0,T,0,T,1,T,0,T,1,T,0,F,0,0,0,0,0,0,0,0,0,0,0,0,0,0,0,0,0,0,0,0,0,0,0,0,0,0,0,0,0,1,0,1,0,1,0,1,0,0,0,0,0,0,0,1,0,1,0,1,0,0,0,0,0,0,0,0,0,0,0,0,0,0,0,0,0,0,0,0,0,0,0,0,0,0,0,0,0,0,0,0,0,0,0,0,0,0,0,0,0,0,0,0,0,0
300,2024-02-01,2024-02-29,T,T,T,male,54,1969-12-01,5 (Least Deprived),African,122,E54000078,London,0,0,0,0,0,0,0,0,0,0,0,0,0,0,0,0,0,0,0,0,0,0,0,0,0,0,0,0,0,0,0,0,0,0,0,0,0,0,0,0,0,0,0,0,0,0,0,0,0,0,0,0,0,0,0,0,0,0,0,0,0,0,0,0,0,,,,,0,F,F,F,F,F,F,F,F,T,T,T,T,T,F,T,0,0,F,0,F,0,F,0,F,0,F,0,F,0,F,0,F,0,F,0,F,0,F,0,F,0,0,0,0,0,0,0,0,0,0,0,0,0,0,0,0,0,0,0,0,0,0,0,0,0,0,0,0,0,0,0,0,0,0,0,0,0,0,0,0,0,0,0,0,0,0,0,0,0,0,0,0,0,0,0,0,0,0,0,0,0,0,0,0,0,0,0,0,0,0,0,0,0,0,0,0,0,0,0,0,0,0,0,0,0,0,0,0,0,0,0,0,0,0
301,2024-02-01,2024-02-29,T,T,T,intersex,31,1993-01-01,Missing,All other ethnic groups,773,E54000018,Missing,0,0,0,0,0,0,0,0,0,0,0,0,0,0,0,0,0,0,0,0,0,0,0,0,0,0,0,0,0,0,0,0,0,0,0,0,0,0,0,0,0,0,0,0,0,0,0,0,0,0,0,0,0,0,0,0,0,0,0,0,0,0,0,0,0,,,,,0,F,F,F,F,F,F,F,F,T,T,T,T,T,F,T,0,0,F,0,F,0,F,0,F,0,F,0,F,0,F,0,F,0,F,0,F,0,F,0,F,0,0,0,0,0,0,0,0,0,0,0,0,0,0,0,0,0,0,0,0,0,0,0,0,0,0,0,0,0,0,0,0,0,0,0,0,0,0,0,0,0,0,0,0,0,0,0,0,0,0,0,0,0,0,0,0,0,0,0,0,0,0,0,0,0,0,0,0,0,0,0,0,0,0,0,0,0,0,0,0,0,0,0,0,0,0,0,0,0,0,0,0,0,0
302,2024-02-01,2024-02-29,T,T,T,male,113,1910-09-01,Missing,Indian,596,E54000016,Yorkshire and The Humber,0,0,0,0,0,0,0,0,0,0,0,0,0,0,0,0,0,0,0,0,0,0,0,0,0,0,0,0,0,0,0,0,0,0,0,0,0,0,0,0,0,0,0,0,0,0,0,0,0,0,0,0,0,0,0,0,0,0,0,0,0,0,0,0,0,,,,,0,F,F,F,F,F,F,F,F,T,T,T,T,T,F,T,0,0,F,0,F,0,F,0,F,0,F,0,F,0,F,0,F,0,F,0,F,0,F,0,F,0,0,0,0,0,0,0,0,0,0,0,0,0,0,0,0,0,0,0,0,0,0,0,0,0,0,0,0,0,0,0,0,0,0,0,0,0,0,0,0,0,0,0,0,0,0,0,0,0,0,0,0,0,0,0,0,0,0,0,0,0,0,0,0,0,0,0,0,0,0,0,0,0,0,0,0,0,0,0,0,0,0,0,0,0,0,0,0,0,0,0,0,0,0
303,2024-02-01,2024-02-29,T,T,T,intersex,54,1969-07-01,Missing,Missing,382,E54000089,London,0,0,0,0,0,0,0,0,0,0,0,0,0,0,0,0,0,0,0,0,0,0,0,0,0,0,0,0,0,0,0,0,0,0,0,0,0,0,0,0,0,0,0,0,0,0,0,0,0,0,0,0,0,0,0,0,0,0,0,0,0,0,0,0,0,,,,,0,F,F,F,F,F,F,F,F,T,T,T,T,T,F,T,0,0,F,0,F,0,F,0,F,0,F,0,F,0,F,0,F,0,F,0,F,0,F,0,F,0,0,0,0,0,0,0,0,0,0,0,0,0,0,0,0,0,0,0,0,0,0,0,0,0,0,0,0,0,0,0,0,0,0,0,0,0,0,0,0,0,0,0,0,0,0,0,0,0,0,0,0,0,0,0,0,0,0,0,0,0,0,0,0,0,0,0,0,0,0,0,0,0,0,0,0,0,0,0,0,0,0,0,0,0,0,0,0,0,0,0,0,0,0
304,2024-02-01,2024-02-29,T,T,T,male,100,1923-03-01,Missing,All other ethnic groups,108,E54000026,East,0,0,0,0,0,0,0,0,0,0,0,0,0,0,0,0,0,0,0,0,0,0,0,0,0,0,0,0,0,0,0,0,0,0,0,0,0,0,0,0,0,0,0,0,0,0,0,0,0,0,0,0,0,0,0,0,0,0,0,0,0,0,0,0,0,,,,,0,F,F,F,F,F,F,F,F,T,T,T,T,T,F,T,0,0,F,0,F,0,F,0,F,0,F,0,F,0,F,0,F,0,F,0,F,0,F,0,F,0,0,0,0,0,0,0,0,0,0,0,0,0,0,0,0,0,0,0,0,0,0,0,0,0,0,0,0,0,0,0,0,0,0,0,0,0,0,0,0,0,0,0,0,0,0,0,0,0,0,0,0,0,0,0,0,0,0,0,0,0,0,0,0,0,0,0,0,0,0,0,0,0,0,0,0,0,0,0,0,0,0,0,0,0,0,0,0,0,0,0,0,0,0
305,2024-02-01,2024-02-29,T,T,T,intersex,26,1997-03-01,5 (Least Deprived),Missing,86,E54000014,Missing,0,0,0,0,0,0,0,0,0,0,0,0,0,0,0,0,0,0,0,0,0,0,0,0,0,0,0,0,0,0,0,0,0,0,0,0,0,0,0,0,0,0,0,0,0,0,0,0,0,0,0,0,0,0,0,0,0,0,0,0,0,0,0,0,0,2023-10-07,,,,0,F,F,F,F,F,F,F,F,T,T,T,T,T,F,T,0,0,F,0,F,0,F,0,F,0,F,0,F,0,F,0,F,0,F,0,F,0,F,0,F,0,0,0,0,0,0,0,0,0,0,0,0,0,0,0,0,0,0,0,0,0,0,0,0,0,0,0,0,0,0,0,0,0,0,0,0,0,0,0,0,0,0,0,0,0,0,0,0,0,0,0,0,0,0,0,0,0,0,0,0,0,0,0,0,0,0,0,0,0,0,0,0,0,0,0,0,0,0,0,0,0,0,0,0,0,0,0,0,0,0,0,0,0,0
306,2024-02-01,2024-02-29,T,T,T,intersex,1,2022-06-01,1 (Most Deprived),Missing,303,E54000032,West Midlands,0,0,0,0,0,0,0,0,0,0,0,0,0,0,0,0,0,0,0,0,0,0,0,0,0,0,0,0,0,0,0,0,0,0,0,0,0,0,0,0,0,0,0,0,0,0,0,0,0,0,0,0,0,0,0,0,0,0,0,0,0,0,0,0,0,,,,,0,F,F,F,F,F,F,F,T,F,F,T,F,T,F,T,0,0,F,0,F,0,F,0,F,0,F,0,F,0,F,0,F,0,F,0,F,0,F,0,F,0,0,0,0,0,0,0,0,0,0,0,0,0,0,0,0,0,0,0,0,0,0,0,0,0,0,0,0,0,0,0,0,0,0,0,0,0,0,0,0,0,0,0,0,0,0,0,0,0,0,0,0,0,0,0,0,0,0,0,0,0,0,0,0,0,0,0,0,0,0,0,0,0,0,0,0,0,0,0,0,0,0,0,0,0,0,0,0,0,0,0,0,0,0
307,2024-02-01,2024-02-29,T,T,T,unknown,10,2013-04-01,5 (Least Deprived),Missing,926,E54000006,West Midlands,0,0,0,0,0,0,0,0,0,0,0,0,0,0,0,0,0,0,0,0,0,0,0,0,0,0,0,0,0,0,0,0,0,0,0,0,0,0,0,0,0,0,0,0,0,0,0,0,0,0,0,0,0,0,0,0,0,0,0,0,0,0,0,0,0,,,,,0,F,F,F,F,F,F,F,T,F,T,T,F,T,F,T,0,0,F,0,F,0,F,0,F,0,F,0,F,0,F,0,F,0,F,0,F,0,F,0,F,0,0,0,0,0,0,0,0,0,0,0,0,0,0,0,0,0,0,0,0,0,0,0,0,0,0,0,0,0,0,0,0,0,0,0,0,0,0,0,0,0,0,0,0,0,0,0,0,0,0,0,0,0,0,0,0,0,0,0,0,0,0,0,0,0,0,0,0,0,0,0,0,0,0,0,0,0,0,0,0,0,0,0,0,0,0,0,0,0,0,0,0,0,0
308,2024-02-01,2024-02-29,T,T,T,female,111,1912-05-01,Missing,Other White,894,E54000052,South West,0,0,0,0,0,0,0,0,0,0,0,0,0,0,0,0,0,0,0,0,0,0,0,0,0,0,0,0,0,0,0,0,0,0,0,0,0,0,0,0,0,0,0,0,0,0,0,0,0,0,0,0,0,0,0,0,0,0,0,0,0,0,0,0,0,,,,,0,F,F,F,F,F,F,F,F,T,T,T,T,T,F,T,0,0,F,0,F,0,F,0,F,0,F,0,F,0,F,0,F,0,F,0,F,0,F,0,F,0,0,0,0,0,0,0,0,0,0,0,0,0,0,0,0,0,0,0,0,0,0,0,0,0,0,0,0,0,0,0,0,0,0,0,0,0,0,0,0,0,0,0,0,0,0,0,0,0,0,0,0,0,0,0,0,0,0,0,0,0,0,0,0,0,0,0,0,0,0,0,0,0,0,0,0,0,0,0,0,0,0,0,0,0,0,0,0,0,0,0,0,0,0
309,2024-02-01,2024-02-29,T,T,T,intersex,83,1940-08-01,Missing,All other ethnic groups,543,E54000015,South West,0,0,0,0,0,0,0,0,0,0,0,0,0,0,0,0,0,0,0,0,0,0,0,0,0,0,0,0,0,0,0,0,0,0,0,0,0,0,0,0,0,0,0,0,0,0,0,0,0,0,0,0,0,0,0,0,0,0,0,0,0,0,0,0,0,,,,,0,F,F,F,F,F,F,F,F,T,T,T,T,T,F,T,0,0,F,0,F,0,F,0,F,0,F,0,F,0,F,0,F,0,F,0,F,0,F,0,F,0,0,0,0,0,0,0,0,0,0,0,0,0,0,0,0,0,0,0,0,0,0,0,0,0,0,0,0,0,0,0,0,0,0,0,0,0,0,0,0,0,0,0,0,0,0,0,0,0,0,0,0,0,0,0,0,0,0,0,0,0,0,0,0,0,0,0,0,0,0,0,0,0,0,0,0,0,0,0,0,0,0,0,0,0,0,0,0,0,0,0,0,0,0
310,2024-02-01,2024-02-29,T,T,T,female,101,1922-11-01,Missing,Other Black,287,E54000052,Missing,0,0,0,0,0,0,0,0,0,0,0,0,0,0,0,0,0,0,0,0,0,0,0,0,0,0,0,0,0,0,0,0,0,0,0,0,0,0,0,0,0,0,0,0,0,0,0,0,0,0,0,0,0,0,0,0,0,0,0,0,0,0,0,0,0,,,,,0,F,F,F,F,F,F,F,F,T,T,T,T,T,F,T,0,0,F,0,F,0,F,0,F,0,F,0,F,0,F,0,F,0,F,0,F,0,F,0,F,0,0,0,0,0,0,0,0,0,0,0,0,0,0,0,0,0,0,0,0,0,0,0,0,0,0,0,0,0,0,0,0,0,0,0,0,0,0,0,0,0,0,0,0,0,0,0,0,0,0,0,0,0,0,0,0,0,0,0,0,0,0,0,0,0,0,0,0,0,0,0,0,0,0,0,0,0,0,0,0,0,0,0,0,0,0,0,0,0,0,0,0,0,0
311,2024-02-01,2024-02-29,T,T,T,unknown,94,1929-08-01,Missing,Missing,718,E54000054,Missing,0,0,0,0,0,0,0,0,0,0,0,0,0,0,0,0,0,0,0,0,0,0,0,0,0,0,0,0,0,0,0,0,0,0,0,0,0,0,0,0,0,0,0,0,0,0,0,0,0,0,0,0,0,0,0,0,0,0,0,0,0,0,0,0,0,,,,,0,F,F,F,F,F,F,F,F,T,T,T,T,T,F,T,0,0,F,0,F,0,F,0,F,0,F,0,F,0,F,0,F,0,F,0,F,0,F,0,F,0,0,0,0,0,0,0,0,0,0,0,0,0,0,0,0,0,0,0,0,0,0,0,0,0,0,0,0,0,0,0,0,0,0,0,0,0,0,0,0,0,0,0,0,0,0,0,0,0,0,0,0,0,0,0,0,0,0,0,0,0,0,0,0,0,0,0,0,0,0,0,0,0,0,0,0,0,0,0,0,0,0,0,0,0,0,0,0,0,0,0,0,0,0
312,2024-02-01,2024-02-29,T,T,T,female,45,1978-10-01,3,Missing,895,E54000017,Yorkshire and The Humber,0,0,0,0,0,0,0,0,0,0,0,0,0,0,0,0,0,0,0,0,0,0,0,0,0,0,0,0,0,0,0,0,0,0,0,0,0,0,0,0,0,0,0,0,0,0,0,0,0,0,0,0,0,0,0,0,0,0,0,0,0,0,0,0,0,,,,,0,F,F,F,F,F,F,F,F,T,T,T,T,T,T,T,0,0,F,0,F,0,F,0,F,0,F,0,F,0,F,0,F,0,F,0,F,0,F,0,F,0,0,0,0,0,0,0,0,0,0,0,0,0,0,0,0,0,0,0,0,0,0,0,0,0,0,0,0,0,0,0,0,0,0,0,0,0,0,0,0,0,0,0,0,0,0,0,0,0,0,0,0,0,0,0,0,0,0,0,0,0,0,0,0,0,0,0,0,0,0,0,0,0,0,0,0,0,0,0,0,0,0,0,0,0,0,0,0,0,0,0,0,0,0
313,2024-02-01,2024-02-29,T,T,T,male,67,1957-02-01,3,Missing,271,E54000031,South East,0,0,0,0,0,0,0,0,0,0,0,0,0,0,0,0,0,0,0,0,0,0,0,0,0,0,0,0,0,0,0,0,0,0,0,0,0,0,0,0,0,0,0,0,0,0,0,0,0,0,0,0,0,0,0,0,0,0,0,0,0,0,0,0,0,,,,,0,F,F,F,F,F,F,F,F,T,T,T,T,T,F,T,0,0,F,0,F,0,F,0,F,0,F,0,F,0,F,0,F,0,F,0,F,0,F,0,F,0,0,0,0,0,0,0,0,0,0,0,0,0,0,0,0,0,0,0,0,0,0,0,0,0,0,0,0,0,0,0,0,0,0,0,0,0,0,0,0,0,0,0,0,0,0,0,0,0,0,0,0,0,0,0,0,0,0,0,0,0,0,0,0,0,0,0,0,0,0,0,0,0,0,0,0,0,0,0,0,0,0,0,0,0,0,0,0,0,0,0,0,0,0
314,2024-02-01,2024-02-29,T,T,T,female,114,1909-03-01,Missing,Bangladeshi,3,E54000033,West Midlands,0,0,0,0,0,0,0,0,0,0,0,0,0,0,0,0,0,0,0,0,0,0,0,0,0,0,0,0,0,0,0,0,0,0,0,0,0,0,0,0,0,0,0,0,0,0,0,0,0,0,0,0,0,0,0,0,0,0,0,0,0,0,0,0,0,,,,,0,F,F,F,F,F,F,F,F,T,T,T,T,T,F,T,0,0,F,0,F,0,F,0,F,0,F,0,F,0,F,0,F,0,F,0,F,0,F,0,F,0,0,0,0,0,0,0,0,0,0,0,0,0,0,0,0,0,0,0,0,0,0,0,0,0,0,0,0,0,0,0,0,0,0,0,0,0,0,0,0,0,0,0,0,0,0,0,0,0,0,0,0,0,0,0,0,0,0,0,0,0,0,0,0,0,0,0,0,0,0,0,0,0,0,0,0,0,0,0,0,0,0,0,0,0,0,0,0,0,0,0,0,0,0
315,2024-02-01,2024-02-29,T,T,T,unknown,49,1974-08-01,Missing,Other White,284,E54000029,Yorkshire and The Humber,0,0,0,0,0,0,0,0,0,0,0,0,0,0,0,0,0,0,0,0,0,0,0,0,0,0,0,0,0,0,0,0,0,0,0,0,0,0,0,0,0,0,0,0,0,0,0,0,0,0,0,0,0,0,0,0,0,0,0,0,0,0,0,0,0,,,,,0,F,F,F,F,F,F,F,F,T,T,T,T,T,F,T,0,0,F,0,F,0,F,0,F,0,F,0,F,0,F,0,F,0,F,0,F,0,F,0,F,0,0,0,0,0,0,0,0,0,0,0,0,0,0,0,0,0,0,0,0,0,0,0,0,0,0,0,0,0,0,0,0,0,0,0,0,0,0,0,0,0,0,0,0,0,0,0,0,0,0,0,0,0,0,0,0,0,0,0,0,0,0,0,0,0,0,0,0,0,0,0,0,0,0,0,0,0,0,0,0,0,0,0,0,0,0,0,0,0,0,0,0,0,0
316,2024-02-01,2024-02-29,T,T,T,female,102,1921-05-01,Missing,Bangladeshi,942,E54000067,East,0,0,0,0,0,0,0,0,0,0,0,0,0,0,0,0,0,0,0,0,0,0,0,0,0,0,0,0,0,0,0,0,0,0,0,0,0,0,0,0,0,0,0,0,0,0,0,0,0,0,0,0,0,0,0,0,0,0,0,0,0,0,0,0,0,,,,,0,F,F,F,F,F,F,F,F,T,T,T,T,T,F,T,0,0,F,0,F,0,F,0,F,0,F,0,F,0,F,0,F,0,F,0,F,0,F,0,F,0,0,0,0,0,0,0,0,0,0,0,0,0,0,0,0,0,0,0,0,0,0,0,0,0,0,0,0,0,0,0,0,0,0,0,0,0,0,0,0,0,0,0,0,0,0,0,0,0,0,0,0,0,0,0,0,0,0,0,0,0,0,0,0,0,0,0,0,0,0,0,0,0,0,0,0,0,0,0,0,0,0,0,0,0,0,0,0,0,0,0,0,0,0
317,2024-02-01,2024-02-29,T,T,T,female,23,2000-05-01,3,Other Mixed,613,E54000036,West Midlands,0,0,0,0,0,0,0,0,0,0,0,0,0,0,0,0,0,0,0,0,0,0,0,0,0,0,0,0,0,0,0,0,0,0,0,0,0,0,0,0,0,0,0,0,0,0,0,0,0,0,0,0,0,0,0,0,0,0,0,0,0,0,0,0,0,,,,,0,F,F,F,F,F,F,F,F,T,T,T,T,T,T,T,0,0,F,0,F,0,F,0,F,0,F,0,F,0,F,0,F,0,F,0,F,0,F,0,F,0,0,0,0,0,0,0,0,0,0,0,0,0,0,0,0,0,0,0,0,0,0,0,0,0,0,0,0,0,0,0,0,0,0,0,0,0,0,0,0,0,0,0,0,0,0,0,0,0,0,0,0,0,0,0,0,0,0,0,0,0,0,0,0,0,0,0,0,0,0,0,0,0,0,0,0,0,0,0,0,0,0,0,0,0,0,0,0,0,0,0,0,0,0
318,2024-02-01,2024-02-29,T,T,T,male,55,1968-05-01,Missing,White Irish,815,E54000029,South East,0,0,0,0,0,0,0,0,0,0,0,0,0,0,0,0,0,0,0,0,0,0,0,0,0,0,0,0,0,0,0,0,0,0,0,0,0,0,0,0,0,0,0,0,0,0,0,0,0,0,0,0,0,0,0,0,0,0,0,0,0,0,0,0,0,,,,,0,F,F,F,F,F,F,F,F,T,T,T,T,T,F,T,0,0,F,0,F,0,F,0,F,0,F,0,F,0,F,0,F,0,F,0,F,0,F,0,F,0,0,0,0,0,0,0,0,0,0,0,0,0,0,0,0,0,0,0,0,0,0,0,0,0,0,0,0,0,0,0,0,0,0,0,0,0,0,0,0,0,0,0,0,0,0,0,0,0,0,0,0,0,0,0,0,0,0,0,0,0,0,0,0,0,0,0,0,0,0,0,0,0,0,0,0,0,0,0,0,0,0,0,0,0,0,0,0,0,0,0,0,0,0
319,2024-02-01,2024-02-29,T,T,T,female,56,1968-01-01,Missing,Missing,946,E54000000,South West,0,0,0,0,0,0,0,0,0,0,0,0,0,0,0,0,0,0,0,0,0,0,0,0,0,0,0,0,0,0,0,0,0,0,0,0,0,0,0,0,0,0,0,0,0,0,0,0,0,0,0,0,0,0,0,0,0,0,0,0,0,0,0,0,0,,,,,0,F,F,F,F,F,F,F,F,T,T,T,T,T,T,T,0,0,F,0,F,0,F,0,F,0,F,0,F,0,F,0,F,0,F,0,F,0,F,0,F,0,0,0,0,0,0,0,0,0,0,0,0,0,0,0,0,0,0,0,0,0,0,0,0,0,0,0,0,0,0,0,0,0,0,0,0,0,0,0,0,0,0,0,0,0,0,0,0,0,0,0,0,0,0,0,0,0,0,0,0,0,0,0,0,0,0,0,0,0,0,0,0,0,0,0,0,0,0,0,0,0,0,0,0,0,0,0,0,0,0,0,0,0,0
320,2024-02-01,2024-02-29,T,T,T,male,21,2002-11-01,Missing,Missing,947,E54000052,East,0,0,0,0,0,0,0,0,0,0,0,0,0,0,0,0,0,0,0,0,0,0,0,0,0,0,0,0,0,0,0,0,0,0,0,0,0,0,0,0,0,0,0,0,0,0,0,0,0,0,0,0,0,0,0,0,0,0,0,0,0,0,0,0,0,,,,,0,F,F,F,F,F,F,F,F,T,T,T,T,T,F,T,0,0,F,0,F,0,F,0,F,0,F,0,F,0,F,0,F,0,F,0,F,0,F,0,F,0,0,0,0,0,0,0,0,0,0,0,0,0,0,0,0,0,0,0,0,0,0,0,0,0,0,0,0,0,0,0,0,0,0,0,0,0,0,0,0,0,0,0,0,0,0,0,0,0,0,0,0,0,0,0,0,0,0,0,0,0,0,0,0,0,0,0,0,0,0,0,0,0,0,0,0,0,0,0,0,0,0,0,0,0,0,0,0,0,0,0,0,0,0
321,2024-02-01,2024-02-29,T,T,T,female,10,2013-08-01,3,White and Asian,972,E54000001,London,0,0,0,0,0,0,0,0,0,0,0,0,0,0,0,0,0,0,0,0,0,0,0,0,0,0,0,0,0,0,0,0,0,0,0,0,0,0,0,0,0,0,0,0,0,0,0,0,0,0,0,0,0,0,0,0,0,0,0,0,0,0,0,0,0,,,,,0,F,F,F,F,F,F,F,T,F,T,T,F,T,F,T,0,0,F,0,F,0,F,0,F,0,F,0,F,0,F,0,F,0,F,0,F,0,F,0,F,0,0,0,0,0,0,0,0,0,0,0,0,0,0,0,0,0,0,0,0,0,0,0,0,0,0,0,0,0,0,0,0,0,0,0,0,0,0,0,0,0,0,0,0,0,0,0,0,0,0,0,0,0,0,0,0,0,0,0,0,0,0,0,0,0,0,0,0,0,0,0,0,0,0,0,0,0,0,0,0,0,0,0,0,0,0,0,0,0,0,0,0,0,0
322,2024-02-01,2024-02-29,T,T,T,intersex,5,2018-06-01,3,Other White,471,E54000070,London,0,0,0,0,0,0,0,0,0,0,0,0,0,0,0,0,0,0,0,0,0,0,0,0,0,0,0,0,0,0,0,0,0,0,0,0,0,0,0,0,0,0,0,0,0,0,0,0,0,0,0,0,0,0,0,0,0,0,0,0,0,0,0,0,0,,,,,0,F,F,F,F,F,F,F,T,F,T,T,F,T,F,T,0,0,F,0,F,0,F,0,F,0,F,0,F,0,F,0,F,0,F,0,F,0,F,0,F,0,0,0,0,0,0,0,0,0,0,0,0,0,0,0,0,0,0,0,0,0,0,0,0,0,0,0,0,0,0,0,0,0,0,0,0,0,0,0,0,0,0,0,0,0,0,0,0,0,0,0,0,0,0,0,0,0,0,0,0,0,0,0,0,0,0,0,0,0,0,0,0,0,0,0,0,0,0,0,0,0,0,0,0,0,0,0,0,0,0,0,0,0,0
323,2024-02-01,2024-02-29,T,T,T,female,95,1929-01-01,Missing,White British,656,E54000021,South West,0,0,0,0,0,0,0,0,0,0,0,0,0,0,0,0,0,0,0,0,0,0,0,0,0,0,0,0,0,0,0,0,0,0,0,0,0,0,0,0,0,0,0,0,0,0,0,0,0,0,0,0,0,0,0,0,0,0,0,0,0,0,0,0,0,,,,,0,F,F,F,F,F,F,F,F,T,T,T,T,T,F,T,0,0,F,0,F,0,F,0,F,0,F,0,F,0,F,0,F,0,F,0,F,0,F,0,F,0,0,0,0,0,0,0,0,0,0,0,0,0,0,0,0,0,0,0,0,0,0,0,0,0,0,0,0,0,0,0,0,0,0,0,0,0,0,0,0,0,0,0,0,0,0,0,0,0,0,0,0,0,0,0,0,0,0,0,0,0,0,0,0,0,0,0,0,0,0,0,0,0,0,0,0,0,0,0,0,0,0,0,0,0,0,0,0,0,0,0,0,0,0
324,2024-02-01,2024-02-29,T,T,T,female,112,1911-11-01,Missing,Missing,698,E54000069,London,0,0,0,0,0,0,0,0,0,0,0,0,0,0,0,0,0,0,0,0,0,0,0,0,0,0,0,0,0,0,0,0,0,0,0,0,0,0,0,0,0,0,0,0,0,0,0,0,0,0,0,0,0,0,0,0,0,0,0,0,0,0,0,0,0,,,,,0,F,F,F,F,F,F,F,F,T,T,T,T,T,F,T,0,0,F,0,F,0,F,0,F,0,F,0,F,0,F,0,F,0,F,0,F,0,F,0,F,0,0,0,0,0,0,0,0,0,0,0,0,0,0,0,0,0,0,0,0,0,0,0,0,0,0,0,0,0,0,0,0,0,0,0,0,0,0,0,0,0,0,0,0,0,0,0,0,0,0,0,0,0,0,0,0,0,0,0,0,0,0,0,0,0,0,0,0,0,0,0,0,0,0,0,0,0,0,0,0,0,0,0,0,0,0,0,0,0,0,0,0,0,0
325,2024-02-01,2024-02-29,T,T,T,female,82,1941-03-01,Missing,Missing,11,E54000073,East Midlands,0,0,0,0,0,0,0,0,0,0,0,0,0,0,0,0,0,0,0,0,0,0,0,0,0,0,0,0,0,0,0,0,0,0,0,0,0,0,0,0,0,0,0,0,0,0,0,0,0,0,0,0,0,0,0,0,0,0,0,0,0,0,0,0,0,,,,,0,F,F,F,F,F,F,F,F,T,T,T,T,T,F,T,0,0,F,0,F,0,F,0,F,0,F,0,F,0,F,0,F,0,F,0,F,0,F,0,F,0,0,0,0,0,0,0,0,0,0,0,0,0,0,0,0,0,0,0,0,0,0,0,0,0,0,0,0,0,0,0,0,0,0,0,0,0,0,0,0,0,0,0,0,0,0,0,0,0,0,0,0,0,0,0,0,0,0,0,0,0,0,0,0,0,0,0,0,0,0,0,0,0,0,0,0,0,0,0,0,0,0,0,0,0,0,0,0,0,0,0,0,0,0
326,2024-02-01,2024-02-29,T,T,T,female,87,1936-05-01,4,Other White,96,E54000094,London,0,0,0,0,0,0,0,0,0,0,0,0,0,0,0,0,0,0,0,0,0,0,0,0,0,0,0,0,0,0,0,0,0,0,0,0,0,0,0,0,0,0,0,0,0,0,0,0,0,0,0,0,0,0,0,0,0,0,0,0,0,0,0,0,0,,,,,0,F,F,F,F,F,F,F,F,T,T,T,T,T,F,T,0,0,F,0,F,0,F,0,F,0,F,0,F,0,F,0,F,0,F,0,F,0,F,0,F,0,0,0,0,0,0,0,0,0,0,0,0,0,0,0,0,0,0,0,0,0,0,0,0,0,0,0,0,0,0,0,0,0,0,0,0,0,0,0,0,0,0,0,0,0,0,0,0,0,0,0,0,0,0,0,0,0,0,0,0,0,0,0,0,0,0,0,0,0,0,0,0,0,0,0,0,0,0,0,0,0,0,0,0,0,0,0,0,0,0,0,0,0,0
327,2024-02-01,2024-02-29,T,T,T,male,22,2001-05-01,3,Missing,674,E54000084,Missing,0,0,0,0,0,0,0,0,0,0,0,0,0,0,0,0,0,0,0,0,0,0,0,0,0,0,0,0,0,0,0,0,0,0,0,0,0,0,0,0,0,0,0,0,0,0,0,0,0,0,0,0,0,0,0,0,0,0,0,0,0,0,0,0,0,,,,,0,F,F,F,F,F,F,F,F,T,T,T,T,T,F,T,0,0,F,0,F,0,F,0,F,0,F,0,F,0,F,0,F,0,F,0,F,0,F,0,F,0,0,0,0,0,0,0,0,0,0,0,0,0,0,0,0,0,0,0,0,0,0,0,0,0,0,0,0,0,0,0,0,0,0,0,0,0,0,0,0,0,0,0,0,0,0,0,0,0,0,0,0,0,0,0,0,0,0,0,0,0,0,0,0,0,0,0,0,0,0,0,0,0,0,0,0,0,0,0,0,0,0,0,0,0,0,0,0,0,0,0,0,0,0
328,2024-02-01,2024-02-29,T,T,T,female,88,1935-12-01,Missing,Missing,417,E54000088,West Midlands,0,0,0,0,0,0,0,0,0,0,0,0,0,0,0,0,0,0,0,0,0,0,0,0,0,0,0,0,0,0,0,0,0,0,0,0,0,0,0,0,0,0,0,0,0,0,0,0,0,0,0,0,0,0,0,0,0,0,0,0,0,0,0,0,0,,,,,0,F,F,F,F,F,F,F,F,T,T,T,T,T,F,T,0,0,F,0,F,0,F,0,F,0,F,0,F,0,F,0,F,0,F,0,F,0,F,0,F,0,0,0,0,0,0,0,0,0,0,0,0,0,0,0,0,0,0,0,0,0,0,0,0,0,0,0,0,0,0,0,0,0,0,0,0,0,0,0,0,0,0,0,0,0,0,0,0,0,0,0,0,0,0,0,0,0,0,0,0,0,0,0,0,0,0,0,0,0,0,0,0,0,0,0,0,0,0,0,0,0,0,0,0,0,0,0,0,0,0,0,0,0,0
329,2024-02-01,2024-02-29,T,T,T,male,14,2009-04-01,4,All other ethnic groups,572,E54000041,Yorkshire and The Humber,0,0,0,0,0,0,0,0,0,0,0,0,0,0,0,0,0,0,0,0,0,0,0,0,0,0,0,0,0,0,0,0,0,0,0,0,0,0,0,0,0,0,0,0,0,0,0,0,0,0,0,0,0,0,0,0,0,0,0,0,0,0,0,0,0,,,,,0,F,F,F,F,F,F,F,T,T,T,T,F,T,F,T,0,0,F,0,F,0,F,0,F,0,F,0,F,0,F,0,F,0,F,0,F,0,F,0,F,0,0,0,0,0,0,0,0,0,0,0,0,0,0,0,0,0,0,0,0,0,0,0,0,0,0,0,0,0,0,0,0,0,0,0,0,0,0,0,0,0,0,0,0,0,0,0,0,0,0,0,0,0,0,0,0,0,0,0,0,0,0,0,0,0,0,0,0,0,0,0,0,0,0,0,0,0,0,0,0,0,0,0,0,0,0,0,0,0,0,0,0,0,0
330,2024-02-01,2024-02-29,T,T,T,unknown,67,1956-11-01,Missing,Missing,483,E54000011,London,0,0,0,0,0,0,0,0,0,0,0,0,0,0,0,0,0,0,0,0,0,0,0,0,0,0,0,0,0,0,0,0,0,0,0,0,0,0,0,0,0,0,0,0,0,0,0,0,0,0,0,0,0,0,0,0,0,0,0,0,0,0,0,0,0,,,,,0,F,F,F,F,F,F,F,F,T,T,T,T,T,F,T,0,0,F,0,F,0,F,0,F,0,F,0,F,0,F,0,F,0,F,0,F,0,F,0,F,0,0,0,0,0,0,0,0,0,0,0,0,0,0,0,0,0,0,0,0,0,0,0,0,0,0,0,0,0,0,0,0,0,0,0,0,0,0,0,0,0,0,0,0,0,0,0,0,0,0,0,0,0,0,0,0,0,0,0,0,0,0,0,0,0,0,0,0,0,0,0,0,0,0,0,0,0,0,0,0,0,0,0,0,0,0,0,0,0,0,0,0,0,0
331,2024-02-01,2024-02-29,T,T,T,intersex,120,1903-10-01,Missing,Missing,344,E54000008,East,0,0,0,0,0,0,0,0,0,0,0,0,0,0,0,0,0,0,0,0,0,0,0,0,0,0,0,0,0,0,0,0,0,0,0,0,0,0,0,0,0,0,0,0,0,0,0,0,0,0,0,0,0,0,0,0,0,0,0,0,0,0,0,0,0,,,,,0,F,F,F,F,F,F,F,F,T,T,T,T,T,F,T,0,0,F,0,F,0,F,0,F,0,F,0,F,0,F,0,F,0,F,0,F,0,F,0,F,0,0,0,0,0,0,0,0,0,0,0,0,0,0,0,0,0,0,0,0,0,0,0,0,0,0,0,0,0,0,0,0,0,0,0,0,0,0,0,0,0,0,0,0,0,0,0,0,0,0,0,0,0,0,0,0,0,0,0,0,0,0,0,0,0,0,0,0,0,0,0,0,0,0,0,0,0,0,0,0,0,0,0,0,0,0,0,0,0,0,0,0,0,0
332,2024-02-01,2024-02-29,T,T,T,female,102,1921-09-01,Missing,Other Black,590,E54000050,West Midlands,0,0,0,0,0,0,0,0,0,0,0,0,0,0,0,0,0,0,0,0,0,0,0,0,0,0,0,0,0,0,0,0,0,0,0,0,0,0,0,0,0,0,0,0,0,0,0,0,0,0,0,0,0,0,0,0,0,0,0,0,0,0,0,0,0,,,,,0,F,F,F,F,F,F,F,F,T,T,T,T,T,F,T,0,0,F,0,F,0,F,0,F,0,F,0,F,0,F,0,F,0,F,0,F,0,F,0,F,0,0,0,0,0,0,0,0,0,0,0,0,0,0,0,0,0,0,0,0,0,0,0,0,0,0,0,0,0,0,0,0,0,0,0,0,0,0,0,0,0,0,0,0,0,0,0,0,0,0,0,0,0,0,0,0,0,0,0,0,0,0,0,0,0,0,0,0,0,0,0,0,0,0,0,0,0,0,0,0,0,0,0,0,0,0,0,0,0,0,0,0,0,0
333,2024-02-01,2024-02-29,T,T,T,female,75,1948-08-01,Missing,Missing,699,E54000028,North West,0,0,0,0,0,0,0,0,0,0,0,0,0,0,0,0,0,0,0,0,0,0,0,0,0,0,0,0,0,0,0,0,0,0,0,0,0,0,0,0,0,0,0,0,0,0,0,0,0,0,0,0,0,0,0,0,0,0,0,0,0,0,0,0,0,,,,,0,F,F,F,F,F,F,F,F,T,T,T,T,T,F,T,0,0,F,0,F,0,F,0,F,0,F,0,F,0,F,0,F,0,F,0,F,0,F,0,F,0,0,0,0,0,0,0,0,0,0,0,0,0,0,0,0,0,0,0,0,0,0,0,0,0,0,0,0,0,0,0,0,0,0,0,0,0,0,0,0,0,0,0,0,0,0,0,0,0,0,0,0,0,0,0,0,0,0,0,0,0,0,0,0,0,0,0,0,0,0,0,0,0,0,0,0,0,0,0,0,0,0,0,0,0,0,0,0,0,0,0,0,0,0
334,2024-02-01,2024-02-29,T,T,T,intersex,90,1933-11-01,Missing,Missing,343,E54000086,North West,0,0,0,0,0,0,0,0,0,0,0,0,0,0,0,0,0,0,0,0,0,0,0,0,0,0,0,0,0,0,0,0,0,0,0,0,0,0,0,0,0,0,0,0,0,0,0,0,0,0,0,0,0,0,0,0,0,0,0,0,0,0,0,0,0,,,,,0,F,F,F,F,F,F,F,F,T,T,T,T,T,F,T,0,0,F,0,F,0,F,0,F,0,F,0,F,0,F,0,F,0,F,0,F,0,F,0,F,0,0,0,0,0,0,0,0,0,0,0,0,0,0,0,0,0,0,0,0,0,0,0,0,0,0,0,0,0,0,0,0,0,0,0,0,0,0,0,0,0,0,0,0,0,0,0,0,0,0,0,0,0,0,0,0,0,0,0,0,0,0,0,0,0,0,0,0,0,0,0,0,0,0,0,0,0,0,0,0,0,0,0,0,0,0,0,0,0,0,0,0,0,0
335,2024-02-01,2024-02-29,T,T,T,unknown,115,1909-02-01,Missing,Missing,707,E54000068,Yorkshire and The Humber,0,0,0,0,0,0,0,0,0,0,0,0,0,0,0,0,0,0,0,0,0,0,0,0,0,0,0,0,0,0,0,0,0,0,0,0,0,0,0,0,0,0,0,0,0,0,0,0,0,0,0,0,0,0,0,0,0,0,0,0,0,0,0,0,0,,,,,0,F,F,F,F,F,F,F,F,T,T,T,T,T,F,T,0,0,F,0,F,0,F,0,F,0,F,0,F,0,F,0,F,0,F,0,F,0,F,0,F,0,0,0,0,0,0,0,0,0,0,0,0,0,0,0,0,0,0,0,0,0,0,0,0,0,0,0,0,0,0,0,0,0,0,0,0,0,0,0,0,0,0,0,0,0,0,0,0,0,0,0,0,0,0,0,0,0,0,0,0,0,0,0,0,0,0,0,0,0,0,0,0,0,0,0,1,0,1,1,0,1,0,0,0,0,0,0,0,0,0,0,0,0,1
336,2024-02-01,2024-02-29,T,T,T,female,113,1910-12-01,Missing,All other ethnic groups,280,E54000024,East,0,0,0,0,0,0,0,0,0,0,0,0,0,0,0,0,0,0,0,0,0,0,0,0,0,0,0,0,0,0,0,0,0,0,0,0,0,0,0,0,0,0,0,0,0,0,0,0,0,0,0,0,0,0,0,0,0,0,0,0,0,0,0,0,0,,,,,0,F,F,F,F,F,F,F,F,T,T,T,T,T,F,T,0,0,F,0,F,0,F,0,F,0,F,0,F,0,F,0,F,0,F,0,F,0,F,0,F,0,0,0,0,0,0,0,0,0,0,0,0,0,0,0,0,0,0,0,0,0,0,0,0,0,0,0,0,0,0,0,0,0,0,0,0,0,0,0,0,0,0,0,0,0,0,0,0,0,0,0,0,0,0,0,0,0,0,0,0,0,0,0,0,0,0,0,0,0,0,0,0,0,0,0,0,0,0,0,0,0,0,0,0,0,0,0,0,0,0,0,0,0,0
337,2024-02-01,2024-02-29,T,T,T,female,112,1911-12-01,Missing,Other South Asian,137,E54000070,South West,0,0,0,0,0,0,0,0,0,0,0,0,0,0,0,0,0,0,0,0,0,0,0,0,0,0,0,0,0,0,0,0,0,0,0,0,0,0,0,0,0,0,0,0,0,0,0,0,0,0,0,0,0,0,0,0,0,0,0,0,0,0,0,0,0,,2024-05-27,,,0,F,F,F,F,F,F,F,F,T,T,T,T,T,F,T,0,0,F,0,F,0,F,0,F,0,F,0,F,0,F,0,F,0,F,0,F,0,F,0,F,0,0,0,0,0,0,0,0,0,0,0,0,0,0,0,0,0,0,0,0,0,0,0,0,0,0,0,0,0,0,0,0,0,0,0,0,0,0,0,0,0,0,0,0,0,0,0,0,0,0,0,0,0,0,0,0,0,0,0,0,0,0,0,0,0,0,0,0,0,0,0,0,0,0,0,0,0,0,0,0,0,0,0,0,0,0,0,0,0,0,0,0,0,0
338,2024-02-01,2024-02-29,T,T,T,male,25,1998-04-01,5 (Least Deprived),Missing,445,E54000013,South East,0,0,0,0,0,0,0,0,0,0,0,0,0,0,0,0,0,0,0,0,0,0,0,0,0,0,0,0,0,0,0,0,0,0,0,0,0,0,0,0,0,0,0,0,0,0,0,0,0,0,0,0,0,0,0,0,0,0,0,0,0,0,0,0,0,,,,,0,F,F,F,F,F,F,F,F,T,T,T,T,T,F,T,0,0,F,0,F,0,F,0,F,0,F,0,F,0,F,0,F,0,F,0,F,0,F,0,F,0,0,0,0,0,0,0,0,0,0,0,0,0,0,0,0,0,0,0,0,0,0,0,0,0,0,0,0,0,0,0,0,0,0,0,0,0,0,0,0,0,0,0,0,0,0,0,0,0,0,0,0,0,0,0,0,0,0,0,0,0,0,0,0,0,0,0,0,0,0,0,0,0,0,0,0,0,0,0,0,0,0,0,0,0,0,0,0,0,0,0,0,0,0
339,2024-02-01,2024-02-29,T,T,T,female,12,2011-03-01,3,All other ethnic groups,912,E54000042,London,0,0,0,0,0,0,0,0,0,0,0,0,0,0,0,0,0,0,0,0,0,0,0,0,0,0,0,0,0,0,0,0,0,0,0,0,0,0,0,0,0,0,0,0,0,0,0,0,0,0,0,0,0,0,0,0,0,0,0,0,0,0,0,0,0,,,,,0,F,F,F,F,F,F,F,T,T,T,T,F,T,F,T,0,0,F,0,F,0,F,0,F,0,F,0,F,0,F,0,F,0,F,0,F,0,F,0,F,0,0,0,0,0,0,0,0,0,0,0,0,0,0,0,0,0,0,0,0,0,0,0,0,0,0,0,0,0,0,0,0,0,0,0,0,0,0,0,0,0,0,0,0,0,0,0,0,0,0,0,0,0,0,0,0,0,0,0,0,0,0,0,0,0,0,0,0,0,0,0,0,0,0,0,0,0,0,0,0,0,0,0,0,0,0,0,0,0,0,0,0,0,0
340,2024-02-01,2024-02-29,T,T,T,male,64,1959-08-01,Missing,Missing,81,E54000092,North West,0,0,0,0,0,0,0,0,0,0,0,0,0,0,0,0,0,0,0,0,0,0,0,0,0,0,0,0,0,0,0,0,0,0,0,0,0,0,0,0,0,0,0,0,0,0,0,0,0,0,0,0,0,0,0,0,0,0,0,0,0,0,0,0,0,,,,,0,F,F,F,F,F,F,F,F,T,T,T,T,T,F,T,0,0,F,0,F,0,F,0,F,0,F,0,F,0,F,0,F,0,F,0,F,0,F,0,F,0,0,0,0,0,0,0,0,0,0,0,0,0,0,0,0,0,0,0,0,0,0,0,0,0,0,0,0,0,0,0,0,0,0,0,0,0,0,0,0,0,0,0,0,0,0,0,0,0,0,0,0,0,0,0,0,0,0,0,0,0,0,0,0,0,0,0,0,0,0,0,0,0,0,0,0,0,0,0,0,0,0,0,0,0,0,0,0,0,0,0,0,0,0
341,2024-02-01,2024-02-29,T,T,T,female,100,1923-11-01,Missing,Missing,225,E54000079,Missing,0,0,0,0,0,0,0,0,0,0,0,0,0,0,0,0,0,0,0,0,0,0,0,0,0,0,0,0,0,0,0,0,0,0,0,0,0,0,0,0,0,0,0,0,0,0,0,0,0,0,0,0,0,0,0,0,0,0,0,0,0,0,0,0,0,,,,,0,F,F,F,F,F,F,F,F,T,T,T,T,T,F,T,0,0,F,0,F,0,F,0,F,0,F,0,F,0,F,0,F,0,F,0,F,0,F,0,F,0,0,0,0,0,0,0,0,0,0,0,0,0,0,0,0,0,0,0,0,0,0,0,0,0,0,0,0,0,0,0,0,0,0,0,0,0,0,0,0,0,0,0,0,0,0,0,0,0,0,0,0,0,0,0,0,0,0,0,0,0,0,0,0,0,0,0,0,0,0,0,0,0,0,0,0,0,0,0,0,0,0,0,0,0,0,0,0,0,0,0,0,0,0
342,2024-02-01,2024-02-29,T,T,T,female,81,1942-12-01,Missing,Other Black,982,E54000038,South West,0,0,0,0,0,0,0,0,0,0,0,0,0,0,0,0,0,0,0,0,0,0,0,0,0,0,0,0,0,0,0,0,0,0,0,0,0,0,0,0,0,0,0,0,0,0,0,0,0,0,0,0,0,0,0,0,0,0,0,0,0,0,0,0,0,,,,,0,F,F,F,F,F,F,F,F,T,T,T,T,T,F,T,0,0,F,0,F,0,F,0,F,0,F,0,F,0,F,0,F,0,F,0,F,0,F,0,F,0,0,0,0,0,0,0,0,0,0,0,0,0,0,0,0,0,0,0,0,0,0,0,0,0,0,0,0,0,0,0,0,0,0,0,0,0,0,0,0,0,0,0,0,0,0,0,0,0,0,0,0,0,0,0,0,0,0,0,0,0,0,0,0,0,0,0,0,0,0,0,0,0,0,0,0,0,0,0,0,0,0,0,0,0,0,0,0,0,0,0,0,0,0
343,2024-02-01,2024-02-29,T,T,T,female,80,1943-12-01,Missing,Other Black,123,E54000084,Yorkshire and The Humber,0,0,0,0,0,0,0,0,0,0,0,0,0,0,0,0,0,0,0,0,0,0,0,0,0,0,0,0,0,0,0,0,0,0,0,0,0,0,0,0,0,0,0,0,0,0,0,0,0,0,0,0,0,0,0,0,0,0,0,0,0,0,0,0,0,,,,,0,F,F,F,F,F,F,F,F,T,T,T,T,T,F,T,0,0,F,0,F,0,F,0,F,0,F,0,F,0,F,0,F,0,F,0,F,0,F,0,F,0,0,0,0,0,0,0,0,0,0,0,0,0,0,0,0,0,0,0,0,0,0,0,0,0,0,0,0,0,0,0,0,0,0,0,0,0,0,0,0,0,0,0,0,0,0,0,0,0,0,0,0,0,0,0,0,0,0,0,0,0,0,0,0,0,0,0,0,0,0,0,0,0,0,0,0,0,0,0,0,0,0,0,0,0,0,0,0,0,0,0,0,0,0
344,2024-02-01,2024-02-29,T,T,T,male,102,1922-01-01,Missing,Caribbean,971,E54000015,Missing,0,0,0,0,0,0,0,0,0,0,0,0,0,0,0,0,0,0,0,0,0,0,0,0,0,0,0,0,0,0,0,0,0,0,0,0,0,0,0,0,0,0,0,0,0,0,0,0,0,0,0,0,0,0,0,0,0,0,0,0,0,0,0,0,0,,,,,0,F,F,F,F,F,F,F,F,T,T,T,T,T,F,T,0,0,F,0,F,0,F,0,F,0,F,0,F,0,F,0,F,0,F,0,F,0,F,0,F,0,0,0,0,0,0,0,0,0,0,0,0,0,0,0,0,0,0,0,0,0,0,0,0,0,0,0,0,0,0,0,0,0,0,0,0,0,0,0,0,0,0,0,0,0,0,0,0,0,0,0,0,0,0,0,0,0,0,0,0,0,0,0,0,0,0,0,0,0,0,0,0,0,0,0,0,0,0,0,0,0,0,0,0,0,0,0,0,0,0,0,0,0,0
345,2024-02-01,2024-02-29,T,T,T,intersex,113,1910-08-01,Missing,Missing,582,E54000042,South East,0,0,0,0,0,0,0,0,0,0,0,0,0,0,0,0,0,0,0,0,0,0,0,0,0,0,0,0,0,0,0,0,0,0,0,0,0,0,0,0,0,0,0,0,0,0,0,0,0,0,0,0,0,0,0,0,0,0,0,0,0,0,0,0,0,,,,,0,F,F,F,F,F,F,F,F,T,T,T,T,T,F,T,0,0,F,0,F,0,F,0,F,0,F,0,F,0,F,0,F,0,F,0,F,0,F,0,F,0,0,0,0,0,0,0,0,0,0,0,0,0,0,0,0,0,0,0,0,0,0,0,0,0,0,0,0,0,0,0,0,0,0,0,0,0,0,0,0,0,0,0,0,0,0,0,0,0,0,0,0,0,0,0,0,0,0,0,0,0,0,0,0,0,0,0,0,0,0,0,0,0,0,0,0,0,0,0,0,0,0,0,0,0,0,0,0,0,0,0,0,0,0
346,2024-02-01,2024-02-29,T,T,T,female,4,2019-12-01,Missing,Missing,592,E54000060,North West,0,0,0,0,0,0,0,0,0,0,0,0,0,0,0,0,0,0,0,0,0,0,0,0,0,0,0,0,0,0,0,0,0,0,0,0,0,0,0,0,0,0,0,0,0,0,0,0,0,0,0,0,0,0,0,0,0,0,0,0,0,0,0,0,0,,,,,0,F,F,F,F,F,F,F,T,F,F,T,F,T,F,T,0,0,F,0,F,0,F,0,F,0,F,0,F,0,F,0,F,0,F,0,F,0,F,0,F,0,0,0,0,0,0,0,0,0,0,0,0,0,0,0,0,0,0,0,0,0,0,0,0,0,0,0,0,0,0,0,0,0,0,0,0,0,0,0,0,0,0,0,0,0,0,0,0,0,0,0,0,0,0,0,0,0,0,0,0,0,0,0,0,0,0,0,0,0,0,0,0,0,0,0,0,0,0,0,0,0,0,0,0,0,0,0,0,0,0,0,0,0,0
347,2024-02-01,2024-02-29,T,T,T,unknown,102,1921-05-01,Missing,Missing,642,E54000040,London,0,0,0,0,0,0,0,0,0,0,0,0,0,0,0,0,0,0,0,0,0,0,0,0,0,0,0,0,0,0,0,0,0,0,0,0,0,0,0,0,0,0,0,0,0,0,0,0,0,0,0,0,0,0,0,0,0,0,0,0,0,0,0,0,0,,,,,0,F,F,F,F,F,F,F,F,T,T,T,T,T,F,T,0,0,F,0,F,0,F,0,F,0,F,0,F,0,F,0,F,0,F,0,F,0,F,0,F,0,0,0,0,0,0,0,0,0,0,0,0,0,0,0,0,0,0,0,0,0,0,0,0,0,0,0,0,0,0,0,0,0,0,0,0,0,0,0,0,0,0,0,0,0,0,0,0,0,0,0,0,0,0,0,0,0,0,0,0,0,0,0,0,0,0,0,0,0,0,0,0,0,0,0,0,0,0,0,0,0,0,0,0,0,0,0,0,0,0,0,0,0,0
348,2024-02-01,2024-02-29,T,T,T,unknown,8,2015-03-01,Missing,Missing,673,E54000001,North West,0,0,0,0,0,0,0,0,0,0,0,0,0,0,0,0,0,0,0,0,0,0,0,0,0,0,0,0,0,0,0,0,0,0,0,0,0,0,0,0,0,0,0,0,0,0,0,0,0,0,0,0,0,0,0,0,0,0,0,0,0,0,0,0,0,,,,,0,F,F,F,F,F,F,F,T,F,T,T,F,T,F,T,0,0,F,0,F,0,F,0,F,0,F,0,F,0,F,0,F,0,F,0,F,0,F,0,F,0,0,0,0,0,0,0,0,0,0,0,0,0,0,0,0,0,0,0,0,0,0,0,0,0,0,0,0,0,0,0,0,0,0,0,0,0,0,0,0,0,0,0,0,0,0,0,0,0,0,0,0,0,0,0,0,0,0,0,0,0,0,0,0,0,0,0,0,0,0,0,0,0,0,0,0,0,0,0,0,0,0,0,0,0,0,0,0,0,0,0,0,0,0
349,2024-02-01,2024-02-29,T,T,T,intersex,42,1981-03-01,Missing,All other ethnic groups,444,E54000013,South West,0,0,0,0,0,0,0,0,0,0,0,0,0,0,0,0,0,0,0,0,0,0,0,0,0,0,0,0,0,0,0,0,0,0,0,0,0,0,0,0,0,0,0,0,0,0,0,0,0,0,0,0,0,0,0,0,0,0,0,0,0,0,0,0,0,,,,,0,F,F,F,F,F,F,F,F,T,T,T,T,T,F,T,0,0,F,0,F,0,F,0,F,0,F,0,F,0,F,0,F,0,F,0,F,0,F,0,F,0,0,0,0,0,0,0,0,0,0,0,0,0,0,0,0,0,0,0,0,0,0,0,0,0,0,0,0,0,0,0,0,0,0,0,0,0,0,0,0,0,0,0,0,0,0,0,0,0,0,0,0,0,0,0,0,0,0,0,0,0,0,0,0,0,0,0,0,0,0,0,0,0,0,0,0,0,0,0,0,0,0,0,0,0,0,0,0,0,0,0,0,0,0
350,2024-02-01,2024-02-29,T,T,T,female,89,1934-07-01,Missing,Missing,265,E54000008,London,0,0,0,0,0,0,0,0,0,0,0,0,0,0,0,0,0,0,0,0,0,0,0,0,0,0,0,0,0,0,0,0,0,0,0,0,0,0,0,0,0,0,0,0,0,0,0,0,0,0,0,0,0,0,0,0,0,0,0,0,0,0,0,0,0,,,,,0,F,F,F,F,F,F,F,F,T,T,T,T,T,F,T,0,0,F,0,F,0,F,0,F,0,F,0,F,0,F,0,F,0,F,0,F,0,F,0,F,0,0,0,0,0,0,0,0,0,0,0,0,0,0,0,0,0,0,0,0,0,0,0,0,0,0,0,0,0,0,0,0,0,0,0,0,0,0,0,0,0,0,0,0,0,0,0,0,0,0,0,0,0,0,0,0,0,0,0,0,0,0,0,0,0,0,0,0,0,0,0,0,0,0,0,0,0,0,0,0,0,0,0,0,0,0,0,0,0,0,0,0,0,0
351,2024-02-01,2024-02-29,T,T,T,unknown,101,1923-02-01,Missing,Other South Asian,241,E54000000,Missing,0,0,0,0,0,0,0,0,0,0,0,0,0,0,0,0,0,0,0,0,0,0,0,0,0,0,0,0,0,0,0,0,0,0,0,0,0,0,0,0,0,0,0,0,0,0,0,0,0,0,0,0,0,0,0,0,0,0,0,0,0,0,0,0,0,,,,,0,F,F,F,F,F,F,F,F,T,T,T,T,T,F,T,0,0,F,0,F,0,F,0,F,0,F,0,F,0,F,0,F,0,F,0,F,0,F,0,F,0,0,0,0,0,0,0,0,0,0,0,0,0,0,0,0,0,0,0,0,0,0,0,0,0,0,0,0,0,0,0,0,0,0,0,0,0,0,0,0,0,0,0,0,0,0,0,0,0,0,0,0,0,0,0,0,0,0,0,0,0,0,0,0,0,0,0,0,0,0,0,0,0,0,0,0,0,0,0,0,0,0,0,0,0,0,0,0,0,0,0,0,0,0
352,2024-02-01,2024-02-29,T,T,T,intersex,93,1930-09-01,Missing,Missing,663,E54000016,Missing,0,0,0,0,0,0,0,0,0,0,0,0,0,0,0,0,0,0,0,0,0,0,0,0,0,0,0,0,0,0,0,0,0,0,0,0,0,0,0,0,0,0,0,0,0,0,0,0,0,0,0,0,0,0,0,0,0,0,0,0,0,0,0,0,0,,,,,0,F,F,F,F,F,F,F,F,T,T,T,T,T,F,T,0,0,F,0,F,0,F,0,F,0,F,0,F,0,F,0,F,0,F,0,F,0,F,0,F,0,0,0,0,0,0,0,0,0,0,0,0,0,0,0,0,0,0,0,0,0,0,0,0,0,0,0,0,0,0,0,0,0,0,0,0,0,0,0,0,0,0,0,0,0,0,0,0,0,0,0,0,0,0,0,0,0,0,0,0,0,0,0,0,0,0,0,0,0,0,0,0,0,0,0,0,0,0,0,0,0,0,0,0,0,0,0,0,0,0,0,0,0,0
353,2024-02-01,2024-02-29,T,T,T,female,113,1910-03-01,Missing,Missing,265,E54000026,Missing,0,0,0,0,0,0,0,0,0,0,0,0,0,0,0,0,0,0,0,0,0,0,0,0,0,0,0,0,0,0,0,0,0,0,0,0,0,0,0,0,0,0,0,0,0,0,0,0,0,0,0,0,0,0,0,0,0,0,0,0,0,0,0,0,0,,,,,0,F,F,F,F,F,F,F,F,T,T,T,T,T,F,T,0,0,F,0,F,0,F,0,F,0,F,0,F,0,F,0,F,0,F,0,F,0,F,0,F,0,0,0,0,0,0,0,0,0,0,0,0,0,0,0,0,0,0,0,0,0,0,0,0,0,0,0,0,0,0,0,0,0,0,0,0,0,0,0,0,0,0,0,0,0,0,0,0,0,0,0,0,0,0,0,0,0,0,0,0,0,0,0,0,0,0,0,0,0,0,0,0,0,0,0,0,0,0,0,0,0,0,0,0,0,0,0,0,0,0,0,0,0,0
354,2024-02-01,2024-02-29,T,T,T,male,99,1924-09-01,Missing,Caribbean,63,E54000032,East,0,0,0,0,0,0,0,0,0,0,0,0,0,0,0,0,0,0,0,0,0,0,0,0,0,0,0,0,0,0,0,0,0,0,0,0,0,0,0,0,0,0,0,0,0,0,0,0,0,0,0,0,0,0,0,0,0,0,0,0,0,0,0,0,0,,,,,0,F,F,F,F,F,F,F,F,T,T,T,T,T,F,T,0,0,F,0,F,0,F,0,F,0,F,0,F,0,F,0,F,0,F,0,F,0,F,0,F,0,0,0,0,0,0,0,0,0,0,0,0,0,0,0,0,0,0,0,0,0,0,0,0,0,0,0,0,0,0,0,0,0,0,0,0,0,0,0,0,0,0,0,0,0,0,0,0,0,0,0,0,0,0,0,0,0,0,0,0,0,0,0,0,0,0,0,0,0,0,0,0,0,0,0,0,0,0,0,0,0,0,0,0,0,0,0,0,0,0,0,0,0,0
355,2024-02-01,2024-02-29,T,T,T,unknown,58,1965-07-01,Missing,Other White,487,E54000019,Missing,0,0,0,0,0,0,0,0,0,0,0,0,0,0,0,0,0,0,0,0,0,0,0,0,0,0,0,0,0,0,0,0,0,0,0,0,0,0,0,0,0,0,0,0,0,0,0,0,0,0,0,0,0,0,0,0,0,0,0,0,0,0,0,0,0,,,,,0,F,F,F,F,F,F,F,F,T,T,T,T,T,F,T,0,0,F,0,F,0,F,0,F,0,F,0,F,0,F,0,F,0,F,0,F,0,F,0,F,0,0,0,0,0,0,0,0,0,0,0,0,0,0,0,0,0,0,0,0,0,0,0,0,0,0,0,0,0,0,0,0,0,0,0,0,0,0,0,0,0,0,0,0,0,0,0,0,0,0,0,0,0,0,0,0,0,0,0,0,0,0,0,0,0,0,0,0,0,0,0,0,0,0,0,0,0,0,0,0,0,0,0,0,0,0,0,0,0,0,0,0,0,0
356,2024-02-01,2024-02-29,T,T,T,male,86,1937-05-01,Missing,Indian,866,E54000058,East,0,0,0,0,0,0,0,0,0,0,0,0,0,0,0,0,0,0,0,0,0,0,0,0,0,0,0,0,0,0,0,0,0,0,0,0,0,0,0,0,0,0,0,0,0,0,0,0,0,0,0,0,0,0,0,0,0,0,0,0,0,0,0,0,0,2023-10-19,,,,0,F,F,F,F,F,F,F,F,T,T,T,T,T,F,T,0,0,F,0,F,0,F,0,F,0,F,0,F,0,F,0,F,0,F,0,F,0,F,0,F,0,0,0,0,0,0,0,0,0,0,0,0,0,0,0,0,0,0,0,0,0,0,0,0,0,0,0,0,0,0,0,0,0,0,0,0,0,0,0,0,0,0,0,0,0,0,0,0,0,0,0,0,0,0,0,0,0,0,0,0,0,0,0,0,0,0,0,0,0,0,0,0,0,0,0,0,0,0,0,0,0,0,0,0,0,0,0,0,0,0,0,0,0,0
357,2024-02-01,2024-02-29,T,T,T,female,35,1988-03-01,Missing,Other White,344,E54000058,London,0,0,0,0,0,0,0,0,0,0,0,0,0,0,0,0,0,0,0,0,0,0,0,0,0,0,0,0,0,0,0,0,0,0,0,0,0,0,0,0,0,0,0,0,0,0,0,0,0,0,0,0,0,0,0,0,0,0,0,0,0,0,0,0,0,,,,,0,F,F,F,F,F,F,F,F,T,T,T,T,T,T,T,0,0,F,0,F,0,F,0,F,0,F,0,F,0,F,0,F,0,F,0,F,0,F,0,F,0,0,0,0,0,0,0,0,0,0,0,0,0,0,0,0,0,0,0,0,0,0,0,0,0,0,0,0,0,0,0,0,0,0,0,0,0,0,0,0,0,0,0,0,0,0,0,0,0,0,0,0,0,0,0,0,0,0,0,0,0,0,0,0,0,0,0,0,0,0,0,0,0,0,0,0,0,0,0,0,0,0,0,0,0,0,0,0,0,0,0,0,0,0
358,2024-02-01,2024-02-29,T,T,T,female,32,1991-08-01,Missing,Bangladeshi,804,E54000094,Missing,0,0,0,0,0,0,0,0,0,0,0,0,0,0,0,0,0,0,0,0,0,0,0,0,0,0,0,0,0,0,0,0,0,0,0,0,0,0,0,0,0,0,0,0,0,0,0,0,0,0,0,0,0,0,0,0,0,0,0,0,0,0,0,0,0,,,,,0,F,F,F,F,F,F,F,F,T,T,T,T,T,T,T,1,0,T,0,T,0,T,0,T,0,T,0,F,0,T,0,F,1,T,0,T,1,T,0,F,0,0,0,0,0,0,0,0,0,0,0,0,0,0,0,0,0,0,0,0,0,0,0,0,0,0,0,0,0,0,0,1,0,1,0,1,0,0,0,0,0,0,0,1,0,1,0,0,0,0,0,0,0,0,0,0,0,0,0,0,0,0,0,0,0,0,0,0,0,0,0,0,0,0,0,0,0,0,0,0,0,0,0,0,0,0,0,0,0,0,0,0,0,0
359,2024-02-01,2024-02-29,T,T,T,male,8,2015-03-01,Missing,Missing,688,E54000073,Missing,0,0,0,0,0,0,0,0,0,0,0,0,0,0,0,0,0,0,0,0,0,0,0,0,0,0,0,0,0,0,0,0,0,0,0,0,0,0,0,0,0,0,0,0,0,0,0,0,0,0,0,0,0,0,0,0,0,0,0,0,0,0,0,0,0,,,,,0,F,F,F,F,F,F,F,T,F,T,T,F,T,F,T,0,0,F,0,F,0,F,0,F,0,F,0,F,0,F,0,F,0,F,0,F,0,F,0,F,0,0,0,0,0,0,0,0,0,0,0,0,0,0,0,0,0,0,0,0,0,0,0,0,0,0,0,0,0,0,0,0,0,0,0,0,0,0,0,0,0,0,0,0,0,0,0,0,0,0,0,0,0,0,0,0,0,0,0,0,0,0,0,0,0,0,0,0,0,0,0,0,0,0,0,0,0,0,0,0,0,0,0,0,0,0,0,0,0,0,0,0,0,0
360,2024-02-01,2024-02-29,T,T,T,female,3,2021-01-01,3,Missing,68,E54000093,South West,0,0,0,0,0,0,0,0,0,0,0,0,0,0,0,0,0,0,0,0,0,0,0,0,0,0,0,0,0,0,0,0,0,0,0,0,0,0,0,0,0,0,0,0,0,0,0,0,0,0,0,0,0,0,0,0,0,0,0,0,0,0,0,0,0,2023-12-13,,,,0-R,F,F,F,F,F,F,F,T,F,F,T,F,T,F,T,0,0,F,0,F,0,F,0,F,0,F,0,F,0,F,0,F,0,F,0,F,0,F,0,F,1,0,0,0,0,0,0,0,0,0,0,0,0,0,0,0,0,0,0,0,0,0,0,0,0,0,0,0,0,0,0,0,0,0,0,0,0,0,0,0,0,0,0,0,0,0,0,0,0,0,0,0,0,0,0,0,0,0,0,0,0,0,0,0,0,0,0,0,0,0,0,0,0,0,0,0,0,0,0,0,0,0,0,0,0,0,0,0,0,0,0,0,0,0
361,2024-02-01,2024-02-29,T,T,T,male,108,1915-06-01,Missing,Missing,713,E54000020,Missing,0,0,0,0,0,0,0,0,0,0,0,0,0,0,0,0,0,0,0,0,0,0,0,0,0,0,0,0,0,0,0,0,0,0,0,0,0,0,0,0,0,0,0,0,0,0,0,0,0,0,0,0,0,0,0,0,0,0,0,0,0,0,0,0,0,,,,,0,F,F,F,F,F,F,F,F,T,T,T,T,T,F,T,0,0,F,0,F,0,F,0,F,0,F,0,F,0,F,0,F,0,F,0,F,0,F,0,F,0,0,0,0,0,0,0,0,0,0,0,0,0,0,0,0,0,0,0,0,0,0,0,0,0,0,0,0,0,0,0,0,0,0,0,0,0,0,0,0,0,0,0,0,0,0,0,0,0,0,0,0,0,0,0,0,0,0,0,0,0,0,0,0,0,0,0,0,0,0,0,0,0,0,0,0,0,0,0,0,0,0,0,0,0,0,0,0,0,0,0,0,0,0
362,2024-02-01,2024-02-29,T,T,T,intersex,3,2020-05-01,3,Caribbean,694,E54000040,Missing,0,0,0,0,0,0,0,0,0,0,0,0,0,0,0,0,0,0,0,0,0,0,0,0,0,0,0,0,0,0,0,0,0,0,0,0,0,0,0,0,0,0,0,0,0,0,0,0,0,0,0,0,0,0,0,0,0,0,0,0,0,0,0,0,0,,,,,0,F,F,F,F,F,F,F,T,F,F,T,F,T,F,T,0,0,F,0,F,0,F,0,F,0,F,0,F,0,F,0,F,0,F,0,F,0,F,0,F,0,0,0,0,0,0,0,0,0,0,0,0,0,0,0,0,0,0,0,0,0,0,0,0,0,0,0,0,0,0,0,0,0,0,0,0,0,0,0,0,0,0,0,0,0,0,0,0,0,0,0,0,0,0,0,0,0,0,0,0,0,0,0,0,0,0,0,0,0,0,0,0,0,0,0,0,0,0,0,0,0,0,0,0,0,0,0,0,0,0,0,0,0,0
363,2024-02-01,2024-02-29,T,T,T,female,77,1946-03-01,Missing,Missing,701,E54000090,Missing,0,0,0,0,0,0,0,0,0,0,0,0,0,0,0,0,0,0,0,0,0,0,0,0,0,0,0,0,0,0,0,0,0,0,0,0,0,0,0,0,0,0,0,0,0,0,0,0,0,0,0,0,0,0,0,0,0,0,0,0,0,0,0,0,0,,,,,0,F,F,F,F,F,F,F,F,T,T,T,T,T,F,T,0,0,F,0,F,0,F,0,F,0,F,0,F,0,F,0,F,0,F,0,F,0,F,0,F,0,0,0,0,0,0,0,0,0,0,0,0,0,0,0,0,0,0,0,0,0,0,0,0,0,0,0,0,0,0,0,0,0,0,0,0,0,0,0,0,0,0,0,0,0,0,0,0,0,0,0,0,0,0,0,0,0,0,0,0,0,0,0,0,0,0,0,0,0,0,0,0,0,0,0,0,0,0,0,0,0,0,0,0,0,0,0,0,0,0,0,0,0,0
364,2024-02-01,2024-02-29,T,T,T,female,119,1904-12-01,Missing,Missing,467,E54000072,West Midlands,0,0,0,0,0,0,0,0,0,0,0,0,0,0,0,0,0,0,0,0,0,0,0,0,0,0,0,0,0,0,0,0,0,0,0,0,0,0,0,0,0,0,0,0,0,0,0,0,0,0,0,0,0,0,0,0,0,0,0,0,0,0,0,0,0,,,,,0,F,F,F,F,F,F,F,F,T,T,T,T,T,F,T,0,0,F,0,F,0,F,0,F,0,F,0,F,0,F,0,F,0,F,0,F,0,F,0,F,0,0,0,0,0,0,0,0,0,0,0,0,0,0,0,0,0,0,0,0,0,0,0,0,0,0,0,0,0,0,0,0,0,0,0,0,0,0,0,0,0,0,0,0,0,0,0,0,0,0,0,0,0,0,0,0,0,0,0,0,0,0,0,0,0,0,0,0,0,0,0,0,0,0,0,0,0,0,0,0,0,0,0,0,0,0,0,0,0,0,0,0,0,0
365,2024-02-01,2024-02-29,T,T,T,male,74,1949-06-01,Missing,White and Caribbean,18,E54000034,North East,0,0,0,0,0,0,0,0,0,0,0,0,0,0,0,0,0,0,0,0,0,0,0,0,0,0,0,0,0,0,0,0,0,0,0,0,0,0,0,0,0,0,0,0,0,0,0,0,0,0,0,0,0,0,0,0,0,0,0,0,0,0,0,0,0,,,,,0,F,F,F,F,F,F,F,F,T,T,T,T,T,F,T,0,0,F,0,F,0,F,0,F,0,F,0,F,0,F,0,F,0,F,0,F,0,F,0,F,0,0,0,0,0,0,0,0,0,0,0,0,0,0,0,0,0,0,0,0,0,0,0,0,0,0,0,0,0,0,0,0,0,0,0,0,0,0,0,0,0,0,0,0,0,0,0,0,0,0,0,0,0,0,0,0,0,0,0,0,0,0,0,0,0,0,0,0,0,0,0,0,0,0,0,0,0,0,0,0,0,0,0,0,0,0,0,0,0,0,0,0,0,0
366,2024-02-01,2024-02-29,T,T,T,intersex,82,1942-01-01,Missing,Missing,746,E54000019,North West,0,0,0,0,0,0,0,0,0,0,0,0,0,0,0,0,0,0,0,0,0,0,0,0,0,0,0,0,0,0,0,0,0,0,0,0,0,0,0,0,0,0,0,0,0,0,0,0,0,0,0,0,0,0,0,0,0,0,0,0,0,0,0,0,0,,,,,0,F,F,F,F,F,F,F,F,T,T,T,T,T,F,T,0,0,F,0,F,0,F,0,F,0,F,0,F,0,F,0,F,0,F,0,F,0,F,0,F,0,0,0,0,0,0,0,0,0,0,0,0,0,0,0,0,0,0,0,0,0,0,0,0,0,0,0,0,0,0,0,0,0,0,0,0,0,0,0,0,0,0,0,0,0,0,0,0,0,0,0,0,0,0,0,0,0,0,0,0,0,0,0,0,0,0,0,0,0,0,0,0,0,0,0,0,0,0,0,0,0,0,0,0,0,0,0,0,0,0,0,0,0,0
367,2024-02-01,2024-02-29,T,T,T,female,50,1973-04-01,Missing,Other South Asian,478,E54000092,Missing,0,0,0,0,0,0,0,0,0,0,0,0,0,0,0,0,0,0,0,0,0,0,0,0,0,0,0,0,0,0,0,0,0,0,0,0,0,0,0,0,0,0,0,0,0,0,0,0,0,0,0,0,0,0,0,0,0,0,0,0,0,0,0,0,0,,,,,0,F,F,F,F,F,F,F,F,T,T,T,T,T,T,T,0,0,F,0,F,0,F,0,F,0,F,0,F,0,F,0,F,0,F,0,F,0,F,0,F,0,0,0,0,0,0,0,0,0,0,0,0,0,0,0,0,0,0,0,0,0,0,0,0,0,0,0,0,0,0,0,0,0,0,0,0,0,0,0,0,0,0,0,0,0,0,0,0,0,0,0,0,0,0,0,0,0,0,0,0,0,0,0,0,0,0,0,0,0,0,0,0,0,0,0,0,0,0,0,0,0,0,0,0,0,0,0,0,0,0,0,0,0,0
369,2024-02-01,2024-02-29,T,T,T,unknown,119,1905-01-01,Missing,Missing,552,E54000004,South West,0,0,0,0,0,0,0,0,0,0,0,0,0,0,0,0,0,0,0,0,0,0,0,0,0,0,0,0,0,0,0,0,0,0,0,0,0,0,0,0,0,0,0,0,0,0,0,0,0,0,0,0,0,0,0,0,0,0,0,0,0,0,0,0,0,,,,,0,F,F,F,F,F,F,F,F,T,T,T,T,T,F,T,0,0,F,0,F,0,F,0,F,0,F,0,F,0,F,0,F,0,F,0,F,0,F,0,F,0,0,0,0,0,0,0,0,0,0,0,0,0,0,0,0,0,0,0,0,0,0,0,0,0,0,0,0,0,0,0,0,0,0,0,0,0,0,0,0,0,0,0,0,0,0,0,0,0,0,0,0,0,0,0,0,0,0,0,0,0,0,0,0,0,0,0,0,0,0,0,0,0,0,0,0,0,0,0,0,0,0,0,0,0,0,0,0,0,0,0,0,0,0
370,2024-02-01,2024-02-29,T,T,T,female,10,2014-01-01,2,Other South Asian,603,E54000002,North East,0,0,0,0,0,0,0,0,0,0,0,0,0,0,0,0,0,0,0,0,0,0,0,0,0,0,0,0,0,0,0,0,0,0,0,0,0,0,0,0,0,0,0,0,0,0,0,0,0,0,0,0,0,0,0,0,0,0,0,0,0,0,0,0,0,,,,,0,F,F,F,F,F,F,F,T,F,T,T,F,T,F,T,0,0,F,0,F,0,F,0,F,0,F,0,F,0,F,0,F,0,F,0,F,0,F,0,F,0,0,0,0,0,0,0,0,0,0,0,0,0,0,0,0,0,0,0,0,0,0,0,0,0,0,0,0,0,0,0,0,0,0,0,0,0,0,0,0,0,0,0,0,0,0,0,0,0,0,0,0,0,0,0,0,0,0,0,0,0,0,0,0,0,0,0,0,0,0,0,0,0,0,0,0,0,0,0,0,0,0,0,0,0,0,0,0,0,0,0,0,0,0
371,2024-02-01,2024-02-29,T,T,T,unknown,42,1981-09-01,Missing,Missing,333,E54000028,South East,0,0,0,0,0,0,0,0,0,0,0,0,0,0,0,0,0,0,0,0,0,0,0,0,0,0,0,0,0,0,0,0,0,0,0,0,0,0,0,0,0,0,0,0,0,0,0,0,0,0,0,0,0,0,0,0,0,0,0,0,0,0,0,0,0,,,,,0,F,F,F,F,F,F,F,F,T,T,T,T,T,F,T,0,0,F,0,F,0,F,0,F,0,F,0,F,0,F,0,F,0,F,0,F,0,F,0,F,0,0,0,0,0,0,0,0,0,0,0,0,0,0,0,0,0,0,0,0,0,0,0,0,0,0,0,0,0,0,0,0,0,0,0,0,0,0,0,0,0,0,0,0,0,0,0,0,0,0,0,0,0,0,0,0,0,0,0,0,0,0,0,0,0,0,0,0,0,0,0,0,0,0,0,0,0,0,0,0,0,0,0,0,0,0,0,0,0,0,0,0,0,0
372,2024-02-01,2024-02-29,T,T,T,male,43,1980-07-01,Missing,Other South Asian,318,E54000061,Yorkshire and The Humber,0,0,0,0,0,0,0,0,0,0,0,0,0,0,0,0,0,0,0,0,0,0,0,0,0,0,0,0,0,0,0,0,0,0,0,0,0,0,0,0,0,0,0,0,0,0,0,0,0,0,0,0,0,0,0,0,0,0,0,0,0,0,0,0,0,,,,,0,F,F,F,F,F,F,F,F,T,T,T,T,T,F,T,0,0,F,0,F,0,F,0,F,0,F,0,F,0,F,0,F,0,F,0,F,0,F,0,F,0,0,0,0,0,0,0,0,0,0,0,0,0,0,0,0,0,0,0,0,0,0,0,0,0,0,0,0,0,0,0,0,0,0,0,0,0,0,0,0,0,0,0,0,0,0,0,0,0,0,0,0,0,0,0,0,0,0,0,0,0,0,0,0,0,0,0,0,0,0,0,0,0,0,0,0,0,0,0,0,0,0,0,0,0,0,0,0,0,0,0,0,0,0
373,2024-02-01,2024-02-29,T,T,T,female,80,1943-09-01,Missing,Caribbean,252,E54000040,North West,0,0,0,0,0,0,0,0,0,0,0,0,0,0,0,0,0,0,0,0,0,0,0,0,0,0,0,0,0,0,0,0,0,0,0,0,0,0,0,0,0,0,0,0,0,0,0,0,0,0,0,0,0,0,0,0,0,0,0,0,0,0,0,0,0,,,,,0,F,F,F,F,F,F,F,F,T,T,T,T,T,F,T,0,0,F,0,F,0,F,0,F,0,F,0,F,0,F,0,F,0,F,0,F,0,F,0,F,0,0,0,0,0,0,0,0,0,0,0,0,0,0,0,0,0,0,0,0,0,0,0,0,0,0,0,0,0,0,0,0,0,0,0,0,0,0,0,0,0,0,0,0,0,0,0,0,0,0,0,0,0,0,0,0,0,0,0,0,0,0,0,0,0,0,0,0,0,0,0,0,0,0,0,0,0,0,0,0,0,0,0,0,0,0,0,0,0,0,0,0,0,0
374,2024-02-01,2024-02-29,T,T,T,unknown,15,2008-08-01,Missing,Other White,393,E54000031,Missing,0,0,0,0,0,0,0,0,0,0,0,0,0,0,0,0,0,0,0,0,0,0,0,0,0,0,0,0,0,0,0,0,0,0,0,0,0,0,0,0,0,0,0,0,0,0,0,0,0,0,0,0,0,0,0,0,0,0,0,0,0,0,0,0,0,,,,,0,F,F,F,F,F,F,F,T,T,T,T,F,T,F,T,0,0,F,0,F,0,F,0,F,0,F,0,F,0,F,0,F,0,F,0,F,0,F,0,F,0,0,0,0,0,0,0,0,0,0,0,0,0,0,0,0,0,0,0,0,0,0,0,0,0,0,0,0,0,0,0,0,0,0,0,0,0,0,0,0,0,0,0,0,0,0,0,0,0,0,0,0,0,0,0,0,0,0,0,0,0,0,0,0,0,0,0,0,0,0,0,0,0,0,0,0,0,0,0,0,0,0,0,0,0,0,0,0,0,0,0,0,0,0
375,2024-02-01,2024-02-29,T,T,T,female,93,1931-02-01,5 (Least Deprived),Missing,93,E54000030,Yorkshire and The Humber,0,0,0,0,0,0,0,0,0,0,0,0,0,0,0,0,0,0,0,0,0,0,0,0,0,0,0,0,0,0,0,0,0,0,0,0,0,0,0,0,0,0,0,0,0,0,0,0,0,0,0,0,0,0,0,0,0,0,0,0,0,0,0,0,0,,,,,0,F,F,F,F,F,F,F,F,T,T,T,T,T,F,T,0,0,F,0,F,0,F,0,F,0,F,0,F,0,F,0,F,0,F,0,F,0,F,0,F,0,0,0,0,0,0,0,0,0,0,0,0,0,0,0,0,0,0,0,0,0,0,0,0,0,0,0,0,0,0,0,0,0,0,0,0,0,0,0,0,0,0,0,0,0,0,0,0,0,0,0,0,0,0,0,0,0,0,0,0,0,0,0,0,0,0,0,0,0,0,0,0,0,0,0,0,0,0,0,0,0,0,0,0,0,0,0,0,0,0,0,0,0,0
376,2024-02-01,2024-02-29,T,T,T,male,59,1964-11-01,Missing,Missing,876,E54000089,Missing,0,0,0,0,0,0,0,0,0,0,0,0,0,0,0,0,0,0,0,0,0,0,0,0,0,0,0,0,0,0,0,0,0,0,0,0,0,0,0,0,0,0,0,0,0,0,0,0,0,0,0,0,0,0,0,0,0,0,0,0,0,0,0,0,0,,,,,0,F,F,F,F,F,F,F,F,T,T,T,T,T,F,T,0,0,F,0,F,0,F,0,F,0,F,0,F,0,F,0,F,0,F,0,F,0,F,0,F,0,0,0,0,0,0,0,0,0,0,0,0,0,0,0,0,0,0,0,0,0,0,0,0,0,0,0,0,0,0,0,0,0,0,0,0,0,0,0,0,0,0,0,0,0,0,0,0,0,0,0,0,0,0,0,0,0,0,0,0,0,0,0,0,0,0,0,0,0,0,0,0,0,0,0,0,0,0,0,0,0,0,0,0,0,0,0,0,0,0,0,0,0,0
377,2024-02-01,2024-02-29,T,T,T,female,26,1997-07-01,Missing,Missing,547,E54000023,West Midlands,0,0,0,0,0,0,0,0,0,0,0,0,0,0,0,0,0,0,0,0,0,0,0,0,0,0,0,0,0,0,0,0,0,0,0,0,0,0,0,0,0,0,0,0,0,0,0,0,0,0,0,0,0,0,0,0,0,0,0,0,0,0,0,0,0,,,,,0,F,F,F,F,F,F,F,F,T,T,T,T,T,T,T,0,0,F,0,F,0,F,0,F,0,F,0,F,0,F,0,F,0,F,0,F,0,F,0,F,0,1,0,0,0,0,0,0,0,0,0,0,0,0,0,0,0,0,0,0,0,0,0,0,0,0,0,0,0,0,0,0,0,0,0,0,0,0,0,0,0,0,0,0,0,0,0,0,0,0,0,0,0,0,0,0,0,0,0,0,0,0,0,0,0,0,0,0,0,0,0,0,0,0,0,0,0,0,0,0,0,0,0,0,0,0,0,0,0,0,0,0,0,0
378,2024-02-01,2024-02-29,T,T,T,female,63,1960-09-01,Missing,Other White,334,E54000044,East,0,0,0,0,0,0,0,0,0,0,0,0,0,0,0,0,0,0,0,0,0,0,0,0,0,0,0,0,0,0,0,0,0,0,0,0,0,0,0,0,0,0,0,0,0,0,0,0,0,0,0,0,0,0,0,0,0,0,0,0,0,0,0,0,0,,,,,0,F,F,F,F,F,F,F,F,T,T,T,T,T,T,T,0,0,F,0,F,0,F,0,F,0,F,0,F,0,F,0,F,0,F,0,F,0,F,0,F,0,0,0,0,0,0,0,0,0,0,0,0,0,0,0,0,0,0,0,0,0,0,0,0,0,0,0,0,0,0,0,0,0,0,0,0,0,0,0,0,0,0,0,0,0,0,0,0,0,0,0,0,0,0,0,0,0,0,0,0,0,0,0,0,0,0,0,0,0,0,0,0,0,0,0,0,0,0,0,0,0,0,0,0,0,0,0,0,0,0,0,0,0,0
379,2024-02-01,2024-02-29,T,T,T,male,107,1916-08-01,Missing,White and Caribbean,162,E54000041,South East,0,0,0,0,0,0,0,0,0,0,0,0,0,0,0,0,0,0,0,0,0,0,0,0,0,0,0,0,0,0,0,0,0,0,0,0,0,0,0,0,0,0,0,0,0,0,0,0,0,0,0,0,0,0,0,0,0,0,0,0,0,0,0,0,0,,,,,0,F,F,F,F,F,F,F,F,T,T,T,T,T,F,T,0,0,F,0,F,0,F,0,F,0,F,0,F,0,F,0,F,0,F,0,F,0,F,0,F,0,0,0,0,0,0,0,0,0,0,0,0,0,0,0,0,0,0,0,0,0,0,0,0,0,0,0,0,0,0,0,0,0,0,0,0,0,0,0,0,0,0,0,0,0,0,0,0,0,0,0,0,0,0,0,0,0,0,0,0,0,0,0,0,0,0,0,0,0,0,0,0,0,0,0,0,0,0,0,0,0,0,0,0,0,0,0,0,0,0,0,0,0,0
380,2024-02-01,2024-02-29,T,T,T,male,45,1979-01-01,Missing,Missing,462,E54000054,Yorkshire and The Humber,0,0,0,0,0,0,0,0,0,0,0,0,0,0,0,0,0,0,0,0,0,0,0,0,0,0,0,0,0,0,0,0,0,0,0,0,0,0,0,0,0,0,0,0,0,0,0,0,0,0,0,0,0,0,0,0,0,0,0,0,0,0,0,0,0,,,,,0,F,F,F,F,F,F,F,F,T,T,T,T,T,F,T,0,0,F,0,F,0,F,0,F,0,F,0,F,0,F,0,F,0,F,0,F,0,F,0,F,0,0,0,0,0,0,0,0,0,0,0,0,0,0,0,0,0,0,0,0,0,0,0,0,0,0,0,0,0,0,0,0,0,0,0,0,0,0,0,0,0,0,0,0,0,0,0,0,0,0,0,0,0,0,0,0,0,0,0,0,0,0,0,0,0,0,0,0,0,0,0,0,0,0,0,0,0,0,0,0,0,0,0,0,0,0,0,0,0,0,0,0,0,0
381,2024-02-01,2024-02-29,T,T,T,female,71,1953-01-01,Missing,Pakistani,38,E54000018,London,0,0,0,0,0,0,0,0,0,0,0,0,0,0,0,0,0,0,0,0,0,0,0,0,0,0,0,0,0,0,0,0,0,0,0,0,0,0,0,0,0,0,0,0,0,0,0,0,0,0,0,0,0,0,0,0,0,0,0,0,0,0,0,0,0,,,,,0,F,F,F,F,F,F,F,F,T,T,T,T,T,F,T,0,0,F,0,F,0,F,0,F,0,F,0,F,0,F,0,F,0,F,0,F,0,F,0,F,0,0,0,0,0,0,0,0,0,0,0,0,0,0,0,0,0,0,0,0,0,0,0,0,0,0,0,0,0,0,0,0,0,0,0,0,0,0,0,0,0,0,0,0,0,0,0,0,0,0,0,0,0,0,0,0,0,0,0,0,0,0,0,0,0,0,0,0,0,0,0,0,0,0,0,0,0,0,0,0,0,0,0,0,0,0,0,0,0,0,0,0,0,0
382,2024-02-01,2024-02-29,T,T,T,male,95,1928-03-01,Missing,African,209,E54000010,West Midlands,0,0,0,0,0,0,0,0,0,0,0,0,0,0,0,0,0,0,0,0,0,0,0,0,0,0,0,0,0,0,0,0,0,0,0,0,0,0,0,0,0,0,0,0,0,0,0,0,0,0,0,0,0,0,0,0,0,0,0,0,0,0,0,0,0,,,,,0,F,F,F,F,F,F,F,F,T,T,T,T,T,F,T,0,0,F,0,F,0,F,0,F,0,F,0,F,0,F,0,F,0,F,0,F,0,F,0,F,0,0,0,0,0,0,0,0,0,0,0,0,0,0,0,0,0,0,0,0,0,0,0,0,0,0,0,0,0,0,0,0,0,0,0,0,0,0,0,0,0,0,0,0,0,0,0,0,0,0,0,0,0,0,0,0,0,0,0,0,0,0,0,0,0,0,0,0,0,0,0,0,0,0,0,0,0,0,0,0,0,0,0,0,0,0,0,0,0,0,0,0,0,0
383,2024-02-01,2024-02-29,T,T,T,female,97,1926-07-01,Missing,Other South Asian,96,E54000082,Missing,0,0,0,0,0,0,0,0,0,0,0,0,0,0,0,0,0,0,0,0,0,0,0,0,0,0,0,0,0,0,0,0,0,0,0,0,0,0,0,0,0,0,0,0,0,0,0,0,0,0,0,0,0,0,0,0,0,0,0,0,0,0,0,0,0,,,,,0,F,F,F,F,F,F,F,F,T,T,T,T,T,F,T,0,0,F,0,F,0,F,0,F,0,F,0,F,0,F,0,F,0,F,0,F,0,F,0,F,0,0,0,0,0,0,0,0,0,0,0,0,0,0,0,0,0,0,0,0,0,0,0,0,0,0,0,0,0,0,0,0,0,0,0,0,0,0,0,0,0,0,0,0,0,0,0,0,0,0,0,0,0,0,0,0,0,0,0,0,0,0,0,0,0,0,0,0,0,0,0,0,0,0,0,0,0,0,0,0,0,0,0,0,0,0,0,0,0,0,0,0,0,0
385,2024-02-01,2024-02-29,T,T,T,female,5,2018-11-01,Missing,Missing,344,E54000084,London,0,0,0,0,0,0,0,0,0,0,0,0,0,0,0,0,0,0,0,0,0,0,0,0,0,0,0,0,0,0,0,0,0,0,0,0,0,0,0,0,0,0,0,0,0,0,0,0,0,0,0,0,0,0,0,0,0,0,0,0,0,0,0,0,0,,,,,0,F,F,F,F,F,F,F,T,F,T,T,F,T,F,T,0,0,F,0,F,0,F,0,F,0,F,0,F,0,F,0,F,0,F,0,F,0,F,0,F,0,0,0,0,0,0,0,0,0,0,0,0,0,0,0,0,0,0,0,0,0,0,0,0,0,0,0,0,0,0,0,0,0,0,0,0,0,0,0,0,0,0,0,0,0,0,0,0,0,0,0,0,0,0,0,0,0,0,0,0,0,0,0,0,0,0,0,0,0,0,0,0,0,0,0,0,0,0,0,0,0,0,0,0,0,0,0,0,0,0,0,0,0,0
386,2024-02-01,2024-02-29,T,T,T,intersex,48,1976-01-01,Missing,Missing,152,E54000036,East,0,0,0,0,0,0,0,0,0,0,0,0,0,0,0,0,0,0,0,0,0,0,0,0,0,0,0,0,0,0,0,0,0,0,0,0,0,0,0,0,0,0,0,0,0,0,0,0,0,0,0,0,0,0,0,0,0,0,0,0,0,0,0,0,0,,,,,0,F,F,F,F,F,F,F,F,T,T,T,T,T,F,T,0,0,F,0,F,0,F,0,F,0,F,0,F,0,F,0,F,0,F,0,F,0,F,0,F,0,0,0,0,0,0,0,0,0,0,0,0,0,0,0,0,0,0,0,0,0,0,0,0,0,0,0,0,0,0,0,0,0,0,0,0,0,0,0,0,0,0,0,0,0,0,0,0,0,0,0,0,0,0,0,0,0,0,0,0,0,0,0,0,0,0,0,0,0,0,0,0,0,0,0,0,0,0,0,0,0,0,0,0,0,0,0,0,0,0,0,0,0,0
387,2024-02-01,2024-02-29,T,T,T,male,56,1967-12-01,Missing,Missing,489,E54000046,Missing,0,0,0,0,0,0,0,0,0,0,0,0,0,0,0,0,0,0,0,0,0,0,0,0,0,0,0,0,0,0,0,0,0,0,0,0,0,0,0,0,0,0,0,0,0,0,0,0,0,0,0,0,0,0,0,0,0,0,0,0,0,0,0,0,0,,,,,0,F,F,F,F,F,F,F,F,T,T,T,T,T,F,T,0,0,F,0,F,0,F,0,F,0,F,0,F,0,F,0,F,0,F,0,F,0,F,0,F,0,0,0,0,0,0,0,0,0,0,0,0,0,0,0,0,0,0,0,0,0,0,0,0,0,0,0,0,0,0,0,0,0,0,0,0,0,0,0,0,0,0,0,0,0,0,0,0,0,0,0,0,0,0,0,0,0,0,0,0,0,0,0,0,0,0,0,0,0,0,0,0,0,0,0,0,0,0,0,0,0,0,0,0,0,0,0,0,0,0,0,0,0,0
388,2024-02-01,2024-02-29,T,T,T,intersex,107,1917-02-01,Missing,Pakistani,887,E54000008,Missing,0,0,0,0,0,0,0,0,0,0,0,0,0,0,0,0,0,0,0,0,0,0,0,0,0,0,0,0,0,0,0,0,0,0,0,0,0,0,0,0,0,0,0,0,0,0,0,0,0,0,0,0,0,0,0,0,0,0,0,0,0,0,0,0,0,,,,,0,F,F,F,F,F,F,F,F,T,T,T,T,T,F,T,0,0,F,0,F,0,F,0,F,0,F,0,F,0,F,0,F,0,F,0,F,0,F,0,F,0,0,0,0,0,0,0,0,0,0,0,0,0,0,0,0,0,0,0,0,0,0,0,0,0,0,0,0,0,0,0,0,0,0,0,0,0,0,0,0,0,0,0,0,0,0,0,0,0,0,0,0,0,0,0,0,0,0,0,0,0,0,0,0,0,0,0,0,0,0,0,0,0,0,0,0,0,0,0,0,0,0,0,0,0,0,0,0,0,0,0,0,0,0
389,2024-02-01,2024-02-29,T,T,T,female,1,2022-10-01,Missing,Other South Asian,331,E54000080,East,0,0,0,0,0,0,0,0,0,0,0,0,0,0,0,0,0,0,0,0,0,0,0,0,0,0,0,0,0,0,0,0,0,0,0,0,0,0,0,0,0,0,0,0,0,0,0,0,0,0,0,0,0,0,0,0,0,0,0,0,0,0,0,0,0,,,,,0,F,F,F,F,F,F,F,T,F,F,T,F,T,F,T,0,0,F,0,F,0,F,0,F,0,F,0,F,0,F,0,F,0,F,0,F,0,F,0,F,0,0,0,0,0,0,0,0,0,0,0,0,0,0,0,0,0,0,0,0,0,0,0,0,0,0,0,0,0,0,0,0,0,0,0,0,0,0,0,0,0,0,0,0,0,0,0,0,0,0,0,0,0,0,0,0,0,0,0,0,1,0,1,1,0,1,0,0,0,0,0,0,0,0,0,0,0,0,0,0,0,0,0,0,0,0,0,0,0,0,0,0,0,1
390,2024-02-01,2024-02-29,T,T,T,female,41,1982-11-01,3,Other Black,588,E54000013,London,0,0,0,0,0,0,0,0,0,0,0,0,0,0,0,0,0,0,0,0,0,0,0,0,0,0,0,0,0,0,0,0,0,0,0,0,0,0,0,0,0,0,0,0,0,0,0,0,0,0,0,0,0,0,0,0,0,0,0,0,0,0,0,0,0,,,,,0,F,F,F,F,F,F,F,F,T,T,T,T,T,T,T,0,0,F,0,F,0,F,0,F,0,F,0,F,0,F,0,F,0,F,0,F,0,F,0,F,0,0,0,0,0,0,0,0,0,0,0,0,0,0,0,0,0,0,0,0,0,0,0,0,0,0,0,0,0,0,0,0,0,0,0,0,0,0,0,0,0,0,0,0,0,0,0,0,0,0,0,0,0,0,0,0,0,0,0,0,0,0,0,0,0,0,0,0,0,0,0,0,0,0,0,0,0,0,0,0,0,0,0,0,0,0,0,0,0,0,0,0,0,0
391,2024-02-01,2024-02-29,T,T,T,female,30,1993-03-01,Missing,Other Black,718,E54000053,South West,0,0,0,0,0,0,0,0,0,0,0,0,0,0,0,0,0,0,0,0,0,0,0,0,0,0,0,0,0,0,0,0,0,0,0,0,0,0,0,0,0,0,0,0,0,0,0,0,0,0,0,0,0,0,0,0,0,0,0,0,0,0,0,0,0,,,,,0,F,F,F,F,F,F,F,F,T,T,T,T,T,T,T,0,0,F,0,F,0,F,0,F,0,F,0,F,0,F,0,F,0,F,0,F,0,F,0,F,0,0,0,0,0,0,0,0,0,0,0,0,0,0,0,0,0,0,0,0,0,0,0,0,0,0,0,0,0,0,0,0,0,0,0,0,0,0,0,0,0,0,0,0,0,0,0,0,0,0,0,0,0,0,0,0,0,0,0,0,0,0,0,0,0,0,0,0,0,0,0,0,0,0,0,0,0,0,0,0,0,0,0,0,0,0,0,0,0,0,0,0,0,0
392,2024-02-01,2024-02-29,T,T,T,female,61,1962-12-01,Missing,Other South Asian,848,E54000061,North East,0,0,0,0,0,0,0,0,0,0,0,0,0,0,0,0,0,0,0,0,0,0,0,0,0,0,0,0,0,0,0,0,0,0,0,0,0,0,0,0,0,0,0,0,0,0,0,0,0,0,0,0,0,0,0,0,0,0,0,0,0,0,0,0,0,,,,,0,F,F,F,F,F,F,F,F,T,T,T,T,T,T,T,0,0,F,0,F,0,F,0,F,0,F,0,F,0,F,0,F,0,F,0,F,0,F,0,F,0,0,0,0,0,0,0,0,0,0,0,0,0,0,0,0,0,0,0,0,0,0,0,0,0,0,0,0,0,0,0,0,0,0,0,0,0,0,0,0,0,0,0,0,0,0,0,0,0,0,0,0,0,0,0,0,0,0,0,0,0,0,0,0,0,0,0,0,0,0,0,0,0,0,0,0,0,0,0,0,0,0,0,0,0,0,0,0,0,0,0,0,0,0
393,2024-02-01,2024-02-29,T,T,T,female,78,1945-07-01,Missing,White and Caribbean,939,E54000073,London,0,0,0,0,0,0,0,0,0,0,0,0,0,0,0,0,0,0,0,0,0,0,0,0,0,0,0,0,0,0,0,0,0,0,0,0,0,0,0,0,0,0,0,0,0,0,0,0,0,0,0,0,0,0,0,0,0,0,0,0,0,0,0,0,0,,,,,0,F,F,F,F,F,F,F,F,T,T,T,T,T,F,T,0,0,F,0,F,0,F,0,F,0,F,0,F,0,F,0,F,0,F,0,F,0,F,0,F,0,0,0,0,0,0,0,0,0,0,0,0,0,0,0,0,0,0,0,0,0,0,0,0,0,0,0,0,0,0,0,0,0,0,0,0,0,0,0,0,0,0,0,0,0,0,0,0,0,0,0,0,0,0,0,0,0,0,0,0,0,0,0,0,0,0,0,0,0,0,0,0,0,0,0,0,0,0,0,0,0,0,0,0,0,0,0,0,0,0,0,0,0,0
394,2024-02-01,2024-02-29,T,T,T,intersex,111,1912-11-01,Missing,Missing,892,E54000020,South East,0,0,0,0,0,0,0,0,0,0,0,0,0,0,0,0,0,0,0,0,0,0,0,0,0,0,0,0,0,0,0,0,0,0,0,0,0,0,0,0,0,0,0,0,0,0,0,0,0,0,0,0,0,0,0,0,0,0,0,0,0,0,0,0,0,,,,,0,F,F,F,F,F,F,F,F,T,T,T,T,T,F,T,0,0,F,0,F,0,F,0,F,0,F,0,F,0,F,0,F,0,F,0,F,0,F,0,F,0,0,0,0,0,0,0,0,0,0,0,0,0,0,0,0,0,0,0,0,0,0,0,0,0,0,0,0,0,0,0,0,0,0,0,0,0,0,0,0,0,0,0,0,0,0,0,0,0,0,0,0,0,0,0,0,0,0,0,0,0,0,0,0,0,0,0,0,0,0,0,0,0,0,0,0,0,0,0,0,0,0,0,0,0,0,0,0,0,0,0,0,0,0
395,2024-02-01,2024-02-29,T,T,T,female,66,1957-06-01,2,Caribbean,864,E54000000,Missing,0,0,0,0,0,0,0,0,0,0,0,0,0,0,0,0,0,0,0,0,0,0,0,0,0,0,0,0,0,0,0,0,0,0,0,0,0,0,0,0,0,0,0,0,0,0,0,0,0,0,0,0,0,0,0,0,0,0,0,0,0,0,0,0,0,,,,,0,F,F,F,F,F,F,F,F,T,T,T,T,T,F,T,0,0,F,0,F,0,F,0,F,0,F,0,F,0,F,0,F,0,F,0,F,0,F,0,F,0,0,0,0,0,0,0,0,0,0,0,0,0,0,0,0,0,0,0,0,0,0,0,0,0,0,0,0,0,0,0,0,0,0,0,0,0,0,0,0,0,0,0,0,0,0,0,0,0,0,0,0,0,0,0,0,0,0,0,0,0,0,0,0,0,0,0,0,0,0,0,0,0,0,0,0,0,0,0,0,0,0,0,0,0,0,0,0,0,0,0,0,0,0
396,2024-02-01,2024-02-29,T,T,T,female,102,1921-05-01,Missing,All other ethnic groups,688,E54000001,West Midlands,0,0,0,0,0,0,0,0,0,0,0,0,0,0,0,0,0,0,0,0,0,0,0,0,0,0,0,0,0,0,0,0,0,0,0,0,0,0,0,0,0,0,0,0,0,0,0,0,0,0,0,0,0,0,0,0,0,0,0,0,0,0,0,0,0,,,,,0,F,F,F,F,F,F,F,F,T,T,T,T,T,F,T,0,0,F,0,F,0,F,0,F,0,F,0,F,0,F,0,F,0,F,0,F,0,F,0,F,0,0,0,0,0,0,0,0,0,0,0,0,0,0,0,0,0,0,0,0,0,0,0,0,0,0,0,0,0,0,0,0,0,0,0,0,0,0,0,0,0,0,0,0,0,0,0,0,0,0,0,0,0,0,0,0,0,0,0,0,0,0,0,0,0,0,0,0,0,0,0,0,0,0,0,0,0,0,0,0,0,0,0,0,0,0,0,0,0,0,0,0,0,0
397,2024-02-01,2024-02-29,T,T,T,female,0,2023-10-01,5 (Least Deprived),Caribbean,943,E54000052,Missing,0,0,0,0,0,0,0,0,0,0,0,0,0,0,0,0,0,0,0,0,0,0,0,0,0,0,0,0,0,0,0,0,0,0,0,0,0,0,0,0,0,0,0,0,0,0,0,0,0,0,0,0,0,0,0,0,0,0,0,0,0,0,0,0,0,,,,,0,F,F,F,F,F,F,F,F,F,F,F,F,F,F,F,0,0,F,0,F,0,F,0,F,0,F,0,F,0,F,0,F,0,F,0,F,0,F,0,F,0,0,0,0,0,0,0,0,0,0,0,0,0,0,0,0,0,0,0,0,0,0,0,0,0,0,0,0,0,0,0,0,0,0,0,0,0,0,0,0,0,0,0,0,0,0,0,0,0,0,0,0,0,0,0,0,0,0,0,0,0,0,0,0,0,0,0,0,0,0,0,0,0,0,0,0,0,0,0,0,0,0,0,0,0,0,0,0,0,0,0,0,0,0
398,2024-02-01,2024-02-29,T,T,T,intersex,19,2004-03-01,Missing,Missing,534,E54000011,South East,0,0,0,0,0,0,0,0,0,0,0,0,0,0,0,0,0,0,0,0,0,0,0,0,0,0,0,0,0,0,0,0,0,0,0,0,0,0,0,0,0,0,0,0,0,0,0,0,0,0,0,0,0,0,0,0,0,0,0,0,0,0,0,0,0,,,,,0,F,F,F,F,F,F,F,F,T,T,T,T,T,F,T,0,0,F,0,F,0,F,0,F,0,F,0,F,0,F,0,F,0,F,0,F,0,F,0,F,0,0,0,0,0,0,0,0,0,0,0,0,0,0,0,0,0,0,0,0,0,0,0,0,0,0,0,0,0,0,0,0,0,0,0,0,0,0,0,0,0,0,0,0,0,0,0,0,0,0,0,0,0,0,0,0,0,0,0,0,0,0,0,0,0,0,0,0,0,0,0,0,0,0,0,0,0,0,0,0,0,0,0,0,0,0,0,0,0,0,0,0,0,0
399,2024-02-01,2024-02-29,T,T,T,male,0,2024-01-01,Missing,Caribbean,655,E54000085,Missing,0,0,0,0,0,0,0,0,0,0,0,0,0,0,0,0,0,0,0,0,0,0,0,0,0,0,0,0,0,0,0,0,0,0,0,0,0,0,0,0,0,0,0,0,0,0,0,0,0,0,0,0,0,0,0,0,0,0,0,0,0,0,0,0,0,,,,,0,F,F,F,F,F,F,F,F,F,F,F,F,F,F,F,0,0,F,0,F,0,F,0,F,0,F,0,F,0,F,0,F,0,F,0,F,0,F,0,F,0,0,0,0,0,0,0,0,0,0,0,0,0,0,0,0,0,0,0,0,0,0,0,0,0,0,0,0,0,0,0,0,0,0,0,0,0,0,0,0,0,0,0,0,0,0,0,0,0,0,0,0,0,0,0,0,0,0,0,0,0,0,0,0,0,0,0,0,0,0,0,0,0,0,0,0,0,0,0,0,0,0,0,0,0,0,0,0,0,0,0,0,0,0
400,2024-02-01,2024-02-29,T,T,T,female,85,1938-05-01,1 (Most Deprived),Missing,278,E54000049,West Midlands,0,0,0,0,0,0,0,0,0,0,0,0,0,0,0,0,0,0,0,0,0,0,0,0,0,0,0,0,0,0,0,0,0,0,0,0,0,0,0,0,0,0,0,0,0,0,0,1,1,1,0,0,0,1,1,1,0,0,0,0,0,0,0,0,0,,,,,0,F,F,F,F,F,F,F,F,T,T,T,T,T,F,T,0,0,F,0,F,0,F,0,F,0,F,0,F,0,F,0,F,0,F,0,F,0,F,0,F,0,0,0,0,0,0,0,0,0,0,0,0,0,0,0,0,0,0,0,0,0,0,0,0,0,0,0,0,0,0,0,0,0,0,0,0,0,0,0,0,0,0,0,0,0,0,0,0,0,0,0,0,0,0,0,0,0,0,0,0,0,0,0,0,0,0,0,0,0,0,0,0,0,0,0,0,0,0,0,0,0,0,0,0,0,0,0,0,0,0,0,0,0,0
401,2024-02-01,2024-02-29,T,T,T,female,48,1975-07-01,Missing,Missing,445,E54000036,South West,0,0,0,0,0,0,0,0,0,0,0,0,0,0,0,0,0,0,0,0,0,0,0,0,0,0,0,0,0,0,0,0,0,0,0,0,0,0,0,0,0,0,0,0,0,0,0,0,0,0,0,0,0,0,0,0,0,0,0,0,0,0,0,0,0,,,,,0,F,F,F,F,F,F,F,F,T,T,T,T,T,T,T,0,0,F,0,F,0,F,0,F,0,F,0,F,0,F,0,F,0,F,0,F,0,F,0,F,0,0,0,0,0,0,0,0,0,0,0,0,0,0,0,0,0,0,0,0,0,0,0,0,0,0,0,0,0,0,0,0,0,0,0,0,0,0,0,0,0,0,0,0,0,0,0,0,0,0,0,0,0,0,0,0,0,0,0,0,0,0,0,0,0,0,0,0,0,0,0,0,0,0,0,0,0,0,0,0,0,0,0,0,0,0,0,0,0,0,0,0,0,0
402,2024-02-01,2024-02-29,T,T,T,female,54,1970-01-01,Missing,Other Black,166,E54000016,East,0,0,0,0,0,0,0,0,0,0,0,0,0,0,0,0,0,0,0,0,0,0,0,0,0,0,0,0,0,0,0,0,0,0,0,0,0,0,0,0,0,0,0,0,0,0,0,0,0,0,0,0,0,0,0,0,0,0,0,0,0,0,0,0,0,,,,,0,F,F,F,F,F,F,F,F,T,T,T,T,T,T,T,0,0,F,0,F,0,F,0,F,0,F,0,F,0,F,0,F,0,F,0,F,0,F,0,F,0,0,0,0,0,0,0,0,0,0,0,0,0,0,0,0,0,0,0,0,0,0,0,0,0,0,0,0,0,0,0,0,0,0,0,0,0,0,0,0,0,0,0,0,0,0,0,0,0,0,0,0,0,0,0,0,0,0,0,0,0,0,0,0,0,0,0,0,0,0,0,0,0,0,0,0,0,0,0,0,0,0,0,0,0,0,0,0,0,0,0,0,0,0
403,2024-02-01,2024-02-29,T,T,T,intersex,61,1962-12-01,Missing,Other Mixed,370,E54000062,South East,0,0,0,0,0,0,0,0,0,0,0,0,0,0,0,0,0,0,0,0,0,0,0,0,0,0,0,0,0,0,0,0,0,0,0,0,0,0,0,0,0,0,0,0,0,0,0,0,0,0,0,0,0,0,0,0,0,0,0,0,0,0,0,0,0,,,,,0,F,F,F,F,F,F,F,F,T,T,T,T,T,F,T,0,0,F,0,F,0,F,0,F,0,F,0,F,0,F,0,F,0,F,0,F,0,F,0,F,0,0,0,0,0,0,0,0,0,0,0,0,0,0,0,0,0,0,0,0,0,0,0,0,0,0,0,0,0,0,0,0,0,0,0,0,0,0,0,0,0,0,0,0,0,0,0,0,0,0,0,0,0,0,0,0,0,0,0,0,0,0,0,0,0,0,0,0,0,0,0,0,0,0,0,0,0,0,0,0,0,0,0,0,0,0,0,0,0,0,0,0,0,0
404,2024-02-01,2024-02-29,T,T,T,female,15,2008-03-01,3,Chinese,123,E54000074,Missing,0,0,0,0,0,0,0,0,0,0,0,0,0,0,0,0,0,0,0,0,0,0,0,0,0,0,0,0,0,0,0,0,0,0,0,0,0,0,0,0,0,0,0,0,0,0,0,0,0,0,0,0,0,0,0,0,0,0,0,0,0,0,0,0,0,,,,,0,F,F,F,F,F,F,F,T,T,T,T,F,T,F,T,0,0,F,0,F,0,F,0,F,0,F,0,F,0,F,0,F,0,F,0,F,0,F,0,F,0,0,0,0,0,0,0,0,0,0,0,0,0,0,0,0,0,0,0,0,0,0,0,0,0,0,0,0,0,0,0,0,0,0,0,0,0,0,0,0,0,0,0,0,0,0,0,0,0,0,0,0,0,0,0,0,0,1,1,1,0,0,0,0,0,0,0,0,0,0,0,0,0,0,0,0,1,1,0,1,1,0,0,0,0,0,0,0,0,0,1,0,0,1
405,2024-02-01,2024-02-29,T,T,T,unknown,72,1951-07-01,Missing,Other Mixed,619,E54000034,West Midlands,0,0,0,0,0,0,0,0,0,0,0,0,0,0,0,0,0,0,0,0,0,0,0,0,0,0,0,0,0,0,0,0,0,0,0,0,0,0,0,0,0,0,0,0,0,0,0,0,0,0,0,0,0,0,0,0,0,0,0,0,0,0,0,0,0,,,,,0,F,F,F,F,F,F,F,F,T,T,T,T,T,F,T,0,0,F,0,F,0,F,0,F,0,F,0,F,0,F,0,F,0,F,0,F,0,F,0,F,0,0,0,0,0,0,0,0,0,0,0,0,0,0,0,0,0,0,0,0,0,0,0,0,0,0,0,0,0,0,0,0,0,0,0,0,0,0,0,0,0,0,0,0,0,0,0,0,0,0,0,0,0,0,0,0,0,0,0,0,0,0,0,0,0,0,0,0,0,0,0,0,0,0,0,0,0,0,0,0,0,0,0,0,0,0,0,0,0,0,0,0,0,0
406,2024-02-01,2024-02-29,T,T,T,unknown,24,1999-04-01,Missing,African,222,E54000000,North West,0,0,0,0,0,0,0,0,0,0,0,0,0,0,0,0,0,0,0,0,0,0,0,0,0,0,0,0,0,0,0,0,0,0,0,0,0,0,0,0,0,0,0,0,0,0,0,0,0,0,0,0,0,0,0,0,0,0,0,0,0,0,0,0,0,,,,,0,F,F,F,F,F,F,F,F,T,T,T,T,T,F,T,0,0,F,0,F,0,F,0,F,0,F,0,F,0,F,0,F,0,F,0,F,0,F,0,F,0,0,0,0,0,0,0,0,0,0,0,0,0,0,0,0,0,0,0,0,0,0,0,0,0,0,0,0,0,0,0,0,0,0,0,0,0,0,0,0,0,0,0,0,0,0,0,0,0,0,0,0,0,0,0,0,0,0,0,0,0,0,0,0,0,0,0,0,0,0,0,0,0,0,0,0,0,0,0,0,0,0,0,0,0,0,0,0,0,0,0,0,0,0
407,2024-02-01,2024-02-29,T,T,T,unknown,9,2014-08-01,3,Missing,511,E54000006,South West,0,0,0,0,0,0,0,0,0,0,0,0,0,0,0,0,0,0,0,0,0,0,0,0,0,0,0,0,0,0,0,0,0,0,0,0,0,0,0,0,0,0,0,0,0,0,0,0,0,0,0,0,0,0,0,0,0,0,0,0,0,0,0,0,0,,,,,0,F,F,F,F,F,F,F,T,F,T,T,F,T,F,T,0,0,F,0,F,0,F,0,F,0,F,0,F,0,F,0,F,0,F,0,F,0,F,0,F,0,0,0,0,0,0,0,0,0,0,0,0,0,0,0,0,0,0,0,0,0,0,0,0,0,0,0,0,0,0,0,0,0,0,0,0,0,0,0,0,0,0,0,0,0,0,0,0,0,0,0,0,0,0,0,0,0,0,0,0,0,0,0,0,0,0,0,0,0,0,0,0,0,0,0,0,0,0,0,0,0,0,0,0,0,0,0,0,0,0,0,0,0,0
408,2024-02-01,2024-02-29,T,T,T,unknown,105,1918-08-01,Missing,Other Black,847,E54000085,Missing,0,0,0,0,0,0,0,0,0,0,0,0,0,0,0,0,0,0,0,0,0,0,0,0,0,0,0,0,0,0,0,0,0,0,0,0,0,0,0,0,0,0,0,0,0,0,0,0,0,0,0,0,0,0,0,0,0,0,0,0,0,0,0,0,0,,,,,0,F,F,F,F,F,F,F,F,T,T,T,T,T,F,T,0,0,F,0,F,0,F,0,F,0,F,0,F,0,F,0,F,0,F,0,F,0,F,0,F,0,0,0,0,0,0,0,0,0,0,0,0,0,0,0,0,0,0,0,0,0,0,0,0,0,0,0,0,0,0,0,0,0,0,0,0,0,0,0,0,0,0,0,0,0,0,0,0,0,0,0,0,0,0,0,0,0,0,0,0,0,0,0,0,0,0,0,0,0,0,0,0,0,0,0,0,0,0,0,0,0,0,0,0,0,0,0,0,0,0,0,0,0,0
409,2024-02-01,2024-02-29,T,T,T,female,94,1929-12-01,1 (Most Deprived),Caribbean,943,E54000065,South West,0,0,0,0,0,0,0,0,0,0,0,0,0,0,0,0,0,0,0,0,0,0,0,0,0,0,0,0,0,0,0,0,0,0,0,0,0,0,0,0,0,0,0,0,0,0,0,0,0,0,0,0,0,0,0,0,0,0,0,0,0,0,0,0,0,,,,,0,F,F,F,F,F,F,F,F,T,T,T,T,T,F,T,0,0,F,0,F,0,F,0,F,0,F,0,F,0,F,0,F,0,F,0,F,0,F,0,F,0,0,0,0,0,0,0,0,0,0,0,0,0,0,0,0,0,0,0,0,0,0,0,0,0,0,0,0,0,0,0,0,0,0,0,0,0,0,0,0,0,0,0,0,0,0,0,0,0,0,0,0,0,0,0,0,0,0,0,0,0,0,0,0,0,0,0,0,0,0,0,0,0,0,0,0,0,0,0,0,0,0,0,0,0,0,0,0,0,0,0,0,0,0
410,2024-02-01,2024-02-29,T,T,T,female,40,1983-10-01,Missing,All other ethnic groups,700,E54000034,Missing,0,0,0,0,0,0,0,0,0,0,0,0,0,0,0,0,0,0,0,0,0,0,0,0,0,0,0,0,0,0,0,0,0,0,0,0,0,0,0,0,0,0,0,0,0,0,0,0,0,0,0,0,0,0,0,0,0,0,0,0,0,0,0,0,0,,,,,0,F,F,F,F,F,F,F,F,T,T,T,T,T,T,T,0,0,F,0,F,0,F,0,F,0,F,0,F,0,F,0,F,0,F,0,F,0,F,0,F,0,0,0,0,0,0,0,0,0,0,0,0,0,0,0,0,0,0,0,0,0,0,0,0,0,0,0,0,0,0,0,0,0,0,0,0,0,0,0,0,0,0,0,0,0,0,0,0,0,0,0,0,0,0,0,0,0,0,0,0,0,0,0,0,0,0,0,0,0,0,0,0,0,0,0,0,0,0,0,0,0,0,0,0,0,0,0,0,0,0,0,0,0,0
411,2024-02-01,2024-02-29,T,T,T,intersex,119,1904-11-01,Missing,Missing,619,E54000074,Missing,0,0,0,0,0,0,0,0,0,0,0,0,0,0,0,0,0,0,0,0,0,0,0,0,0,0,0,0,0,0,0,0,0,0,0,0,0,0,0,0,0,0,0,0,0,0,0,0,0,0,0,0,0,0,0,0,0,0,0,0,0,0,0,0,0,,,,,0,F,F,F,F,F,F,F,F,T,T,T,T,T,F,T,0,0,F,0,F,0,F,0,F,0,F,0,F,0,F,0,F,0,F,0,F,0,F,0,F,0,0,0,0,0,0,0,0,0,0,0,0,0,0,0,0,0,0,0,0,0,0,0,0,0,0,0,0,0,0,0,0,0,0,0,0,0,0,0,0,0,0,0,0,0,0,0,0,0,0,0,0,0,0,0,0,0,0,0,0,0,0,0,0,0,0,0,0,0,0,0,0,0,0,0,0,0,0,0,0,0,0,0,0,0,0,0,0,0,0,0,0,0,0
412,2024-02-01,2024-02-29,T,T,T,female,61,1962-03-01,2,All other ethnic groups,559,E54000066,Missing,0,0,0,0,0,0,0,0,0,0,0,0,0,0,0,0,0,0,0,0,0,0,0,0,0,0,0,0,0,0,0,0,0,0,0,0,0,0,0,0,0,0,0,0,0,0,0,0,0,0,0,0,0,0,0,0,0,0,0,0,0,0,0,0,0,,,,,0,F,F,F,F,F,F,F,F,T,T,T,T,T,T,T,0,0,F,0,F,0,F,0,F,0,F,0,F,0,F,0,F,0,F,0,F,0,F,0,F,0,0,0,0,0,0,0,0,0,0,0,0,0,0,0,0,0,0,0,0,0,0,0,0,0,0,0,0,0,0,0,0,0,0,0,0,0,0,0,0,0,0,0,0,0,0,0,0,0,0,0,0,0,0,0,0,0,0,0,0,0,0,0,0,0,0,0,0,0,0,0,0,0,0,0,0,0,0,0,0,0,0,0,1,0,0,0,0,0,0,0,0,0,1
413,2024-02-01,2024-02-29,T,T,T,male,54,1969-07-01,4,Other Mixed,311,E54000095,South West,0,0,0,0,0,0,0,0,0,0,0,0,0,0,0,0,0,0,0,0,0,0,0,0,0,0,0,0,0,0,0,0,0,0,0,0,0,0,0,0,0,0,0,0,0,0,0,0,0,0,0,0,0,0,0,0,0,0,0,0,0,0,0,0,0,,,,,0,F,F,F,F,F,F,F,F,T,T,T,T,T,F,T,0,0,F,0,F,0,F,0,F,0,F,0,F,0,F,0,F,0,F,0,F,0,F,0,F,0,0,0,0,0,0,0,0,0,0,0,0,0,0,0,0,0,0,0,0,0,0,0,0,0,0,0,0,0,0,0,0,0,0,0,0,0,0,0,0,0,0,0,0,0,0,0,0,0,0,0,0,0,0,0,0,0,0,0,0,0,0,0,0,0,0,0,0,0,0,0,0,0,0,0,0,0,0,0,0,0,0,0,0,0,0,0,0,0,0,0,0,0,0
414,2024-02-01,2024-02-29,T,T,T,female,47,1976-05-01,Missing,White and African,57,E54000089,Missing,0,0,0,0,0,0,0,0,0,0,0,0,0,0,0,0,0,0,0,0,0,0,0,0,0,0,0,0,0,0,0,0,0,0,0,0,0,0,0,0,0,0,0,0,0,0,0,0,0,0,0,0,0,0,0,0,0,0,0,0,0,0,0,0,0,,,,,0,F,F,F,F,F,F,F,F,T,T,T,T,T,T,T,0,0,F,0,F,0,F,0,F,0,F,0,F,0,F,0,F,0,F,0,F,0,F,0,F,0,0,0,0,0,0,0,0,0,0,0,0,0,0,0,0,0,0,0,0,0,0,0,0,0,0,0,0,0,0,0,0,0,0,0,0,0,0,0,0,0,0,0,0,0,0,0,0,0,0,0,0,0,0,0,0,0,0,0,0,0,0,0,0,0,0,0,0,0,0,0,0,0,0,0,0,0,0,0,0,0,0,0,0,0,0,0,0,0,0,0,0,0,0
415,2024-02-01,2024-02-29,T,T,T,male,14,2009-05-01,Missing,Other South Asian,420,E54000085,Missing,0,0,0,0,0,0,0,0,0,0,0,0,0,0,0,0,0,0,0,0,0,0,0,0,0,0,0,0,0,0,0,0,0,0,0,0,0,0,0,0,0,0,0,0,0,0,0,0,0,0,0,0,0,0,0,0,0,0,0,0,0,0,0,0,0,,,,,0,F,F,F,F,F,F,F,T,T,T,T,F,T,F,T,0,0,F,0,F,0,F,0,F,0,F,0,F,0,F,0,F,0,F,0,F,0,F,0,F,0,0,0,0,0,0,0,0,0,0,0,0,0,0,0,0,0,0,0,0,0,0,0,0,0,0,0,0,0,0,0,0,0,0,0,0,0,0,0,0,0,0,0,0,0,0,0,0,0,0,0,0,0,0,0,0,0,0,0,0,0,0,0,0,0,0,0,0,0,0,0,0,0,0,0,0,0,0,0,0,0,0,0,0,0,0,0,0,0,0,0,0,0,0
416,2024-02-01,2024-02-29,T,T,T,female,57,1966-07-01,Missing,Indian,956,E54000035,South East,0,0,0,0,0,0,0,0,0,0,0,0,0,0,0,0,0,0,0,0,0,0,0,0,0,0,0,0,0,0,0,0,0,0,0,0,0,0,0,0,0,0,0,0,0,0,0,0,0,0,0,0,0,0,0,0,0,0,0,0,0,0,0,0,0,,,,,0,F,F,F,F,F,F,F,F,T,T,T,T,T,T,T,0,0,F,0,F,0,F,0,F,0,F,0,F,0,F,0,F,0,F,0,F,0,F,0,F,0,0,0,0,0,0,0,0,0,0,0,0,0,0,0,0,0,0,0,0,0,0,0,0,0,0,0,0,0,0,0,0,0,0,0,0,0,0,0,0,0,0,0,0,0,0,0,0,0,0,0,0,0,0,0,0,0,0,0,0,0,0,0,0,0,0,0,0,0,0,0,0,0,0,0,0,0,0,0,0,0,0,0,0,0,0,0,0,0,0,0,0,0,0
417,2024-02-01,2024-02-29,T,T,T,unknown,115,1908-05-01,Missing,Missing,583,E54000059,North West,0,0,0,0,0,0,0,0,0,0,0,0,0,0,0,0,0,0,0,0,0,0,0,0,0,0,0,0,0,0,0,0,0,0,0,0,0,0,0,0,0,0,0,0,0,0,0,0,0,0,0,0,0,0,0,0,0,0,0,0,0,0,0,0,0,,,,,0,F,F,F,F,F,F,F,F,T,T,T,T,T,F,T,0,0,F,0,F,0,F,0,F,0,F,0,F,0,F,0,F,0,F,0,F,0,F,0,F,0,0,0,0,0,0,0,0,0,0,0,0,0,0,0,0,0,0,0,0,0,0,0,0,0,0,0,0,0,0,0,0,0,0,0,0,0,0,0,0,0,0,0,0,0,0,0,0,0,0,0,0,0,0,0,0,0,0,0,0,0,0,0,0,0,0,0,0,0,0,0,0,0,0,0,0,0,0,0,0,0,0,0,0,0,0,0,0,0,0,0,0,0,0
419,2024-02-01,2024-02-29,T,T,T,female,119,1905-02-01,Missing,White British,498,E54000081,North West,0,0,0,0,0,0,0,0,0,0,0,0,0,0,0,0,0,0,0,0,0,0,0,0,0,0,0,0,0,0,0,0,0,0,0,0,0,0,0,0,0,0,0,0,0,0,0,0,0,0,0,0,0,0,0,0,0,0,0,0,0,0,0,0,0,,,,,0,F,F,F,F,F,F,F,F,T,T,T,T,T,F,T,0,0,F,0,F,0,F,0,F,0,F,0,F,0,F,0,F,0,F,0,F,0,F,0,F,0,0,0,0,0,0,0,0,0,0,0,0,0,0,0,0,0,0,0,0,0,0,0,0,0,0,0,0,0,0,0,0,0,0,0,0,0,0,0,0,0,0,0,0,0,0,0,0,0,0,0,0,0,0,0,0,0,0,0,0,0,0,0,0,0,0,0,0,0,0,0,0,0,0,0,0,0,0,0,0,0,0,0,0,0,0,0,0,0,0,0,0,0,0
420,2024-02-01,2024-02-29,T,T,T,male,9,2014-07-01,5 (Least Deprived),Missing,6,E54000072,South East,0,0,0,0,0,0,0,0,0,0,0,0,0,0,0,0,0,0,0,0,0,0,0,0,0,0,0,0,0,0,0,0,0,0,0,0,0,0,0,0,0,0,0,0,0,0,0,0,0,0,0,0,0,0,0,0,0,0,0,0,0,0,0,0,0,,,,,0,F,F,F,F,F,F,F,T,F,T,T,F,T,F,T,0,0,F,0,F,0,F,0,F,0,F,0,F,0,F,0,F,0,F,0,F,0,F,0,F,0,0,0,0,0,0,0,0,0,0,0,0,0,0,0,0,0,0,0,0,0,0,0,0,0,0,0,0,0,0,0,0,0,0,0,0,0,0,0,0,0,0,0,0,0,0,0,0,0,0,0,0,0,0,0,0,0,0,0,0,0,0,0,0,0,0,0,0,0,0,0,0,0,0,0,0,0,0,0,0,0,0,0,0,0,0,0,0,0,0,0,0,0,0
421,2024-02-01,2024-02-29,T,T,T,male,0,2023-12-01,3,Bangladeshi,258,E54000089,West Midlands,0,0,0,0,0,0,0,0,0,0,0,0,0,0,0,0,0,0,0,0,0,0,0,0,0,0,0,0,0,0,0,0,0,0,0,0,0,0,0,0,0,0,0,0,0,0,0,0,0,0,0,0,0,0,0,0,0,0,0,0,0,0,0,0,0,,,,,0,F,F,F,F,F,F,F,F,F,F,F,F,F,F,F,0,0,F,0,F,0,F,0,F,0,F,0,F,0,F,0,F,0,F,0,F,0,F,0,F,0,0,0,0,0,0,0,0,0,0,0,0,0,0,0,0,0,0,0,0,0,0,0,0,0,0,0,0,0,0,0,0,0,0,0,0,0,0,0,0,0,0,0,0,0,0,0,0,0,0,0,0,0,0,0,0,0,0,0,0,0,0,0,0,0,0,0,0,0,0,0,0,0,0,0,0,0,0,0,0,0,0,0,0,0,0,0,0,0,0,0,0,0,0
422,2024-02-01,2024-02-29,T,T,T,male,8,2015-08-01,5 (Least Deprived),Missing,576,E54000062,East Midlands,0,0,0,0,0,0,0,0,0,0,0,0,0,0,0,0,0,0,0,0,0,0,0,0,0,0,0,0,0,0,0,0,0,0,0,0,0,0,0,0,0,0,0,0,0,0,0,0,0,0,0,0,0,0,0,0,0,0,0,0,0,0,0,0,0,,,,,0,F,F,F,F,F,F,F,T,F,T,T,F,T,F,T,0,0,F,0,F,0,F,0,F,0,F,0,F,0,F,0,F,0,F,0,F,0,F,0,F,0,0,0,0,0,0,0,0,0,0,0,0,0,0,0,0,0,0,0,0,0,0,0,0,0,0,0,0,0,0,0,0,0,0,0,0,0,0,0,0,0,0,0,0,0,0,0,0,0,0,0,0,0,0,0,0,0,0,0,0,0,0,0,0,0,0,0,0,0,0,0,0,0,0,0,0,0,0,0,0,0,0,0,0,0,0,0,0,0,0,0,0,0,0
423,2024-02-01,2024-02-29,T,T,T,female,71,1952-10-01,Missing,Missing,697,E54000099,South West,0,0,0,0,0,0,0,0,0,0,0,0,0,0,0,0,0,0,0,0,0,0,0,0,0,0,0,0,0,0,0,0,0,0,0,0,0,0,0,0,0,0,0,0,0,0,0,0,0,0,0,0,0,0,0,0,0,0,0,0,0,0,0,0,0,,,,,0,F,F,F,F,F,F,F,F,T,T,T,T,T,F,T,1,0,T,0,T,1,T,0,T,0,T,0,T,0,T,0,T,0,T,1,T,0,T,0,T,0,0,0,0,0,0,0,0,0,0,0,0,0,0,0,0,0,0,0,0,0,0,0,0,0,0,0,0,0,0,0,1,1,1,1,1,0,0,0,1,0,1,0,1,0,1,0,0,0,0,0,0,0,0,0,0,0,0,0,0,0,0,0,0,0,0,0,0,0,0,0,0,0,0,0,0,0,0,0,0,0,0,0,0,0,0,0,0,0,0,0,0,0,0
424,2024-02-01,2024-02-29,T,T,T,male,0,2023-09-01,2,White and Asian,525,E54000029,Missing,0,0,0,0,0,0,0,0,0,0,0,0,0,0,0,0,0,0,0,0,0,0,0,0,0,0,0,0,0,0,0,0,0,0,0,0,0,0,0,0,0,0,0,0,0,0,0,0,0,0,0,0,0,0,0,0,0,0,0,0,0,0,0,0,0,,2024-07-24,,,0,F,F,F,F,F,F,F,F,F,F,F,F,F,F,F,0,0,F,0,F,0,F,0,F,0,F,0,F,0,F,0,F,0,F,0,F,0,F,0,F,0,0,0,0,0,0,0,0,0,0,0,0,0,0,0,0,0,0,0,0,0,0,0,0,0,0,0,0,0,0,0,0,0,0,0,0,0,0,0,0,0,0,0,0,0,0,0,0,0,0,0,0,0,0,0,0,0,0,0,0,0,0,0,0,0,0,0,0,0,0,0,0,0,0,0,0,0,0,0,0,0,0,0,0,0,0,0,0,0,0,0,0,0,0
425,2024-02-01,2024-02-29,T,T,T,intersex,38,1986-02-01,Missing,White and Caribbean,402,E54000071,Missing,0,0,0,0,0,0,0,0,0,0,0,0,0,0,0,0,0,0,0,0,0,0,0,0,0,0,0,0,0,0,0,0,0,0,0,0,0,0,0,0,0,0,0,0,0,0,0,0,0,0,0,0,0,0,0,0,0,0,0,0,0,0,0,0,0,,,,,0,F,F,F,F,F,F,F,F,T,T,T,T,T,F,T,0,0,F,0,F,0,F,0,F,0,F,0,F,0,F,0,F,0,F,0,F,0,F,0,F,0,0,0,0,0,0,0,0,0,0,0,0,0,0,0,0,0,0,0,0,0,0,0,0,0,0,0,0,0,0,0,0,0,0,0,0,0,0,0,0,0,0,0,0,0,0,0,0,0,0,0,0,0,0,0,0,0,0,0,0,0,0,0,0,0,0,0,0,0,0,0,0,0,0,0,0,0,0,0,0,0,0,0,0,0,0,0,0,0,0,0,0,0,0
426,2024-02-01,2024-02-29,T,T,T,intersex,111,1912-07-01,Missing,African,78,E54000039,West Midlands,0,0,0,0,0,0,0,0,0,0,0,0,0,0,0,0,0,0,0,0,0,0,0,0,0,0,0,0,0,0,0,0,0,0,0,0,0,0,0,0,0,0,0,0,0,0,0,0,0,0,0,0,0,0,0,0,0,0,0,0,0,0,0,0,0,,,,,0,F,F,F,F,F,F,F,F,T,T,T,T,T,F,T,0,0,F,0,F,0,F,0,F,0,F,0,F,0,F,0,F,0,F,0,F,0,F,0,F,0,0,0,0,0,0,0,0,0,0,0,0,0,0,0,0,0,0,0,0,0,0,0,0,0,0,0,0,0,0,0,0,0,0,0,0,0,0,0,0,0,0,0,0,0,0,0,0,0,0,0,0,0,0,0,0,0,0,0,0,0,0,0,0,0,0,0,0,0,0,0,0,0,0,0,0,0,0,0,0,0,0,0,0,0,0,0,0,0,0,0,0,0,0
427,2024-02-01,2024-02-29,T,T,T,male,32,1992-01-01,Missing,Indian,256,E54000089,East,0,0,0,0,0,0,0,0,0,0,0,0,0,0,0,0,0,0,0,0,0,0,0,0,0,0,0,0,0,0,0,0,0,0,0,0,0,0,0,0,0,0,0,0,0,0,0,0,0,0,0,0,0,0,0,0,0,0,0,0,0,0,0,0,0,,,,,0,F,F,F,F,F,F,F,F,T,T,T,T,T,F,T,0,0,F,0,F,0,F,0,F,0,F,0,F,0,F,0,F,0,F,0,F,0,F,0,F,0,0,0,0,0,0,0,0,0,0,0,0,0,0,0,0,0,0,0,0,0,0,0,0,0,0,0,0,0,0,0,0,0,0,0,0,0,0,0,0,0,0,0,0,0,0,0,0,0,0,0,0,0,0,0,0,0,0,0,0,0,0,0,0,0,0,0,0,0,0,0,0,0,0,0,0,0,0,0,0,0,0,0,0,0,0,0,0,0,0,0,0,0,0
428,2024-02-01,2024-02-29,T,T,T,female,63,1960-12-01,Missing,All other ethnic groups,384,E54000098,East,0,0,0,0,0,0,0,0,0,0,0,0,0,0,0,0,0,0,0,0,0,0,0,0,0,0,0,0,0,0,0,0,0,0,0,0,0,0,0,0,0,0,0,0,0,0,0,0,0,0,0,0,0,0,0,0,0,0,0,0,0,0,0,0,0,,,,,0,F,F,F,F,F,F,F,F,T,T,T,T,T,T,T,0,0,F,0,F,0,F,0,F,0,F,0,F,0,F,0,F,0,F,0,F,0,F,0,F,0,0,0,0,0,0,0,0,0,0,0,0,0,0,0,0,0,0,0,0,0,0,0,0,0,0,0,0,0,0,0,0,0,0,0,0,0,0,0,0,0,0,0,0,0,0,0,0,0,0,0,0,0,0,0,0,0,0,0,0,0,0,0,0,0,0,0,0,0,0,0,0,0,0,0,0,0,0,0,0,0,0,0,0,0,0,0,0,0,0,0,0,0,0
429,2024-02-01,2024-02-29,T,T,T,male,26,1997-09-01,Missing,Other White,434,E54000045,South West,0,0,0,0,0,0,0,0,0,0,0,0,0,0,0,0,0,0,0,0,0,0,0,0,0,0,0,0,0,0,0,0,0,0,0,0,0,0,0,0,0,0,0,0,0,0,0,0,0,0,0,0,0,0,0,0,0,0,0,0,0,0,0,0,0,,,,,0,F,F,F,F,F,F,F,F,T,T,T,T,T,F,T,0,0,F,0,F,0,F,0,F,0,F,0,F,0,F,0,F,0,F,0,F,0,F,0,F,0,0,0,0,0,0,0,0,0,0,0,0,0,0,0,0,0,0,0,0,0,0,0,0,0,0,0,0,0,0,0,0,0,0,0,0,0,0,0,0,0,0,0,0,0,0,0,0,0,0,0,0,0,0,0,0,0,0,0,0,0,0,0,0,0,0,0,0,0,0,0,0,0,0,0,0,0,0,0,0,0,0,0,0,0,0,0,0,0,0,0,0,0,0
430,2024-02-01,2024-02-29,T,T,T,female,0,2023-10-01,2,Chinese,193,E54000093,West Midlands,0,0,0,0,0,0,0,0,0,0,0,0,0,0,0,0,0,0,0,0,0,0,0,0,0,0,0,0,0,0,0,0,0,0,0,0,0,0,0,0,0,0,0,0,0,0,0,0,0,0,0,0,0,0,0,0,0,0,0,0,0,0,0,0,0,,,,,0,F,F,F,F,F,F,F,F,F,F,F,F,F,F,F,0,0,F,0,F,0,F,0,F,0,F,0,F,0,F,0,F,0,F,0,F,0,F,0,F,0,0,0,0,0,0,0,0,0,0,0,0,0,0,0,0,0,0,0,0,0,0,0,0,0,0,0,0,0,0,0,0,0,0,0,0,0,0,0,0,0,0,0,0,0,0,0,0,0,0,0,0,0,0,0,0,0,0,0,0,0,0,0,0,0,0,0,0,0,0,0,0,0,0,0,0,0,0,0,0,0,0,0,0,0,0,0,0,0,0,0,0,0,0
431,2024-02-01,2024-02-29,T,T,T,female,113,1910-07-01,Missing,Indian,462,E54000079,North West,0,0,0,0,0,0,0,0,0,0,0,0,0,0,0,0,0,0,0,0,0,0,0,0,0,0,0,0,0,0,0,0,0,0,0,0,0,0,0,0,0,0,0,0,0,0,0,0,0,0,0,0,0,0,0,0,0,0,0,0,0,0,0,0,0,,,,,0,F,F,F,F,F,F,F,F,T,T,T,T,T,F,T,0,0,F,0,F,0,F,0,F,0,F,0,F,0,F,0,F,0,F,0,F,0,F,0,F,0,0,0,0,0,0,0,0,0,0,0,0,0,0,0,0,0,0,0,0,0,0,0,0,0,0,0,0,0,0,0,0,0,0,0,0,0,0,0,0,0,0,0,0,0,0,0,0,0,0,0,0,0,0,0,0,0,0,0,0,0,0,0,0,0,0,0,0,0,0,0,0,0,0,0,0,0,0,0,0,0,0,0,0,0,0,0,0,0,0,0,0,0,0
432,2024-02-01,2024-02-29,T,T,T,male,96,1927-11-01,Missing,All other ethnic groups,31,E54000038,Missing,0,0,0,0,0,0,0,0,0,0,0,0,0,0,0,0,0,0,0,0,0,0,0,0,0,0,0,0,0,0,0,0,0,0,0,0,0,0,0,0,0,0,0,0,0,0,0,0,0,0,0,0,0,0,0,0,0,0,0,0,0,0,0,0,0,,,,,0,F,F,F,F,F,F,F,F,T,T,T,T,T,F,T,0,0,F,0,F,0,F,0,F,0,F,0,F,0,F,0,F,0,F,0,F,0,F,0,F,0,0,0,0,0,0,0,0,0,0,0,0,0,0,0,0,0,0,0,0,0,0,0,0,0,0,0,0,0,0,0,0,0,0,0,0,0,0,0,0,0,0,0,0,0,0,0,0,0,0,0,0,0,0,0,0,0,0,0,0,0,0,0,0,0,0,0,0,0,0,0,0,0,0,0,0,0,0,0,0,0,0,0,0,0,0,0,0,0,0,0,0,0,0
433,2024-02-01,2024-02-29,T,T,T,intersex,99,1924-08-01,Missing,White Irish,550,E54000031,North East,0,0,0,0,0,0,0,0,0,0,0,0,0,0,0,0,0,0,0,0,0,0,0,0,0,0,0,0,0,0,0,0,0,0,0,0,0,0,0,0,0,0,0,0,0,0,0,0,0,0,0,0,0,0,0,0,0,0,0,0,0,0,0,0,0,,,,,0,F,F,F,F,F,F,F,F,T,T,T,T,T,F,T,0,0,F,0,F,0,F,0,F,0,F,0,F,0,F,0,F,0,F,0,F,0,F,0,F,0,0,0,0,0,0,0,0,0,0,0,0,0,0,0,0,0,0,0,0,0,0,0,0,0,0,0,0,0,0,0,0,0,0,0,0,0,0,0,0,0,0,0,0,0,0,0,0,0,0,0,0,0,0,0,0,0,0,0,0,0,0,0,0,0,0,0,0,0,0,0,0,0,0,0,0,0,0,0,0,0,0,0,0,0,0,0,0,0,0,0,0,0,0
434,2024-02-01,2024-02-29,T,T,T,intersex,26,1997-03-01,Missing,Other South Asian,703,E54000053,Missing,0,0,0,0,0,0,0,0,0,0,0,0,0,0,0,0,0,0,0,0,0,0,0,0,0,0,0,0,0,0,0,0,0,0,0,0,0,0,0,0,0,0,0,0,0,0,0,0,0,0,0,0,0,0,0,0,0,0,0,0,0,0,0,0,0,,,,,0,F,F,F,F,F,F,F,F,T,T,T,T,T,F,T,0,0,F,0,F,0,F,0,F,0,F,0,F,0,F,0,F,0,F,0,F,0,F,0,F,0,0,0,0,0,0,0,0,0,0,0,0,0,0,0,0,0,0,0,0,0,0,0,0,0,0,0,0,0,0,0,0,0,0,0,0,0,0,0,0,0,0,0,0,0,0,0,0,0,0,0,0,0,0,0,0,0,0,0,0,0,0,0,0,0,0,0,0,0,0,0,0,0,0,0,0,0,0,0,0,0,0,0,0,0,0,0,0,0,0,0,0,0,0
435,2024-02-01,2024-02-29,T,T,T,male,11,2012-04-01,1 (Most Deprived),Other White,396,E54000030,Yorkshire and The Humber,0,0,0,0,0,0,0,0,0,0,0,0,0,0,0,0,0,0,0,0,0,0,0,0,0,0,0,0,0,0,0,0,0,0,0,0,0,0,0,0,0,0,0,0,0,0,0,0,0,0,0,0,0,0,0,0,0,0,0,0,0,0,0,0,0,,,,,0,F,F,F,F,F,F,F,T,F,T,T,F,T,F,T,0,0,F,0,F,0,F,0,F,0,F,0,F,0,F,0,F,0,F,0,F,0,F,0,F,0,0,0,0,0,0,0,0,0,0,0,0,0,0,0,0,0,0,0,0,0,0,0,0,0,0,0,0,0,0,0,0,0,0,0,0,0,0,0,0,0,0,0,0,0,0,0,0,0,0,0,0,0,0,0,0,0,0,0,0,0,0,0,0,0,0,0,0,0,0,0,0,0,0,0,0,0,0,0,0,0,0,0,0,0,0,0,0,0,0,0,0,0,0
436,2024-02-01,2024-02-29,T,T,T,male,8,2015-06-01,Missing,Other South Asian,378,E54000055,Missing,0,0,0,0,0,0,0,0,0,0,0,0,0,0,0,0,0,0,0,0,0,0,0,0,0,0,0,0,0,0,0,0,0,0,0,0,0,0,0,0,0,0,0,0,0,0,0,0,0,0,0,0,0,0,0,0,0,0,0,0,0,0,0,0,0,,,,,0,F,F,F,F,F,F,F,T,F,T,T,F,T,F,T,0,0,F,0,F,0,F,0,F,0,F,0,F,0,F,0,F,0,F,0,F,0,F,0,F,0,0,0,0,0,0,0,0,0,0,0,0,0,0,0,0,0,0,0,0,0,0,0,0,0,0,0,0,0,0,0,0,0,0,0,0,0,0,0,0,0,0,0,0,0,0,0,0,0,0,0,0,0,0,0,0,0,0,0,0,0,0,0,0,0,0,0,0,0,0,0,0,0,0,0,0,0,0,0,0,0,0,0,0,0,0,0,0,0,0,0,0,0,0
437,2024-02-01,2024-02-29,T,T,T,intersex,86,1937-12-01,5 (Least Deprived),White and Asian,574,E54000062,North West,0,0,0,0,0,0,0,0,0,0,0,0,0,0,0,0,0,0,0,0,0,0,0,0,0,0,0,0,0,0,0,0,0,0,0,0,0,0,0,0,0,0,0,0,0,0,0,0,0,0,0,0,0,0,0,0,0,0,0,0,0,0,0,0,0,,2024-02-07,,,P-E,T,F,F,F,F,F,F,F,T,T,T,T,T,F,T,0,0,F,0,F,0,F,0,F,0,F,0,F,0,F,0,F,0,F,0,F,0,F,0,F,0,0,0,0,0,0,0,0,0,0,0,0,0,0,0,0,0,0,0,0,0,0,0,0,0,0,0,0,0,0,0,0,0,0,0,0,0,0,0,0,0,0,0,0,0,0,0,0,0,0,0,0,0,0,0,0,0,0,0,0,0,0,0,0,0,0,0,0,0,0,0,0,0,0,0,0,0,0,0,0,0,0,0,0,0,0,0,0,0,0,0,0,0,0
438,2024-02-01,2024-02-29,T,T,T,male,84,1939-12-01,Missing,Missing,356,E54000094,East,0,0,0,0,0,0,0,0,0,0,0,0,0,0,0,0,0,0,0,0,0,0,0,0,0,0,0,0,0,0,0,0,0,0,0,0,0,0,0,0,0,0,0,0,0,0,0,0,0,0,0,0,0,0,0,0,0,0,0,0,0,0,0,0,0,,,,,0,F,F,F,F,F,F,F,F,T,T,T,T,T,F,T,0,0,F,0,F,0,F,0,F,0,F,0,F,0,F,0,F,0,F,0,F,0,F,0,F,0,0,0,0,0,0,0,0,0,0,0,0,0,0,0,0,0,0,0,0,0,0,0,0,0,0,0,0,0,0,0,0,0,0,0,0,0,0,0,0,0,0,0,0,0,0,0,0,0,0,0,0,0,0,0,0,0,0,0,0,0,0,0,0,0,0,0,0,0,0,0,0,0,0,0,0,0,0,0,0,0,0,0,0,0,0,0,0,0,0,0,0,0,0
439,2024-02-01,2024-02-29,T,T,T,intersex,9,2014-07-01,1 (Most Deprived),Missing,402,E54000054,West Midlands,0,0,0,0,0,0,0,0,0,0,0,0,0,0,0,0,0,0,0,0,0,0,0,0,0,0,0,0,0,0,0,0,0,0,0,0,0,0,0,0,0,0,0,0,0,0,0,0,0,0,0,0,0,0,0,0,0,0,0,0,0,0,0,0,0,,,,,0,F,F,F,F,F,F,F,T,F,T,T,F,T,F,T,0,0,F,0,F,0,F,0,F,0,F,0,F,0,F,0,F,0,F,0,F,0,F,0,F,0,0,0,0,0,0,0,0,0,0,0,0,0,0,0,0,0,0,0,0,0,0,0,0,0,0,0,0,0,0,0,0,0,0,0,0,0,0,0,0,0,0,0,0,0,0,0,0,0,0,0,0,0,0,0,0,0,0,0,0,0,0,0,0,0,0,0,0,0,0,0,0,0,0,0,0,0,0,0,0,0,0,0,0,0,0,0,0,0,0,0,0,0,0
440,2024-02-01,2024-02-29,T,T,T,male,10,2014-01-01,Missing,Missing,415,E54000076,Yorkshire and The Humber,0,0,0,0,0,0,0,0,0,0,0,0,0,0,0,0,0,0,0,0,0,0,0,0,0,0,0,0,0,0,0,0,0,0,0,0,0,0,0,0,0,0,0,0,0,0,0,0,0,0,0,0,0,0,0,0,0,0,0,0,0,0,0,0,0,,,,,0,F,F,F,F,F,F,F,T,F,T,T,F,T,F,T,0,0,F,0,F,0,F,0,F,0,F,0,F,0,F,0,F,0,F,0,F,0,F,0,F,0,0,0,0,0,0,0,0,0,0,0,0,0,0,0,0,0,0,0,0,0,0,0,0,0,0,0,0,0,0,0,0,0,0,0,0,0,0,0,0,0,0,0,0,0,0,0,0,0,0,0,0,0,0,0,0,0,0,0,0,0,0,0,0,0,0,0,0,0,0,0,0,0,0,0,0,0,0,0,0,0,0,0,0,0,0,0,0,0,0,0,0,0,0
441,2024-02-01,2024-02-29,T,T,T,female,104,1919-04-01,Missing,Other Mixed,980,E54000076,West Midlands,0,0,0,0,0,0,0,0,0,0,0,0,0,0,0,0,0,0,0,0,0,0,0,0,0,0,0,0,0,0,0,0,0,0,0,0,0,0,0,0,0,0,0,0,0,0,0,0,0,0,0,0,0,0,0,0,0,0,0,0,0,0,0,0,0,,,,,0,F,F,F,F,F,F,F,F,T,T,T,T,T,F,T,0,0,F,0,F,0,F,0,F,0,F,0,F,0,F,0,F,0,F,0,F,0,F,0,F,0,0,0,0,0,0,0,0,0,0,0,0,0,0,0,0,0,0,0,0,0,0,0,0,0,0,0,0,0,0,0,0,0,0,0,0,0,0,0,0,0,0,0,0,0,0,0,0,0,0,0,0,0,0,0,0,0,0,0,0,0,0,0,0,0,0,0,0,0,0,0,0,0,0,0,0,0,0,0,0,0,0,0,0,0,0,0,0,0,0,0,0,0,0
442,2024-02-01,2024-02-29,T,T,T,female,24,1999-06-01,Missing,Missing,889,E54000014,South East,0,0,0,0,0,0,0,0,0,0,0,0,0,0,0,0,0,0,0,0,0,0,0,0,0,0,0,0,0,0,0,0,0,0,0,0,0,0,0,0,0,0,0,0,0,0,0,0,0,0,0,0,0,0,0,0,0,0,0,0,0,0,0,0,0,,,,,0,F,F,F,F,F,F,F,F,T,T,T,T,T,T,T,0,0,F,0,F,0,F,0,F,0,F,0,F,0,F,0,F,0,F,0,F,0,F,0,F,0,0,0,0,0,0,0,0,0,0,0,0,0,0,0,0,0,0,0,0,0,0,0,0,0,0,0,0,0,0,0,0,0,0,0,0,0,0,0,0,0,0,0,0,0,0,0,0,0,0,0,0,0,0,0,0,0,0,0,0,0,0,0,0,0,0,0,0,0,0,0,0,0,0,0,0,0,0,0,0,0,0,0,0,0,0,0,0,0,0,0,0,0,0
443,2024-02-01,2024-02-29,T,T,T,intersex,28,1995-08-01,Missing,Missing,826,E54000093,Yorkshire and The Humber,0,0,0,0,0,0,0,0,0,0,0,0,0,0,0,0,0,0,0,0,0,0,0,0,0,0,0,0,0,0,0,0,0,0,0,0,0,0,0,0,0,0,0,0,0,0,0,0,0,0,0,0,0,0,0,0,0,0,0,0,0,0,0,0,0,,,,,0,F,F,F,F,F,F,F,F,T,T,T,T,T,F,T,0,0,F,0,F,0,F,0,F,0,F,0,F,0,F,0,F,0,F,0,F,0,F,0,F,0,0,0,0,0,0,0,0,0,0,0,0,0,0,0,0,0,0,0,0,0,0,0,0,0,0,0,0,0,0,0,0,0,0,0,0,0,0,0,0,0,0,0,0,0,0,0,0,0,0,0,0,0,0,0,0,0,0,0,0,0,0,0,0,0,0,0,0,0,0,0,0,0,0,0,0,0,0,0,0,0,0,0,0,0,0,0,0,0,0,0,0,0,0
444,2024-02-01,2024-02-29,T,T,T,unknown,40,1983-08-01,Missing,Missing,702,E54000012,South West,0,0,0,0,0,0,0,0,0,0,0,0,0,0,0,0,0,0,0,0,0,0,0,0,0,0,0,0,0,0,0,0,0,0,0,0,0,0,0,0,0,0,0,0,0,0,0,0,0,0,0,0,0,0,0,0,0,0,0,0,0,0,0,0,0,,,,,0,F,F,F,F,F,F,F,F,T,T,T,T,T,F,T,0,0,F,0,F,0,F,0,F,0,F,0,F,0,F,0,F,0,F,0,F,0,F,0,F,0,0,0,0,0,0,0,0,0,0,0,0,0,0,0,0,0,0,0,0,0,0,0,0,0,0,0,0,0,0,0,0,0,0,0,0,0,0,0,0,0,0,0,0,0,0,0,0,0,0,0,0,0,0,0,0,0,0,0,0,0,0,0,0,0,0,0,0,0,0,0,0,0,0,0,0,0,0,0,0,0,0,0,0,0,0,0,0,0,0,0,0,0,0
445,2024-02-01,2024-02-29,T,T,T,unknown,8,2015-05-01,5 (Least Deprived),Missing,952,E54000058,South East,0,0,0,0,0,0,0,0,0,0,0,0,0,0,0,0,0,0,0,0,0,0,0,0,0,0,0,0,0,0,0,0,0,0,0,0,0,0,0,0,0,0,0,0,0,0,0,0,0,0,0,0,0,0,0,0,0,0,0,0,0,0,0,0,0,,2024-03-01,,,P-E,F,F,F,F,F,F,F,T,F,T,T,F,T,F,T,0,0,F,0,F,0,F,0,F,0,F,0,F,0,F,0,F,0,F,0,F,0,F,0,F,0,0,0,0,0,0,0,0,0,0,0,0,0,0,0,0,0,0,0,0,0,0,0,0,0,0,0,0,0,0,0,0,0,0,0,0,0,0,0,0,0,0,0,0,0,0,0,0,0,0,0,0,0,0,0,0,0,0,0,0,0,0,0,0,0,0,0,0,0,0,0,0,0,0,0,0,0,0,0,0,0,0,0,0,0,0,0,0,0,0,0,0,0,0
446,2024-02-01,2024-02-29,T,T,T,male,40,1983-07-01,Missing,Other South Asian,155,E54000009,North East,0,0,0,0,0,0,0,0,0,0,0,0,0,0,0,0,0,0,0,0,0,0,0,0,0,0,0,0,0,0,0,0,0,0,0,0,0,0,0,0,0,0,0,0,0,0,0,0,0,0,0,0,0,0,0,0,0,0,0,0,0,0,0,0,0,,,,,0,F,F,F,F,F,F,F,F,T,T,T,T,T,F,T,0,0,F,0,F,0,F,0,F,0,F,0,F,0,F,0,F,0,F,0,F,0,F,0,F,0,0,0,0,0,0,0,0,0,0,0,0,0,0,0,0,0,0,0,0,0,0,0,0,0,0,0,0,0,0,0,0,0,0,0,0,0,0,0,0,0,0,0,0,0,0,0,0,0,0,0,0,0,0,0,0,0,0,0,0,0,0,0,0,0,0,0,0,0,0,0,0,0,0,0,0,0,0,0,0,0,0,0,0,0,0,0,0,0,0,0,0,0,0
447,2024-02-01,2024-02-29,T,T,T,male,111,1913-02-01,3,Missing,614,E54000078,South East,0,0,0,0,0,0,0,0,0,0,0,0,0,0,0,0,0,0,0,0,0,0,0,0,0,0,0,0,0,0,0,0,0,0,0,0,0,0,0,0,0,0,0,0,0,0,0,0,0,0,0,0,0,0,0,0,0,0,0,0,0,0,0,0,0,,,,,0,F,F,F,F,F,F,F,F,T,T,T,T,T,F,T,0,0,F,0,F,0,F,0,F,0,F,0,F,0,F,0,F,0,F,0,F,0,F,0,F,0,0,0,0,0,0,0,0,0,0,0,0,0,0,0,0,0,0,0,0,0,0,0,0,0,0,0,0,0,0,0,0,0,0,0,0,0,0,0,0,0,0,0,0,0,0,0,0,0,0,0,0,0,0,0,0,0,0,0,0,0,0,0,0,0,0,0,0,0,0,0,0,0,0,0,0,0,0,0,0,0,0,0,0,0,0,0,0,0,0,0,0,0,0
448,2024-02-01,2024-02-29,T,T,T,male,59,1964-10-01,Missing,Missing,542,E54000045,London,0,0,0,0,0,0,0,0,0,0,0,0,0,0,0,0,0,0,0,0,0,0,0,0,0,0,0,0,0,0,0,0,0,0,0,0,0,0,0,0,0,0,0,0,0,0,0,0,0,0,0,0,0,0,0,0,0,0,0,0,0,0,0,0,0,,,,,0,F,F,F,F,F,F,F,F,T,T,T,T,T,F,T,0,0,F,0,F,0,F,0,F,0,F,0,F,0,F,0,F,0,F,0,F,0,F,0,F,0,0,0,0,0,0,0,0,0,0,0,0,0,0,0,0,0,0,0,0,0,0,0,0,0,0,0,0,0,0,0,0,0,0,0,0,0,0,0,0,0,0,0,0,0,0,0,0,0,0,0,0,0,0,0,0,0,0,0,0,0,0,0,0,0,0,0,0,0,0,0,0,0,0,0,0,0,0,0,0,0,0,0,0,0,0,0,0,0,0,0,0,0,0
449,2024-02-01,2024-02-29,T,T,T,unknown,87,1936-09-01,1 (Most Deprived),Other Mixed,206,E54000017,South East,0,0,0,0,0,0,0,0,0,0,0,0,0,0,0,0,0,0,0,0,0,0,0,0,0,0,0,0,0,0,0,0,0,0,0,0,0,0,0,0,0,0,0,0,0,0,0,0,0,0,0,0,0,0,0,0,0,0,0,0,0,0,0,0,0,,,,,0,F,F,F,F,F,F,F,F,T,T,T,T,T,F,T,0,0,F,0,F,0,F,0,F,0,F,0,F,0,F,0,F,0,F,0,F,0,F,0,F,0,0,0,0,0,0,0,0,0,0,0,0,0,0,0,0,0,0,0,0,0,0,0,0,0,0,0,0,0,0,0,0,0,0,0,0,0,0,0,0,0,0,0,0,0,0,0,0,0,0,0,0,0,0,0,0,0,0,0,0,0,0,0,0,0,0,0,0,0,0,0,0,0,0,0,0,0,0,0,0,0,0,0,0,0,0,0,0,0,0,0,0,0,0
450,2024-02-01,2024-02-29,T,T,T,female,8,2015-06-01,Missing,Caribbean,156,E54000030,Yorkshire and The Humber,0,0,0,0,0,0,0,0,0,0,0,0,0,0,0,0,0,0,0,0,0,0,0,0,0,0,0,0,0,0,0,0,0,0,0,0,0,0,0,0,0,0,0,0,0,0,0,0,0,0,0,0,0,0,0,0,0,0,0,0,0,0,0,0,0,,,,,0,F,F,F,F,F,F,F,T,F,T,T,F,T,F,T,0,0,F,0,F,0,F,0,F,0,F,0,F,0,F,0,F,0,F,0,F,0,F,0,F,0,0,0,0,0,0,0,0,0,0,0,0,0,0,0,0,0,0,0,0,0,0,0,0,0,0,0,0,0,0,0,0,0,0,0,0,0,0,0,0,0,0,0,0,0,0,0,0,0,0,0,0,0,0,0,0,0,0,0,0,0,0,0,0,0,0,0,0,0,0,0,0,0,0,0,0,0,0,0,0,0,0,0,0,0,0,0,0,0,0,0,0,0,0
451,2024-02-01,2024-02-29,T,T,T,female,53,1970-07-01,5 (Least Deprived),Missing,977,E54000043,Missing,0,0,0,0,0,0,0,0,0,0,0,0,0,0,0,0,0,0,0,0,0,0,0,0,0,0,0,0,0,0,0,0,0,0,0,0,0,0,0,0,0,0,0,0,0,0,0,0,0,0,0,0,0,0,0,0,0,0,0,0,0,0,0,0,0,,,,,0,F,F,F,F,F,F,F,F,T,T,T,T,T,T,T,0,0,F,0,F,0,F,0,F,0,F,0,F,0,F,0,F,0,F,0,F,0,F,0,F,0,0,0,0,0,0,0,0,0,0,0,0,0,0,0,0,0,0,0,0,0,0,0,0,0,0,0,0,0,0,0,0,0,0,0,0,0,0,0,0,0,0,0,0,0,0,0,0,0,0,0,0,0,0,0,0,0,0,0,0,0,0,0,0,0,0,0,0,0,0,0,0,0,0,0,0,0,0,0,0,0,0,0,0,0,0,0,0,0,0,0,0,0,0
452,2024-02-01,2024-02-29,T,T,T,female,105,1918-05-01,4,Pakistani,633,E54000023,East Midlands,0,0,0,0,0,0,0,0,0,0,0,0,0,0,0,0,0,0,0,0,0,0,0,0,0,0,0,0,0,0,0,0,0,0,0,0,0,0,0,0,0,0,0,0,0,0,0,0,0,0,0,0,0,0,0,0,0,0,0,0,0,0,0,0,0,,,,,0,F,F,F,F,F,F,F,F,T,T,T,T,T,F,T,0,0,F,0,F,0,F,0,F,0,F,0,F,0,F,0,F,0,F,0,F,0,F,0,F,0,0,0,0,0,0,0,0,0,0,0,0,0,0,0,0,0,0,0,0,0,0,0,0,0,0,0,0,0,0,0,0,0,0,0,0,0,0,0,0,0,0,0,0,0,0,0,0,0,0,0,0,0,0,0,0,0,0,0,0,0,0,0,0,0,0,0,0,0,0,0,0,0,0,0,0,0,0,0,0,0,0,0,0,0,0,0,0,0,0,0,0,0,0
453,2024-02-01,2024-02-29,T,T,T,female,10,2013-11-01,5 (Least Deprived),Other White,787,E54000042,North East,0,0,0,0,0,0,0,0,0,0,0,0,0,0,0,0,0,0,0,0,0,0,0,0,0,0,0,0,0,0,0,0,0,0,0,0,0,0,0,0,0,0,0,0,0,0,0,0,0,0,0,0,0,0,0,0,0,0,0,0,0,0,0,0,0,,,,,0,F,F,F,F,F,F,F,T,F,T,T,F,T,F,T,0,0,F,0,F,0,F,0,F,0,F,0,F,0,F,0,F,0,F,0,F,0,F,0,F,0,0,0,0,0,0,0,0,0,0,0,0,0,0,0,0,0,0,0,0,0,0,0,0,0,0,0,0,0,0,0,0,0,0,0,0,0,0,0,0,0,0,0,0,0,0,0,0,0,0,0,0,0,0,0,0,0,1,0,0,0,0,0,0,0,0,0,0,0,0,0,0,0,0,0,0,1,1,0,1,1,0,0,0,0,0,0,0,0,0,0,0,0,1
454,2024-02-01,2024-02-29,T,T,T,intersex,69,1954-11-01,Missing,Other South Asian,644,E54000025,North West,0,0,0,0,0,0,0,0,0,0,0,0,0,0,0,0,0,0,0,0,0,0,0,0,0,0,0,0,0,0,0,0,0,0,0,0,0,0,0,0,0,0,0,0,0,0,0,0,0,0,0,0,0,0,0,0,0,0,0,0,0,0,0,0,0,,,,,0,F,F,F,F,F,F,F,F,T,T,T,T,T,F,T,0,0,F,0,F,0,F,0,F,0,F,0,F,0,F,0,F,0,F,0,F,0,F,0,F,0,0,0,0,0,0,0,0,0,0,0,0,0,0,0,0,0,0,0,0,0,0,0,0,0,0,0,0,0,0,0,0,0,0,0,0,0,0,0,0,0,0,0,0,0,0,0,0,0,0,0,0,0,0,0,0,0,0,0,0,0,0,0,0,0,0,0,0,0,0,0,0,0,0,0,0,0,0,0,0,0,0,0,0,0,0,0,0,0,0,0,0,0,0
455,2024-02-01,2024-02-29,T,T,T,female,38,1985-05-01,3,Other White,258,E54000008,East,0,0,0,0,0,0,0,0,0,0,0,0,0,0,0,0,0,0,0,0,0,0,0,0,0,0,0,0,0,0,0,0,0,0,0,0,0,0,0,0,0,0,0,0,0,0,0,0,0,0,0,0,0,0,0,0,0,0,0,0,0,0,0,0,0,,,,,0,F,F,F,F,F,F,F,F,T,T,T,T,T,T,T,0,0,F,0,F,0,F,0,F,0,F,0,F,0,F,0,F,0,F,0,F,0,F,0,F,0,0,0,0,0,0,0,0,0,0,0,0,0,0,0,0,0,0,0,0,0,0,0,0,0,0,0,0,0,0,0,0,0,0,0,0,0,0,0,0,0,0,0,0,0,0,0,0,0,0,0,0,0,0,0,0,0,0,0,0,0,0,0,0,0,0,0,0,0,0,0,0,0,0,0,0,0,0,0,0,0,0,0,0,0,0,0,0,0,0,0,0,0,0
456,2024-02-01,2024-02-29,T,T,T,male,59,1964-05-01,Missing,Other Mixed,182,E54000025,North West,0,0,0,0,0,0,0,0,0,0,0,0,0,0,0,0,0,0,0,0,0,0,0,0,0,0,0,0,0,0,0,0,0,0,0,0,0,0,0,0,0,0,0,0,0,0,0,0,0,0,0,0,0,0,0,0,0,0,0,0,0,0,0,0,0,,,,,0,F,F,F,F,F,F,F,F,T,T,T,T,T,F,T,0,0,F,0,F,0,F,0,F,0,F,0,F,0,F,0,F,0,F,0,F,0,F,0,F,0,0,0,0,0,0,0,0,0,0,0,0,0,0,0,0,0,0,0,0,0,0,0,0,0,0,0,0,0,0,0,0,0,0,0,0,0,0,0,0,0,0,0,0,0,0,0,0,0,0,0,0,0,0,0,0,0,0,0,0,0,0,0,0,0,0,0,0,0,0,0,0,0,0,0,0,0,0,0,0,0,0,0,0,0,0,0,0,0,0,0,0,0,0
457,2024-02-01,2024-02-29,T,T,T,female,108,1915-06-01,Missing,Missing,669,E54000030,Missing,0,0,0,0,0,0,0,0,0,0,0,0,0,0,0,0,0,0,0,0,0,0,0,0,0,0,0,0,0,0,0,0,0,0,0,0,0,0,0,0,0,0,0,0,0,0,0,0,0,0,0,0,0,0,0,0,0,0,0,0,0,0,0,0,0,,,,,0,F,F,F,F,F,F,F,F,T,T,T,T,T,F,T,0,0,F,0,F,0,F,0,F,0,F,0,F,0,F,0,F,0,F,0,F,0,F,0,F,0,0,0,0,0,0,0,0,0,0,0,0,0,0,0,0,0,0,0,0,0,0,0,0,0,0,0,0,0,0,0,0,0,0,0,0,0,0,0,0,0,0,0,0,0,0,0,0,0,0,0,0,0,0,0,0,0,0,0,0,0,0,0,0,0,0,0,0,0,0,0,0,0,0,0,0,0,0,0,0,0,0,0,0,0,0,0,0,0,0,0,0,0,0
458,2024-02-01,2024-02-29,T,T,T,female,108,1915-05-01,Missing,All other ethnic groups,216,E54000090,South East,0,0,0,0,0,0,0,0,0,0,0,0,0,0,0,0,0,0,0,0,0,0,0,0,0,0,0,0,0,0,0,0,0,0,0,0,0,0,0,0,0,0,0,0,0,0,0,0,0,0,0,0,0,0,0,0,0,0,0,0,0,0,0,0,0,,,,,0,F,F,F,F,F,F,F,F,T,T,T,T,T,F,T,0,0,F,0,F,0,F,0,F,0,F,0,F,0,F,0,F,0,F,0,F,0,F,0,F,0,0,0,0,0,0,0,0,0,0,0,0,0,0,0,0,0,0,0,0,0,0,0,0,0,0,0,0,0,0,0,0,0,0,0,0,0,0,0,0,0,0,0,0,0,0,0,0,0,0,0,0,0,0,0,0,0,0,0,0,0,0,0,0,0,0,0,0,0,0,0,0,0,0,0,0,0,0,0,0,0,0,0,0,0,0,0,0,0,0,0,0,0,0
459,2024-02-01,2024-02-29,T,T,T,intersex,24,1999-04-01,Missing,Other White,696,E54000068,London,0,0,0,0,0,0,0,0,0,0,0,0,0,0,0,0,0,0,0,0,0,0,0,0,0,0,0,0,0,0,0,0,0,0,0,0,0,0,0,0,0,0,0,0,0,0,0,0,0,0,0,0,0,0,0,0,0,0,0,0,0,0,0,0,0,2024-01-23,,,,0-R,F,F,F,F,F,F,F,F,T,T,T,T,T,F,T,0,0,F,0,F,0,F,0,F,0,F,0,F,0,F,0,F,0,F,0,F,0,F,0,F,0,0,0,0,0,0,0,0,0,0,0,0,0,0,0,0,0,0,0,0,0,0,0,0,0,0,0,0,0,0,0,0,0,0,0,0,0,0,0,0,0,0,0,0,0,0,0,0,0,0,0,0,0,0,0,0,0,0,0,0,0,0,0,0,0,0,0,0,0,0,0,0,0,0,0,0,0,0,0,0,0,0,0,0,0,0,0,0,0,0,0,0,0,0
460,2024-02-01,2024-02-29,T,T,T,female,64,1959-05-01,Missing,Missing,378,E54000005,London,0,0,0,0,0,0,0,0,0,0,0,0,0,0,0,0,0,0,0,0,0,0,0,0,0,0,0,0,0,0,0,0,0,0,0,0,0,0,0,0,0,0,0,0,0,0,0,0,0,0,0,0,0,0,0,0,0,0,0,0,0,0,0,0,0,,,,,0,F,F,F,F,F,F,F,F,T,T,T,T,T,T,T,0,0,F,0,F,0,F,0,F,0,F,0,F,0,F,0,F,0,F,0,F,0,F,0,F,0,0,0,0,0,0,0,0,0,0,0,0,0,0,0,0,0,0,0,0,0,0,0,0,0,0,0,0,0,0,0,0,0,0,0,0,0,0,0,0,0,0,0,0,0,0,0,0,0,0,0,0,0,0,0,0,0,0,0,0,0,0,0,0,0,0,0,0,0,0,0,0,0,0,0,0,0,0,0,0,0,0,0,0,0,0,0,0,0,0,0,0,0,0
461,2024-02-01,2024-02-29,T,T,T,female,77,1946-04-01,Missing,African,646,E54000017,Missing,0,0,0,0,0,0,0,0,0,0,0,0,0,0,0,0,0,0,0,0,0,0,0,0,0,0,0,0,0,0,0,0,0,0,0,0,0,0,0,0,0,0,0,0,0,0,0,0,0,0,0,0,0,0,0,0,0,0,0,0,0,0,0,0,0,,,,,0,F,F,F,F,F,F,F,F,T,T,T,T,T,F,T,0,0,F,0,F,0,F,0,F,0,F,0,F,0,F,0,F,0,F,0,F,0,F,0,F,0,0,0,0,0,0,0,0,0,0,0,0,0,0,0,0,0,0,0,0,0,0,0,0,0,0,0,0,0,0,0,0,0,0,0,0,0,0,0,0,0,0,0,0,0,0,0,0,0,0,0,0,0,0,0,0,0,0,0,0,0,0,0,0,0,0,0,0,0,0,0,0,0,0,0,0,0,0,0,0,0,0,0,0,0,0,0,0,0,0,0,0,0,0
462,2024-02-01,2024-02-29,T,T,T,female,69,1954-03-01,Missing,Missing,460,E54000056,West Midlands,0,0,0,0,0,0,0,0,0,0,0,0,0,0,0,0,0,0,0,0,0,0,0,0,0,0,0,0,0,0,0,0,0,0,0,0,0,0,0,0,0,0,0,0,0,0,0,0,0,0,0,0,0,0,0,0,0,0,0,0,0,0,0,0,0,,,,,0,F,F,F,F,F,F,F,F,T,T,T,T,T,F,T,0,0,F,0,F,0,F,0,F,0,F,0,F,0,F,0,F,0,F,0,F,0,F,0,F,0,0,0,0,0,0,0,0,0,0,0,0,0,0,0,0,0,0,0,0,0,0,0,0,0,0,0,0,0,0,0,0,0,0,0,0,0,0,0,0,0,0,0,0,0,0,0,0,0,0,0,0,0,0,0,0,0,0,0,0,0,0,0,0,0,0,0,0,0,0,0,0,0,0,0,0,0,0,0,0,0,0,0,0,0,0,0,0,0,0,0,0,0,0
463,2024-02-01,2024-02-29,T,T,T,intersex,6,2017-06-01,4,Bangladeshi,477,E54000013,Missing,0,0,0,0,0,0,0,0,0,0,0,0,0,0,0,0,0,0,0,0,0,0,0,0,0,0,0,0,0,0,0,0,0,0,0,0,0,0,0,0,0,0,0,0,0,0,0,0,0,0,0,0,0,0,0,0,0,0,0,0,0,0,0,0,0,,,,,0,F,F,F,F,F,F,F,T,F,T,T,F,T,F,T,0,0,F,0,F,0,F,0,F,0,F,0,F,0,F,0,F,0,F,0,F,0,F,0,F,0,0,0,0,0,0,0,0,0,0,0,0,0,0,0,0,0,0,0,0,0,0,0,0,0,0,0,0,0,0,0,0,0,0,0,0,0,0,0,0,0,0,0,0,0,0,0,0,0,0,0,0,0,0,0,0,0,0,0,0,0,0,0,0,0,0,0,0,0,0,0,0,0,0,0,0,0,0,0,0,0,0,0,0,0,0,0,0,0,0,0,0,0,0
464,2024-02-01,2024-02-29,T,T,T,female,74,1949-07-01,Missing,Other Mixed,804,E54000087,South East,0,0,0,0,0,0,0,0,0,0,0,0,0,0,0,0,0,0,0,0,0,0,0,0,0,0,0,0,0,0,0,0,0,0,0,0,0,0,0,0,0,0,0,0,0,0,0,0,0,0,0,0,0,0,0,0,0,0,0,0,0,0,0,0,0,,,,,0,F,F,F,F,F,F,F,F,T,T,T,T,T,F,T,0,0,F,0,F,0,F,0,F,0,F,0,F,0,F,0,F,0,F,0,F,0,F,0,F,0,0,0,0,0,0,0,0,0,0,0,0,0,0,0,0,0,0,0,0,0,0,0,0,0,0,0,0,0,0,0,0,0,0,0,0,0,0,0,0,0,0,0,0,0,0,0,0,0,0,0,0,0,0,0,0,0,0,0,0,0,0,0,0,0,0,0,0,0,0,0,0,0,0,0,0,0,0,0,0,0,0,0,0,0,0,0,0,0,0,0,0,0,0
465,2024-02-01,2024-02-29,T,T,T,male,91,1932-12-01,Missing,White and Caribbean,664,E54000015,Missing,0,0,0,0,0,0,0,0,0,0,0,0,0,0,0,0,0,0,0,0,0,0,0,0,0,0,0,0,0,0,0,0,0,0,0,0,0,0,0,0,0,0,0,0,0,0,0,0,0,0,0,0,0,0,0,0,0,0,0,0,0,0,0,0,0,,,,,0,F,F,F,F,F,F,F,F,T,T,T,T,T,F,T,0,0,F,0,F,0,F,0,F,0,F,0,F,0,F,0,F,0,F,0,F,0,F,0,F,0,0,0,0,0,0,0,0,0,0,0,0,0,0,0,0,0,0,0,0,0,0,0,0,0,0,0,0,0,0,0,0,0,0,0,0,0,0,0,0,0,0,0,0,0,0,0,0,0,0,0,0,0,0,0,0,0,0,0,0,0,0,0,0,0,0,0,0,0,0,0,0,0,0,0,0,0,0,0,0,0,0,0,0,0,0,0,0,0,0,0,0,0,0
467,2024-02-01,2024-02-29,T,T,T,intersex,99,1925-01-01,Missing,Missing,982,E54000008,Missing,0,0,0,0,0,0,0,0,0,0,0,0,0,0,0,0,0,0,0,0,0,0,0,0,0,0,0,0,0,0,0,0,0,0,0,0,0,0,0,0,0,0,0,0,0,0,0,0,0,0,0,0,0,0,0,0,0,0,0,0,0,0,0,0,0,,,,,0,F,F,F,F,F,F,F,F,T,T,T,T,T,F,T,0,0,F,0,F,0,F,0,F,0,F,0,F,0,F,0,F,0,F,0,F,0,F,0,F,0,0,0,0,0,0,0,0,0,0,0,0,0,0,0,0,0,0,0,0,0,0,0,0,0,0,0,0,0,0,0,0,0,0,0,0,0,0,0,0,0,0,0,0,0,0,0,0,0,0,0,0,0,0,0,0,0,0,0,0,0,0,0,0,0,0,0,0,0,0,0,0,0,0,0,0,0,0,0,0,0,0,0,0,0,0,0,0,0,0,0,0,0,0
469,2024-02-01,2024-02-29,T,T,T,female,28,1996-02-01,4,Missing,410,E54000083,London,0,0,0,0,0,0,0,0,0,0,0,0,0,0,0,0,0,0,0,0,0,0,0,0,0,0,0,0,0,0,0,0,0,0,0,0,0,0,0,0,0,0,0,0,0,0,0,0,0,0,0,0,0,0,0,0,0,0,0,0,0,0,0,0,0,,,,,0,F,F,F,F,F,F,F,F,T,T,T,T,T,T,T,0,0,F,0,F,0,F,0,F,0,F,0,F,0,F,0,F,0,F,0,F,0,F,0,F,0,0,0,0,0,0,0,0,0,0,0,0,0,0,0,0,0,0,0,0,0,0,0,0,0,0,0,0,0,0,0,0,0,0,0,0,0,0,0,0,0,0,0,0,0,0,0,0,0,0,0,0,0,0,0,0,0,0,0,0,0,0,0,0,0,0,0,0,0,0,0,0,0,0,0,0,0,0,0,0,0,0,0,0,0,0,0,0,0,0,0,0,0,0
470,2024-02-01,2024-02-29,T,T,T,unknown,24,1999-08-01,Missing,All other ethnic groups,301,E54000066,North West,0,0,0,0,0,0,0,0,0,0,0,0,0,0,0,0,0,0,0,0,0,0,0,0,0,0,0,0,0,0,0,0,0,0,0,0,0,0,0,0,0,0,0,0,0,0,0,0,0,0,0,0,0,0,0,0,0,0,0,0,0,0,0,0,0,,,,,0,F,F,F,F,F,F,F,F,T,T,T,T,T,F,T,0,0,F,0,F,0,F,0,F,0,F,0,F,0,F,0,F,0,F,0,F,0,F,0,F,0,0,0,0,0,0,0,0,0,0,0,0,0,0,0,0,0,0,0,0,0,0,0,0,0,0,0,0,0,0,0,0,0,0,0,0,0,0,0,0,0,0,0,0,0,0,0,0,0,0,0,0,0,0,0,0,0,0,0,0,0,0,0,0,0,0,0,0,0,0,0,0,0,0,0,0,0,0,0,0,0,0,0,0,0,0,0,0,0,0,0,0,0,0
471,2024-02-01,2024-02-29,T,T,T,female,61,1963-01-01,2,Missing,136,E54000084,West Midlands,0,0,0,0,0,0,0,0,0,0,0,0,0,0,0,0,0,0,0,0,0,0,0,0,0,0,0,0,0,0,0,0,0,0,0,0,0,0,0,0,0,0,0,0,0,0,0,0,0,0,0,0,0,0,0,0,0,0,0,0,0,0,0,0,0,,,,,0,F,F,F,F,F,F,F,F,T,T,T,T,T,T,T,0,0,F,0,F,0,F,0,F,0,F,0,F,0,F,0,F,0,F,0,F,0,F,0,F,0,0,0,0,0,0,0,0,0,0,0,0,0,0,0,0,0,0,0,0,0,0,0,0,0,0,0,0,0,0,0,0,0,0,0,0,0,0,0,0,0,0,0,0,0,0,0,0,0,0,0,0,0,0,0,0,0,0,0,0,0,0,0,0,0,0,0,0,0,0,0,0,0,0,0,0,0,0,0,0,0,0,0,0,0,0,0,0,0,0,0,0,0,0
472,2024-02-01,2024-02-29,T,T,T,female,6,2017-08-01,1 (Most Deprived),White Irish,538,E54000080,Yorkshire and The Humber,0,0,0,0,0,0,0,0,0,0,0,0,0,0,0,0,0,0,0,0,0,0,0,0,0,0,0,0,0,0,0,0,0,0,0,0,0,0,0,0,0,0,0,0,0,0,0,0,0,0,0,0,0,0,0,0,0,0,0,0,0,0,0,0,0,,,,,0,F,F,F,F,F,F,F,T,F,T,T,F,T,F,T,0,0,F,0,F,0,F,0,F,0,F,0,F,0,F,0,F,0,F,0,F,0,F,0,F,0,0,0,0,0,0,0,0,0,0,0,0,0,0,0,0,0,0,0,0,0,0,0,0,0,0,0,0,0,0,0,0,0,0,0,0,0,0,0,0,0,0,0,0,0,0,0,0,0,0,0,0,0,0,0,0,0,0,0,0,0,0,0,0,0,0,0,0,0,0,0,0,0,0,0,0,0,0,0,0,0,0,0,0,0,0,0,0,0,0,0,0,0,0
473,2024-02-01,2024-02-29,T,T,T,female,64,1959-04-01,Missing,Missing,209,E54000049,North East,0,0,0,0,0,0,0,0,0,0,0,0,0,0,0,0,0,0,0,0,0,0,0,0,0,0,0,0,0,0,0,0,0,0,0,0,0,0,0,0,0,0,0,0,0,0,0,0,0,0,0,0,0,0,0,0,0,0,0,0,0,0,0,0,0,,,,,0,F,F,F,F,F,F,F,F,T,T,T,T,T,T,T,0,0,F,0,F,0,F,0,F,0,F,0,F,0,F,0,F,0,F,0,F,0,F,0,F,0,0,0,0,0,0,0,0,0,0,0,0,0,0,0,0,0,0,0,0,0,0,0,0,0,0,0,0,0,0,0,0,0,0,0,0,0,0,0,0,0,0,0,0,0,0,0,0,0,0,0,0,0,0,0,0,0,0,0,0,0,0,0,0,0,0,0,0,0,0,0,0,0,0,0,0,0,0,0,0,0,0,0,0,0,0,0,0,0,0,0,0,0,0
474,2024-02-01,2024-02-29,T,T,T,male,98,1925-06-01,Missing,Missing,997,E54000039,Missing,0,0,0,0,0,0,0,0,0,0,0,0,0,0,0,0,0,0,0,0,0,0,0,0,0,0,0,0,0,0,0,0,0,0,0,0,0,0,0,0,0,0,0,0,0,0,0,0,0,0,0,0,0,0,0,0,0,0,0,0,0,0,0,0,0,,,,,0,F,F,F,F,F,F,F,F,T,T,T,T,T,F,T,0,0,F,0,F,0,F,0,F,0,F,0,F,0,F,0,F,0,F,0,F,0,F,0,F,0,0,0,0,0,0,0,0,0,0,0,0,0,0,0,0,0,0,0,0,0,0,0,0,0,0,0,0,0,0,0,0,0,0,0,0,0,0,0,0,0,0,0,0,0,0,0,0,0,0,0,0,0,0,0,0,0,0,0,0,0,0,0,0,0,0,0,0,0,0,0,0,0,0,0,0,0,0,0,0,0,0,0,0,0,0,0,0,0,0,0,0,0,0
475,2024-02-01,2024-02-29,T,T,T,male,114,1909-07-01,Missing,Other White,639,E54000067,Yorkshire and The Humber,0,0,0,0,0,0,0,0,0,0,0,0,0,0,0,0,0,0,0,0,0,0,0,0,0,0,0,0,0,0,0,0,0,0,0,0,0,0,0,0,0,0,0,0,0,0,0,0,0,0,0,0,0,0,0,0,0,0,0,0,0,0,0,0,0,,,,,0,F,F,F,F,F,F,F,F,T,T,T,T,T,F,T,0,0,F,0,F,0,F,0,F,0,F,0,F,0,F,0,F,0,F,0,F,0,F,0,F,0,0,0,0,0,0,0,0,0,0,0,0,0,0,0,0,0,0,0,0,0,0,0,0,0,0,0,0,0,0,0,0,0,0,0,0,0,0,0,0,0,0,0,0,0,0,0,0,0,0,0,0,0,0,0,0,0,0,0,0,0,0,0,0,0,0,0,0,0,0,0,0,0,0,0,0,0,0,0,0,0,0,0,0,0,0,0,0,0,0,0,0,0,0
476,2024-02-01,2024-02-29,T,T,T,intersex,51,1972-11-01,Missing,Missing,405,E54000082,South East,0,0,0,0,0,0,0,0,0,0,0,0,0,0,0,0,0,0,0,0,0,0,0,0,0,0,0,0,0,0,0,0,0,0,0,0,0,0,0,0,0,0,0,0,0,0,0,0,0,0,0,0,0,0,0,0,0,0,0,0,0,0,0,0,0,,,,,0,F,F,F,F,F,F,F,F,T,T,T,T,T,F,T,2,0,T,0,T,0,T,0,T,0,T,0,F,0,T,0,F,0,T,0,T,0,T,0,T,0,0,0,0,0,0,0,0,0,0,0,0,0,0,0,0,0,0,0,0,0,0,0,0,0,0,0,0,0,1,0,2,0,2,0,2,0,0,0,0,0,1,2,2,2,2,0,1,0,0,0,0,0,0,0,0,0,0,0,0,0,0,0,0,0,0,0,0,0,0,0,0,0,0,0,0,0,0,0,0,0,0,0,0,0,0,0,0,0,0,0,0,0,0
477,2024-02-01,2024-02-29,T,T,T,unknown,55,1968-12-01,Missing,Pakistani,820,E54000029,East,0,0,0,0,0,0,0,0,0,0,0,0,0,0,0,0,0,0,0,0,0,0,0,0,0,0,0,0,0,0,0,0,0,0,0,0,0,0,0,0,0,0,0,0,0,0,0,0,0,0,0,0,0,0,0,0,0,0,0,0,0,0,0,0,0,,,,,0,F,F,F,F,F,F,F,F,T,T,T,T,T,F,T,0,0,F,0,F,0,F,0,F,0,F,0,F,0,F,0,F,0,F,0,F,0,F,0,F,0,0,0,0,0,0,0,0,0,0,0,0,0,0,0,0,0,0,0,0,0,0,0,0,0,0,0,0,0,0,0,0,0,0,0,0,0,0,0,0,0,0,0,0,0,0,0,0,0,0,0,0,0,0,0,0,0,0,0,0,0,0,0,0,0,0,0,0,0,0,0,0,0,0,0,0,0,0,0,0,0,0,0,0,0,0,0,0,0,0,0,0,0,0
478,2024-02-01,2024-02-29,T,T,T,female,14,2009-10-01,5 (Least Deprived),Missing,120,E54000056,London,0,0,0,0,0,0,0,0,0,0,0,0,0,0,0,0,0,0,0,0,0,0,0,0,0,0,0,0,0,0,0,0,0,0,0,0,0,0,0,0,0,0,0,0,0,0,0,0,0,0,0,0,0,0,0,0,0,0,0,0,0,0,0,0,0,,,,,0,F,F,F,F,F,F,F,T,T,T,T,F,T,F,T,0,0,F,0,F,0,F,0,F,0,F,0,F,0,F,0,F,0,F,0,F,0,F,0,F,0,0,0,0,0,0,0,0,0,0,0,0,0,0,0,0,0,0,0,0,0,0,0,0,0,0,0,0,0,0,0,0,0,0,0,0,0,0,0,0,0,0,0,0,0,0,0,0,0,0,0,0,0,0,0,0,0,0,0,0,0,0,0,0,0,0,0,0,0,0,0,0,0,0,0,0,0,0,0,0,0,0,0,0,0,0,0,0,0,0,0,0,0,0
479,2024-02-01,2024-02-29,T,T,T,female,80,1943-12-01,5 (Least Deprived),White and Caribbean,58,E54000084,Yorkshire and The Humber,0,0,0,0,0,0,0,0,0,0,0,0,0,0,0,0,0,0,0,0,0,0,0,0,0,0,0,0,0,0,0,0,0,0,0,0,0,0,0,0,0,0,0,0,0,0,0,0,0,0,0,0,0,0,0,0,0,0,0,0,0,0,0,0,0,,,,,0,F,F,F,F,F,F,F,F,T,T,T,T,T,F,T,0,0,F,0,F,0,F,0,F,0,F,0,F,0,F,0,F,0,F,0,F,0,F,0,F,0,0,0,0,0,0,0,0,0,0,0,0,0,0,0,0,0,0,0,0,0,0,0,0,0,0,0,0,0,0,0,0,0,0,0,0,0,0,0,0,0,0,0,0,0,0,0,0,0,0,0,0,0,0,0,0,0,0,0,0,0,0,0,0,0,0,0,0,0,0,0,0,0,0,0,0,0,0,0,0,0,0,0,0,0,0,0,0,0,0,0,0,0,0
480,2024-02-01,2024-02-29,T,T,T,female,27,1996-05-01,1 (Most Deprived),Indian,669,E54000000,Missing,0,0,0,0,0,0,0,0,0,0,0,0,0,0,0,0,0,0,0,0,0,0,0,0,0,0,0,0,0,0,0,0,0,0,0,0,0,0,0,0,0,0,0,0,0,0,0,0,0,0,0,0,0,0,0,0,0,0,0,0,0,0,0,0,0,,2024-08-18,,,0,F,F,F,F,F,F,F,F,T,T,T,T,T,T,T,0,0,F,0,F,0,F,0,F,0,F,0,F,0,F,0,F,0,F,0,F,0,F,0,F,0,0,0,0,0,0,0,0,0,0,0,0,0,0,0,0,0,0,0,0,0,0,0,0,0,0,0,0,0,0,0,0,0,0,0,0,0,0,0,0,0,0,0,0,0,0,0,0,0,0,0,0,0,0,0,0,0,1,0,1,0,0,0,0,0,0,0,0,0,0,0,0,0,0,0,0,0,0,0,0,0,0,0,0,0,0,0,0,0,0,0,0,0,1
481,2024-02-01,2024-02-29,T,T,T,unknown,117,1906-08-01,Missing,Chinese,679,E54000033,South West,0,0,0,0,0,0,0,0,0,0,0,0,0,0,0,0,0,0,0,0,0,0,0,0,0,0,0,0,0,0,0,0,0,0,0,0,0,0,0,0,0,0,0,0,0,0,0,0,0,0,0,0,0,0,0,0,0,0,0,0,0,0,0,0,0,,,,,0,F,F,F,F,F,F,F,F,T,T,T,T,T,F,T,0,0,F,0,F,0,F,0,F,0,F,0,F,0,F,0,F,0,F,0,F,0,F,0,F,0,0,0,0,0,0,0,0,0,0,0,0,0,0,0,0,0,0,0,0,0,0,0,0,0,0,0,0,0,0,0,0,0,0,0,0,0,0,0,0,0,0,0,0,0,0,0,0,0,0,0,0,0,0,0,0,0,0,0,0,0,0,0,0,0,0,0,0,0,0,0,0,0,0,0,0,0,0,0,0,0,0,0,0,0,0,0,0,0,0,0,0,0,0
482,2024-02-01,2024-02-29,T,T,T,intersex,23,2000-07-01,Missing,All other ethnic groups,788,E54000016,East Midlands,0,0,0,0,0,0,0,0,0,0,0,0,0,0,0,0,0,0,0,0,0,0,0,0,0,0,0,0,0,0,0,0,0,0,0,0,0,0,0,0,0,0,0,0,0,0,0,0,0,0,0,0,0,0,0,0,0,0,0,0,0,0,0,0,0,,,,,0,F,F,F,F,F,F,F,F,T,T,T,T,T,F,T,0,0,F,0,F,0,F,0,F,0,F,0,F,0,F,0,F,0,F,0,F,0,F,0,F,0,0,0,0,0,0,0,0,0,0,0,0,0,0,0,0,0,0,0,0,0,0,0,0,0,0,0,0,0,0,0,0,0,0,0,0,0,0,0,0,0,0,0,0,0,0,0,0,0,0,0,0,0,0,0,0,0,0,0,0,0,0,0,0,0,0,0,0,0,0,0,0,0,0,0,0,0,0,0,0,0,0,0,0,0,0,0,0,0,0,0,0,0,0
483,2024-02-01,2024-02-29,T,T,T,male,0,2023-08-01,3,White British,498,E54000092,North West,0,0,0,0,0,0,0,0,0,0,0,0,0,0,0,0,0,0,0,0,0,0,0,0,0,0,0,0,0,0,0,0,0,0,0,0,0,0,0,0,0,0,0,0,0,0,0,0,0,0,0,0,0,0,0,0,0,0,0,0,0,0,0,0,0,,2024-02-29,,,P-E,F,F,F,F,F,F,F,F,F,F,F,F,F,F,F,0,0,F,0,F,0,F,0,F,0,F,0,F,0,F,0,F,0,F,0,F,0,F,0,F,0,0,0,0,0,0,0,0,0,0,0,0,0,0,0,0,0,0,0,0,0,0,0,0,0,0,0,0,0,0,0,0,0,0,0,0,0,0,0,0,0,0,0,0,0,0,0,0,0,0,0,0,0,0,0,1,1,0,0,0,1,0,0,1,0,0,0,0,0,0,0,0,0,0,0,0,0,0,0,0,0,0,0,0,0,0,0,0,0,0,0,0,0,1
484,2024-02-01,2024-02-29,T,T,T,female,71,1952-07-01,Missing,White British,870,E54000024,East,0,0,0,0,0,0,0,0,0,0,0,0,0,0,0,0,0,0,0,0,0,0,0,0,0,0,0,0,0,0,0,0,0,0,0,0,0,0,0,0,0,0,0,0,0,0,0,0,0,0,0,0,0,0,0,0,0,0,0,0,0,0,0,0,0,,,,,0,F,F,F,F,F,F,F,F,T,T,T,T,T,F,T,0,0,F,0,F,0,F,0,F,0,F,0,F,0,F,0,F,0,F,0,F,0,F,0,F,0,0,0,0,0,0,0,0,0,0,0,0,0,0,0,0,0,0,0,0,0,0,0,0,0,0,0,0,0,0,0,0,0,0,0,0,0,0,0,0,0,0,0,0,0,0,0,0,0,0,0,0,0,0,0,0,0,0,0,0,0,0,0,0,0,0,0,0,0,0,0,0,0,0,0,0,0,0,0,0,0,0,0,0,0,0,0,0,0,0,0,0,0,0
485,2024-02-01,2024-02-29,T,T,T,male,4,2019-10-01,Missing,White and African,91,E54000035,East Midlands,0,0,0,0,0,0,0,0,0,0,0,0,0,0,0,0,0,0,0,0,0,0,0,0,0,0,0,0,0,0,0,0,0,0,0,0,0,0,0,0,0,0,0,0,0,0,0,0,0,0,0,0,0,0,0,0,0,0,0,0,0,0,0,0,0,,,,,0,F,F,F,F,F,F,F,T,F,F,T,F,T,F,T,0,0,F,0,F,0,F,0,F,0,F,0,F,0,F,0,F,0,F,0,F,0,F,0,F,0,0,0,0,0,0,0,0,0,0,0,0,0,0,0,0,0,0,0,0,0,0,0,0,0,0,0,0,0,0,0,0,0,0,0,0,0,0,0,0,0,0,0,0,0,0,0,0,0,0,0,0,0,0,0,0,0,0,0,0,0,0,0,0,0,0,0,0,0,0,0,0,0,0,0,0,0,0,0,0,0,0,0,0,0,0,0,0,0,0,0,0,0,0
486,2024-02-01,2024-02-29,T,T,T,male,6,2017-08-01,2,White British,61,E54000072,North West,0,0,0,0,0,0,0,0,0,0,0,0,0,0,0,0,0,0,0,0,0,0,0,0,0,0,0,0,0,0,0,0,0,0,0,0,0,0,0,0,0,0,0,0,0,0,0,0,0,0,0,0,0,0,0,0,0,0,0,0,0,0,0,0,0,,,,,0,F,F,F,F,F,F,F,T,F,T,T,F,T,F,T,0,0,F,0,F,0,F,0,F,0,F,0,F,0,F,0,F,0,F,0,F,0,F,0,F,0,0,0,0,0,0,0,0,0,0,0,0,0,0,0,0,0,0,0,0,0,0,0,0,0,0,0,0,0,0,0,0,0,0,0,0,0,0,0,0,0,0,0,0,0,0,0,0,0,0,0,0,0,0,0,0,0,0,0,0,0,0,0,0,0,0,0,0,0,0,0,0,0,0,0,0,0,0,0,0,0,0,0,0,0,0,0,0,0,0,0,0,0,0
487,2024-02-01,2024-02-29,T,T,T,male,71,1952-07-01,Missing,Missing,950,E54000075,West Midlands,0,0,0,0,0,0,0,0,0,0,0,0,0,0,0,0,0,0,0,0,0,0,0,0,0,0,0,0,0,0,0,0,0,0,0,0,0,0,0,0,0,0,0,0,0,0,0,0,0,0,0,0,0,0,0,0,0,0,0,0,0,0,0,0,0,,,,,0,F,F,F,F,F,F,F,F,T,T,T,T,T,F,T,0,0,F,0,F,0,F,0,F,0,F,0,F,0,F,0,F,0,F,0,F,0,F,0,F,0,0,0,0,0,0,0,0,0,0,0,0,0,0,0,0,0,0,0,0,0,0,0,0,0,0,0,0,0,0,0,0,0,0,0,0,0,0,0,0,0,0,0,0,0,0,0,0,0,0,0,0,0,0,0,0,0,0,0,0,0,0,0,0,0,0,0,0,0,0,0,0,0,0,0,0,0,0,0,0,0,0,0,0,0,0,0,0,0,0,0,0,0,0
488,2024-02-01,2024-02-29,T,T,T,unknown,72,1951-06-01,Missing,White and African,495,E54000059,Missing,0,0,0,0,0,0,0,0,0,0,0,0,0,0,0,0,0,0,0,0,0,0,0,0,0,0,0,0,0,0,0,0,0,0,0,0,0,0,0,0,0,0,0,0,0,0,0,0,0,0,0,0,0,0,0,0,0,0,0,0,0,0,0,0,0,,,,,0,F,F,F,F,F,F,F,F,T,T,T,T,T,F,T,0,0,F,0,F,0,F,0,F,0,F,0,F,0,F,0,F,0,F,0,F,0,F,0,F,0,0,0,0,0,0,0,0,0,0,0,0,0,0,0,0,0,0,0,0,0,0,0,0,0,0,0,0,0,0,0,0,0,0,0,0,0,0,0,0,0,0,0,0,0,0,0,0,0,0,0,0,0,0,0,0,0,0,0,0,0,0,0,0,0,0,0,0,0,0,0,0,0,0,0,0,0,0,0,0,0,0,0,0,0,0,0,0,0,0,0,0,0,0
489,2024-02-01,2024-02-29,T,T,T,male,58,1965-10-01,Missing,Caribbean,104,E54000060,Missing,0,0,0,0,0,0,0,0,0,0,0,0,0,0,0,0,0,0,0,0,0,0,0,0,0,0,0,0,0,0,0,0,0,0,0,0,0,0,0,0,0,0,0,0,0,0,0,0,0,0,0,0,0,0,0,0,0,0,0,0,0,0,0,0,0,,,,,0,F,F,F,F,F,F,F,F,T,T,T,T,T,F,T,0,0,F,0,F,0,F,0,F,0,F,0,F,0,F,0,F,0,F,0,F,0,F,0,F,0,0,0,0,0,0,0,0,0,0,0,0,0,0,0,0,0,0,0,0,0,0,0,0,0,0,0,0,0,0,0,0,0,0,0,0,0,0,0,0,0,0,0,0,0,0,0,0,0,0,0,0,0,0,0,0,0,0,0,0,0,0,0,0,0,0,0,0,0,0,0,0,0,0,0,0,0,0,0,0,0,0,0,0,0,0,0,0,0,0,0,0,0,0
490,2024-02-01,2024-02-29,T,T,T,female,25,1998-06-01,3,Other White,378,E54000088,London,0,0,0,0,0,0,0,0,0,0,0,0,0,0,0,0,0,0,0,0,0,0,0,0,0,0,0,0,0,0,0,0,0,0,0,0,0,0,0,0,0,0,0,0,0,0,0,0,0,0,0,0,0,0,0,0,0,0,0,0,0,0,0,0,0,,,,,0,F,F,F,F,F,F,F,F,T,T,T,T,T,T,T,0,0,F,0,F,0,F,0,F,0,F,0,F,0,F,0,F,0,F,0,F,0,F,0,F,0,0,0,0,0,0,0,0,0,0,0,0,0,0,0,0,0,0,0,0,0,0,0,0,0,0,0,0,0,0,0,0,0,0,0,0,0,0,0,0,0,0,0,0,0,0,0,0,0,0,0,0,0,0,0,0,0,0,0,0,0,0,0,0,0,0,0,0,0,0,0,0,0,0,0,0,0,0,0,0,0,0,0,0,0,0,0,0,0,0,0,0,0,0
491,2024-02-01,2024-02-29,T,T,T,intersex,4,2019-11-01,5 (Least Deprived),Missing,931,E54000028,North East,0,0,0,0,0,0,0,0,0,0,0,0,0,0,0,0,0,0,0,0,0,0,0,0,0,0,0,0,0,0,0,0,0,0,0,0,0,0,0,0,0,0,0,0,0,0,0,0,0,0,0,0,0,0,0,0,0,0,0,0,0,0,0,0,0,,,,,0,F,F,F,F,F,F,F,T,F,F,T,F,T,F,T,0,0,F,0,F,0,F,0,F,0,F,0,F,0,F,0,F,0,F,0,F,0,F,0,F,0,0,0,0,0,0,0,0,0,0,0,0,0,0,0,0,0,0,0,0,0,0,0,0,0,0,0,0,0,0,0,0,0,0,0,0,0,0,0,0,0,0,0,0,0,0,0,0,0,0,0,0,0,0,0,0,0,0,0,0,0,0,0,0,0,0,0,0,0,0,0,0,0,0,0,0,0,0,0,0,0,0,0,0,0,0,0,0,0,0,0,0,0,0
493,2024-02-01,2024-02-29,T,T,T,female,41,1982-06-01,1 (Most Deprived),Missing,855,E54000035,East,0,0,0,0,0,0,0,0,0,0,0,0,0,0,0,0,0,0,0,0,0,0,0,0,0,0,0,0,0,0,0,0,0,0,0,0,0,0,0,0,0,0,0,0,0,0,0,0,0,0,0,0,0,0,0,0,0,0,0,0,0,0,0,0,0,,,,,0,F,F,F,T,F,F,F,F,T,T,T,T,T,F,T,0,0,F,0,F,0,F,0,F,0,F,0,F,0,F,0,F,0,F,0,F,0,F,0,F,0,0,0,0,0,0,0,0,0,0,0,0,0,0,0,0,0,0,0,0,0,0,0,0,0,0,0,0,0,0,0,0,0,0,0,0,0,0,0,0,0,0,0,0,0,0,0,0,0,0,0,0,0,0,0,0,0,0,0,0,0,0,0,0,0,0,0,0,0,0,0,0,0,0,0,0,0,0,0,0,0,0,0,0,0,0,0,0,0,0,0,0,0,0
494,2024-02-01,2024-02-29,T,T,T,intersex,24,2000-01-01,Missing,Missing,967,E54000059,Missing,0,0,0,0,0,0,0,0,0,0,0,0,0,0,0,0,0,0,0,0,0,0,0,0,0,0,0,0,0,0,0,0,0,0,0,0,0,0,0,0,0,0,0,0,0,0,0,0,0,0,0,0,0,0,0,0,0,0,0,0,0,0,0,0,0,,,,,0,F,F,F,F,F,F,F,F,T,T,T,T,T,F,T,1,1,T,0,F,0,T,0,T,0,T,0,F,0,T,0,T,0,T,0,T,0,T,0,F,0,0,0,0,0,0,0,0,0,0,0,0,0,0,0,0,0,0,0,0,0,0,0,0,0,0,0,0,0,0,0,1,0,1,0,1,0,0,0,0,0,1,0,1,0,1,0,0,0,0,0,0,0,0,0,0,0,0,0,0,0,0,0,0,0,0,0,0,0,0,0,0,0,0,0,0,0,0,0,0,0,0,0,0,0,0,0,0,0,0,0,0,0,0
495,2024-02-01,2024-02-29,T,T,T,male,26,1997-07-01,Missing,Caribbean,124,E54000070,Yorkshire and The Humber,0,0,0,0,0,0,0,0,0,0,0,0,0,0,0,0,0,0,0,0,0,0,0,0,0,0,0,0,0,0,0,0,0,0,0,0,0,0,0,0,0,0,0,0,0,0,0,0,0,0,0,0,0,0,0,0,0,0,0,0,0,0,0,0,0,,,,,0,F,F,F,F,F,F,F,F,T,T,T,T,T,F,T,0,0,F,0,F,0,F,0,F,0,F,0,F,0,F,0,F,0,F,0,F,0,F,0,F,0,0,0,0,0,0,0,0,0,0,0,0,0,0,0,0,0,0,0,0,0,0,0,0,0,0,0,0,0,0,0,0,0,0,0,0,0,0,0,0,0,0,0,0,0,0,0,0,0,0,0,0,0,0,0,0,0,0,0,0,0,0,0,0,0,0,0,0,0,0,0,0,0,0,0,0,0,0,0,0,0,0,0,0,0,0,0,0,0,0,0,0,0,0
496,2024-02-01,2024-02-29,T,T,T,intersex,96,1927-08-01,Missing,Missing,229,E54000079,Missing,0,0,0,0,0,0,0,0,0,0,0,0,0,0,0,0,0,0,0,0,0,0,0,0,0,0,0,0,0,0,0,0,0,0,0,0,0,0,0,0,0,0,0,0,0,0,0,0,0,0,0,0,0,0,0,0,0,0,0,0,0,0,0,0,0,,,,,0,F,F,F,F,F,F,F,F,T,T,T,T,T,F,T,0,0,F,0,F,0,F,0,F,0,F,0,F,0,F,0,F,0,F,0,F,0,F,0,F,0,0,0,0,0,0,0,0,0,0,0,0,0,0,0,0,0,0,0,0,0,0,0,0,0,0,0,0,0,0,0,0,0,0,0,0,0,0,0,0,0,0,0,0,0,0,0,0,0,0,0,0,0,0,0,0,0,0,0,0,0,0,0,0,0,0,0,0,0,0,0,0,0,0,0,0,0,0,0,0,0,0,0,0,0,0,0,0,0,0,0,0,0,0
497,2024-02-01,2024-02-29,T,T,T,intersex,14,2009-07-01,Missing,Missing,403,E54000022,South East,0,0,0,0,0,0,0,0,0,0,0,0,0,0,0,0,0,0,0,0,0,0,0,0,0,0,0,0,0,0,0,0,0,0,0,0,0,0,0,0,0,0,0,0,0,0,0,0,0,0,0,0,0,0,0,0,0,0,0,0,0,0,0,0,0,,,,,0,F,F,F,F,F,F,F,T,T,T,T,F,T,F,T,0,0,F,0,F,0,F,0,F,0,F,0,F,0,F,0,F,0,F,0,F,0,F,0,F,0,0,0,0,0,0,0,0,0,0,0,0,0,0,0,0,0,0,0,0,0,0,0,0,0,0,0,0,0,0,0,0,0,0,0,0,0,0,0,0,0,0,0,0,0,0,0,0,0,0,0,0,0,0,0,0,0,0,0,0,0,0,0,0,0,0,0,0,0,0,0,0,0,0,0,0,0,0,0,0,0,0,0,0,0,0,0,0,0,0,0,0,0,0
498,2024-02-01,2024-02-29,T,T,T,female,73,1950-12-01,Missing,Other Mixed,961,E54000035,London,0,0,0,0,0,0,0,0,0,0,0,0,0,0,0,0,0,0,0,0,0,0,0,0,0,0,0,0,0,0,0,0,0,0,0,0,0,0,0,0,0,0,0,0,0,0,0,0,0,0,0,0,0,0,0,0,0,0,0,0,0,0,0,0,0,,,,,0,F,F,F,F,F,F,F,F,T,T,T,T,T,F,T,0,0,F,0,F,0,F,0,F,0,F,0,F,0,F,0,F,0,F,0,F,0,F,0,F,0,0,0,0,0,0,0,0,0,0,0,0,0,0,0,0,0,0,0,0,0,0,0,0,0,0,0,0,0,0,0,0,0,0,0,0,0,0,0,0,0,0,0,0,0,0,0,0,0,0,0,0,0,0,0,0,0,0,0,0,0,0,0,0,0,0,0,0,0,0,0,0,0,0,0,0,0,0,0,0,0,0,0,0,0,0,0,0,0,0,0,0,0,0
499,2024-02-01,2024-02-29,T,T,T,female,51,1972-05-01,5 (Least Deprived),White Irish,712,E54000009,North East,0,0,0,0,0,0,0,0,0,0,0,0,0,0,0,0,0,0,0,0,0,0,0,0,0,0,0,0,0,0,0,0,0,0,0,0,0,0,0,0,0,0,0,0,0,0,0,0,0,0,0,0,0,0,0,0,0,0,0,0,0,0,0,0,0,,,,,0,F,F,F,F,F,F,F,F,T,T,T,T,T,T,T,0,0,F,0,F,0,F,0,F,0,F,0,F,0,F,0,F,0,F,0,F,0,F,0,F,0,0,0,0,0,0,0,0,0,0,0,0,0,0,0,0,0,0,0,0,0,0,0,0,0,0,0,0,0,0,0,0,0,0,0,0,0,0,0,0,0,0,0,0,0,0,0,0,0,0,0,0,0,0,0,0,0,0,0,0,0,0,0,0,0,0,0,0,0,0,0,0,0,0,0,0,0,0,0,0,0,0,0,0,0,0,0,0,0,0,0,0,0,0
500,2024-02-01,2024-02-29,T,T,T,female,95,1928-06-01,Missing,Other Mixed,509,E54000098,West Midlands,0,0,0,0,0,0,0,0,0,0,0,0,0,0,0,0,0,0,0,0,0,0,0,0,0,0,0,0,0,0,0,0,0,0,0,0,0,0,0,0,0,0,0,0,0,0,0,0,0,0,0,0,0,0,0,0,0,0,0,0,0,0,0,0,0,,,,,0,F,F,F,F,F,F,F,F,T,T,T,T,T,F,T,0,0,F,0,F,0,F,0,F,0,F,0,F,0,F,0,F,0,F,0,F,0,F,0,F,0,0,0,0,0,0,0,0,0,0,0,0,0,0,0,0,0,0,0,0,0,0,0,0,0,0,0,0,0,0,0,0,0,0,0,0,0,0,0,0,0,0,0,0,0,0,0,0,0,0,0,0,0,0,0,0,0,0,0,0,0,0,0,0,0,0,0,0,0,0,0,0,0,0,0,0,0,0,0,0,0,0,0,0,0,0,0,0,0,0,0,0,0,0
501,2024-02-01,2024-02-29,T,T,T,female,89,1934-08-01,Missing,Other Mixed,563,E54000042,East Midlands,0,0,0,0,0,0,0,0,0,0,0,0,0,0,0,0,0,0,0,0,0,0,0,0,0,0,0,0,0,0,0,0,0,0,0,0,0,0,0,0,0,0,0,0,0,0,0,0,0,0,0,0,0,0,0,0,0,0,0,0,0,0,0,0,0,,,,,0,F,F,F,F,F,F,F,F,T,T,T,T,T,F,T,0,0,F,0,F,0,F,0,F,0,F,0,F,0,F,0,F,0,F,0,F,0,F,0,F,0,0,0,0,0,0,0,0,0,0,0,0,0,0,0,0,0,0,0,0,0,0,0,0,0,0,0,0,0,0,0,0,0,0,0,0,0,0,0,0,0,0,0,0,0,0,0,0,0,0,0,0,0,0,0,0,0,0,0,0,0,0,0,0,0,0,0,0,0,0,0,0,0,0,0,0,0,0,0,0,0,0,0,0,0,0,0,0,0,0,0,0,0,0
502,2024-02-01,2024-02-29,T,T,T,female,52,1971-05-01,Missing,Missing,927,E54000053,West Midlands,0,0,0,0,0,0,0,0,0,0,0,0,0,0,0,0,0,0,0,0,0,0,0,0,0,0,0,0,0,0,0,0,0,0,0,0,0,0,0,0,0,0,0,0,0,0,0,0,0,0,0,0,0,0,0,0,0,0,0,0,0,0,0,0,0,,,,,0,F,F,F,F,F,F,F,F,T,T,T,T,T,T,T,0,0,F,0,F,0,F,0,F,0,F,0,F,0,F,0,F,0,F,0,F,0,F,0,F,0,0,0,0,0,0,0,0,0,0,0,0,0,0,0,0,0,0,0,0,0,0,0,0,0,0,0,0,0,0,0,0,0,0,0,0,0,0,0,0,0,0,0,0,0,0,0,0,0,0,0,0,0,0,0,0,0,0,0,0,0,0,0,0,0,0,0,0,0,0,0,0,0,0,0,0,0,0,0,0,0,0,0,0,0,0,0,0,0,0,0,0,0,0
503,2024-02-01,2024-02-29,T,T,T,female,17,2006-03-01,Missing,Other White,974,E54000000,North East,0,0,0,0,0,0,0,0,0,0,0,0,0,0,0,0,0,0,0,0,0,0,0,0,0,0,0,0,0,0,0,0,0,0,0,0,0,0,0,0,0,0,0,0,0,0,0,0,0,0,0,0,0,0,0,0,0,0,0,0,0,0,0,0,0,,,,,0,F,F,F,F,F,F,F,T,T,T,T,F,T,T,T,1,0,T,0,T,0,T,0,T,0,T,0,T,0,T,0,T,0,T,0,T,0,T,0,F,0,0,0,0,0,0,0,0,0,0,0,0,0,0,0,0,0,0,0,0,0,0,0,0,0,0,0,0,0,1,0,1,0,1,0,1,0,1,0,0,0,1,1,1,1,1,0,1,0,0,0,0,0,0,0,0,0,0,0,0,0,0,0,0,0,0,0,0,0,0,0,0,0,0,0,0,0,0,0,0,0,0,0,0,0,0,0,0,0,0,0,0,0,0
504,2024-02-01,2024-02-29,T,T,T,female,14,2009-07-01,Missing,Other South Asian,95,E54000089,South West,0,0,0,0,0,0,0,0,0,0,0,0,0,0,0,0,0,0,0,0,0,0,0,0,0,0,0,0,0,0,0,0,0,0,0,0,0,0,0,0,0,0,0,0,0,0,0,0,0,0,0,0,0,0,0,0,0,0,0,0,0,0,0,0,0,,,,,0,F,F,F,F,F,F,F,T,T,T,T,F,T,F,T,0,0,F,0,F,0,F,0,F,0,F,0,F,0,F,0,F,0,F,0,F,0,F,0,F,0,0,0,0,0,0,0,0,0,0,0,0,0,0,0,0,0,0,0,0,0,0,0,0,0,0,0,0,0,0,0,0,0,0,0,0,0,0,0,0,0,0,0,0,0,0,0,0,0,0,0,0,0,0,0,0,0,0,0,0,0,0,0,0,0,0,0,0,0,0,0,0,0,0,0,0,0,0,0,0,0,0,0,0,0,0,0,0,0,0,0,0,0,0
505,2024-02-01,2024-02-29,T,T,T,unknown,64,1959-05-01,Missing,Other South Asian,728,E54000096,Yorkshire and The Humber,0,0,0,0,0,0,0,0,0,0,0,0,0,0,0,0,0,0,0,0,0,0,0,0,0,0,0,0,0,0,0,0,0,0,0,0,0,0,0,0,0,0,0,0,0,0,0,0,0,0,0,0,0,0,0,0,0,0,0,0,0,0,0,0,0,,,,,0,F,F,F,F,F,F,F,F,T,T,T,T,T,F,T,0,0,F,0,F,0,F,0,F,0,F,0,F,0,F,0,F,0,F,0,F,0,F,0,F,0,0,0,0,0,0,0,0,0,0,0,0,0,0,0,0,0,0,0,0,0,0,0,0,0,0,0,0,0,0,0,0,0,0,0,0,0,0,0,0,0,0,0,0,0,0,0,0,0,0,0,0,0,0,0,0,0,0,0,0,0,0,0,0,0,0,0,0,0,0,0,0,0,0,0,0,0,0,0,0,0,0,0,0,0,0,0,0,0,0,0,0,0,0
506,2024-02-01,2024-02-29,T,T,T,intersex,94,1929-10-01,Missing,Missing,264,E54000058,South East,0,0,0,0,0,0,0,0,0,0,0,0,0,0,0,0,0,0,0,0,0,0,0,0,0,0,0,0,0,0,0,0,0,0,0,0,0,0,0,0,0,0,0,0,0,0,0,0,0,0,0,0,0,0,0,0,0,0,0,0,0,0,0,0,0,,,,,0,F,F,F,F,F,F,F,F,T,T,T,T,T,F,T,0,0,F,0,F,0,F,0,F,0,F,0,F,0,F,0,F,0,F,0,F,0,F,0,F,0,0,0,0,0,0,0,0,0,0,0,0,0,0,0,0,0,0,0,0,0,0,0,0,0,0,0,0,0,0,0,0,0,0,0,0,0,0,0,0,0,0,0,0,0,0,0,0,0,0,0,0,0,0,0,0,0,0,0,0,0,0,0,0,0,0,0,0,0,0,0,0,0,0,0,0,0,0,0,0,0,0,0,0,0,0,0,0,0,0,0,0,0,0
507,2024-02-01,2024-02-29,T,T,T,female,59,1964-03-01,Missing,African,714,E54000078,South West,0,0,0,0,0,0,0,0,0,0,0,0,0,0,0,0,0,0,0,0,0,0,0,0,0,0,0,0,0,0,0,0,0,0,0,0,0,0,0,0,0,0,0,0,0,0,0,0,0,0,0,0,0,0,0,0,0,0,0,0,0,0,0,0,0,,,,,0,F,F,F,F,F,F,F,F,T,T,T,T,T,T,T,0,0,F,0,F,0,F,0,F,0,F,0,F,0,F,0,F,0,F,0,F,0,F,0,F,0,0,0,0,0,0,0,0,0,0,0,0,0,0,0,0,0,0,0,0,0,0,0,0,0,0,0,0,0,0,0,0,0,0,0,0,0,0,0,0,0,0,0,0,0,0,0,0,0,0,0,0,0,0,0,0,0,0,0,0,0,0,0,0,0,0,0,0,0,0,0,0,0,0,0,0,0,0,0,0,0,0,0,0,0,0,0,0,0,0,0,0,0,0
508,2024-02-01,2024-02-29,T,T,T,female,80,1943-05-01,3,Other White,227,E54000033,South West,0,0,0,0,0,0,0,0,0,0,0,0,0,0,0,0,0,0,0,0,0,0,0,0,0,0,0,0,0,0,0,0,0,0,0,0,0,0,0,0,0,0,0,0,0,0,0,0,0,0,0,0,0,0,0,0,0,0,0,0,0,0,0,0,0,,,,,0,F,F,F,F,F,F,F,F,T,T,T,T,T,F,T,0,0,F,0,F,0,F,0,F,0,F,0,F,0,F,0,F,0,F,0,F,0,F,0,F,0,0,0,0,0,0,0,0,0,0,0,0,0,0,0,0,0,0,0,0,0,0,0,0,0,0,0,0,0,0,0,0,0,0,0,0,0,0,0,0,0,0,0,0,0,0,0,0,0,0,0,0,0,0,0,0,0,0,0,0,0,0,0,0,0,0,0,0,0,0,0,0,0,0,0,0,0,0,0,0,0,0,0,0,0,0,0,0,0,0,0,0,0,0
509,2024-02-01,2024-02-29,T,T,T,female,64,1960-01-01,Missing,All other ethnic groups,783,E54000071,London,0,0,0,0,0,0,0,0,0,0,0,0,0,0,0,0,0,0,0,0,0,0,0,0,0,0,0,0,0,0,0,0,0,0,0,0,0,0,0,0,0,0,0,0,0,0,0,0,0,0,0,0,0,0,0,0,0,0,0,0,0,0,0,0,0,,,,,0,F,F,F,F,F,F,F,F,T,T,T,T,T,T,T,0,0,F,0,F,0,F,0,F,0,F,0,F,0,F,0,F,0,F,0,F,0,F,0,F,0,0,0,0,0,0,0,0,0,0,0,0,0,0,0,0,0,0,0,0,0,0,0,0,0,0,0,0,0,0,0,0,0,0,0,0,0,0,0,0,0,0,0,0,0,0,0,0,0,0,0,0,0,0,0,0,0,0,0,0,0,0,0,0,0,0,0,0,0,0,0,0,0,0,0,0,0,0,0,0,0,0,0,0,0,0,0,0,0,0,0,0,0,0
510,2024-02-01,2024-02-29,T,T,T,male,37,1986-04-01,Missing,African,483,E54000078,North West,0,0,0,0,0,0,0,0,0,0,0,0,0,0,0,0,0,0,0,0,0,0,0,0,0,0,0,0,0,0,0,0,0,0,0,0,0,0,0,0,0,0,0,0,0,0,0,0,0,0,0,0,0,0,0,0,0,0,0,0,0,0,0,0,0,,,,,0,F,F,F,F,F,F,F,F,T,T,T,T,T,F,T,0,0,F,0,F,0,F,0,F,0,F,0,F,0,F,0,F,0,F,0,F,0,F,0,F,0,0,0,0,0,0,0,0,0,0,0,0,0,0,0,0,0,0,0,0,0,0,0,0,0,0,0,0,0,0,0,0,0,0,0,0,0,0,0,0,0,0,0,0,0,0,0,0,0,0,0,0,0,0,0,0,0,0,0,0,0,0,0,0,0,0,0,0,0,0,0,0,0,0,0,0,0,0,0,0,0,0,0,0,0,0,0,0,0,0,0,0,0,0
511,2024-02-01,2024-02-29,T,T,T,female,79,1945-01-01,Missing,Other Mixed,621,E54000091,Missing,0,0,0,0,0,0,0,0,0,0,0,0,0,0,0,0,0,0,0,0,0,0,0,0,0,0,0,0,0,0,0,0,0,0,0,0,0,0,0,0,0,0,0,0,0,0,0,0,0,0,0,0,0,0,0,0,0,0,0,0,0,0,0,0,0,,,,,0,F,F,F,F,F,F,F,F,T,T,T,T,T,F,T,0,0,F,0,F,0,F,0,F,0,F,0,F,0,F,0,F,0,F,0,F,0,F,0,F,0,0,0,0,0,0,0,0,0,0,0,0,0,0,0,0,0,0,0,0,0,0,0,0,0,0,0,0,0,0,0,0,0,0,0,0,0,0,0,0,0,0,0,0,0,0,0,0,0,0,0,0,0,0,0,0,0,0,0,0,0,0,0,0,0,0,0,0,0,0,0,0,0,0,0,0,0,0,0,0,0,0,0,0,0,0,0,0,0,0,0,0,0,0
512,2024-02-01,2024-02-29,T,T,T,male,25,1999-01-01,Missing,White Irish,897,E54000018,East,0,0,0,0,0,0,0,0,0,0,0,0,0,0,0,0,0,0,0,0,0,0,0,0,0,0,0,0,0,0,0,0,0,0,0,0,0,0,0,0,0,0,0,0,0,0,0,0,0,0,0,0,0,0,0,0,0,0,0,0,0,0,0,0,0,,,,,0,F,F,F,F,F,F,F,F,T,T,T,T,T,F,T,0,0,F,0,F,0,F,0,F,0,F,0,F,0,F,0,F,0,F,0,F,0,F,0,F,0,0,0,0,0,0,0,0,0,0,0,0,0,0,0,0,0,0,0,0,0,0,0,0,0,0,0,0,0,0,0,0,0,0,0,0,0,0,0,0,0,0,0,0,0,0,0,0,0,0,0,0,0,0,0,0,0,0,0,0,0,0,0,0,0,0,0,0,0,0,0,0,0,0,0,0,0,0,0,0,0,0,0,0,0,0,0,0,0,0,0,0,0,0
513,2024-02-01,2024-02-29,T,T,T,male,17,2006-05-01,2,Missing,837,E54000075,West Midlands,0,0,0,0,0,0,0,0,0,0,0,0,0,0,0,0,0,0,0,0,0,0,0,0,0,0,0,0,0,0,0,0,0,0,0,0,0,0,0,0,0,0,0,0,0,0,0,0,0,0,0,0,0,0,0,0,0,0,0,0,0,0,0,0,0,,,,,0,F,F,F,F,F,F,F,T,T,T,T,F,T,F,T,0,0,F,0,F,0,F,0,F,0,F,0,F,0,F,0,F,0,F,0,F,0,F,0,F,0,0,0,0,0,0,0,0,0,0,0,0,0,0,0,0,0,0,0,0,0,0,0,0,0,0,0,0,0,0,0,0,0,0,0,0,0,0,0,0,0,0,0,0,0,0,0,0,0,0,0,0,0,0,0,0,0,0,0,0,0,0,0,0,0,0,0,0,0,0,0,0,0,0,0,0,0,0,0,0,0,0,0,0,0,0,0,0,0,0,0,0,0,0
514,2024-02-01,2024-02-29,T,T,T,unknown,42,1981-08-01,5 (Least Deprived),Chinese,143,E54000052,North East,0,0,0,0,0,0,0,0,0,0,0,0,0,0,0,0,0,0,0,0,0,0,0,0,0,0,0,0,0,0,0,0,0,0,0,0,0,0,0,0,0,0,0,0,0,0,0,0,0,0,0,0,0,0,0,0,0,0,0,0,0,0,0,0,0,,,,,0,F,F,F,F,F,F,F,F,T,T,T,T,T,F,T,0,0,F,0,F,0,F,0,F,0,F,0,F,0,F,0,F,0,F,0,F,0,F,0,F,0,0,0,0,0,0,0,0,0,0,0,0,0,0,0,0,0,0,0,0,0,0,0,0,0,0,0,0,0,0,0,0,0,0,0,0,0,0,0,0,0,0,0,0,0,0,0,0,0,0,0,0,0,0,0,0,0,0,0,0,0,0,0,0,0,0,0,0,0,0,0,0,0,0,0,0,0,0,0,0,0,0,0,0,0,0,0,0,0,0,0,0,0,0
